Index,X,Y,Z,Fx,Fy,Fz,Lx,Ly,Lz,Nx,Ny,Nz
1.0,0.0,0.0,0.0,0.21884726742107585,0.0006980736058769115,0.0,0.0,0.0,0.0,nan,nan,nan
2.0,0.21884726742107585,0.0006980736058769115,0.0,0.21884726742107585,0.002365771743366176,0.0,0.0,0.0,0.0003649711802727432,-0.0031881202160213237,0.9994811315200784,0.03205157757165517
3.0,0.4376945348421517,0.0030638453492430875,0.0,0.21884726742107585,0.004440796269458602,0.0,0.0,0.0,0.0012731980750068236,-0.010787308903831968,0.9978870882410676,0.06407021998071291
4.0,0.6565418022632276,0.007504641618701689,0.0,0.21884726742107585,0.00692314718415419,0.0,0.0,0.0,0.002902965218390837,-0.02019383722712823,0.9951742497842159,0.09602302590768176
5.0,0.8753890696843034,0.01442778880285588,0.0,0.21884726742107574,0.009812824487452933,0.0,0.0,0.0,0.005432557144613371,-0.031359199389028175,0.9912941198923729,0.127877161684506
6.0,1.0942363371053792,0.024240613290308813,0.0,0.21884726742107596,0.013109828179354861,0.0,0.0,0.0,0.009040258387863043,-0.04421950711878271,0.9861909088485385,0.15959989503337924
7.0,1.3130836045264551,0.037350441469663674,0.0,0.21884726742107596,0.016814158259859935,0.0,0.0,0.0,0.013904353482328421,-0.05869410903741864,0.9798027251632415,0.19115862870137232
8.0,1.531930871947531,0.05416459972952361,0.0,0.21884726742107574,0.020925814728968158,0.0,0.0,0.0,0.0202031269621981,-0.0746841545974018,0.9720631208945647,0.2225209339563144
9.0,1.7507781393686068,0.07509041445849177,0.0,0.21884726742107574,0.02544479758667953,0.0,0.0,0.0,0.028114863361660646,-0.09207119950430794,0.962903030571372,0.25365458390950735
10.0,1.9696254067896826,0.1005352120451713,0.0,0.21884726742107574,0.0303711068329941,0.0,0.0,0.0,0.03781784721490475,-0.11071597310035312,0.9522531311297233,0.28452758663103245
11.0,2.1884726742107583,0.1309063188781654,0.0,0.21884726742107619,0.03570474246791194,0.0,0.0,0.0,0.04949036305611915,-0.13045745067155085,0.940046628895747,0.3151082180236207
12.0,2.4073199416318345,0.16661106134607734,0.0,0.21884726742107574,0.0414457044914327,0.0,0.0,0.0,0.06331069541949177,-0.1511123916895407,0.9262224485848063,0.3453650544213076
13.0,2.6261672090529102,0.20805676583751004,0.0,0.21884726742107574,0.04759399290355676,0.0,0.0,0.0,0.07945712883921198,-0.17247551432398023,0.9107287587462813,0.37526700487937414
14.0,2.845014476473986,0.2556507587410668,0.0,0.21884726742107619,0.05414960770428401,0.0,0.0,0.0,0.098107947849468,-0.19432047229670457,0.8935267199010022,0.40478334312239383
15.0,3.063861743895062,0.3098003664453508,0.0,0.21884726742107574,0.06111254889361439,0.0,0.0,0.0,0.1194414369844487,-0.21640177757845258,0.8745942897082353,0.4338837391175581
16.0,3.282709011316138,0.3709129153389652,0.0,0.21884726742107574,0.06848281647154786,0.0,0.0,0.0,0.14363588077834205,-0.23845776805184102,0.8539298700226028,0.46253829024083526
17.0,3.5015562787372136,0.43939573181051306,0.0,0.21884726742107574,0.07626041043808451,0.0,0.0,0.0,0.17086956376533716,-0.2602146520809585,0.831555541739485,0.49071755200393785
18.0,3.7204035461582894,0.5156561422485976,0.0,0.21884726742107574,0.08444533079322436,0.0,0.0,0.0,0.2013207704796226,-0.2813915746724217,0.8075196138941718,0.518392568310525
19.0,3.939250813579365,0.6001014730418219,0.0,0.21884726742107574,0.09303757753696751,0.0,0.0,0.0,0.23516778545538744,-0.30170654982375544,0.7818982218643565,0.5455349012105487
20.0,4.158098081000441,0.6931390505787894,0.0,0.21884726742107574,0.10203715066931351,0.0,0.0,0.0,0.2725888932268185,-0.3208830023487817,0.7547957511898735,0.5721166601221697
21.0,4.376945348421517,0.795176201248103,0.0,0.21884726742107663,0.11144405019026338,0.0,0.0,0.0,0.3137623783281078,-0.3386565746047629,0.7263439390484958,0.598110530491216
22.0,4.595792615842593,0.9066202514383663,0.0,0.21884726742107574,0.12125827609981554,0.0,0.0,0.0,0.3588665252934396,-0.35478179429303663,0.6966996091690957,0.6234898018587335
23.0,4.814639883263669,1.0278785275381819,0.0,0.21884726742107574,0.131479828397971,0.0,0.0,0.0,0.4080796186570044,-0.3690381812699094,0.666041116059427,0.6482283953077883
24.0,5.033487150684745,1.1593583559361529,0.0,0.21884726742107574,0.14210870708473,0.0,0.0,0.0,0.46157994295299265,-0.38123540055025806,0.6345636944555882,0.6723008902613168
25.0,5.2523344181058205,1.3014670630208829,0.0,0.21884726742107574,0.15314491216009185,0.0,0.0,0.0,0.5195457827155898,-0.3912171438454956,0.6024740120098131,0.6956825506034864
26.0,5.471181685526896,1.4546119751809747,0.0,0.21884726742107574,0.164588443624057,0.0,0.0,0.0,0.5821554224789867,-0.3988635332377064,0.5699842919478619,0.7183493500977276
27.0,5.690028952947972,1.6192004188050317,0.0,0.21884726742107574,0.17643930147662523,0.0,0.0,0.0,0.6495871467773708,-0.40409197176251316,0.5373063980665439,0.7402779970753155
28.0,5.908876220369048,1.795639720281657,0.0,0.21884726742107663,0.18869748571779743,0.0,0.0,0.0,0.7220192401449343,-0.40685649765656173,0.5046462551113865,0.7614459583691344
29.0,6.127723487790124,1.9843372059994544,0.0,0.21884726742107574,0.2013629963475716,0.0,0.0,0.0,0.7996299871158585,-0.4071458138689311,0.4721989191758581,0.7818314824680298
30.0,6.3465707552112,2.185700202347026,0.0,0.21884726742107574,0.2144358333659495,0.0,0.0,0.0,0.8825976722243383,-0.4049802488009466,0.44014452713353946,0.8014136218679567
31.0,6.565418022632276,2.4001360357129755,0.0,0.21884726742107574,0.22791599677292984,0.0,0.0,0.0,0.9711005800045551,-0.400407951405098,0.40864525598729134,0.8201722545969559
32.0,6.7842652900533515,2.6280520324859054,0.0,0.21884726742107574,0.24180348656851436,0.0,0.0,0.0,1.065316994990709,-0.3935006338553087,0.3778433267827729,0.8380881048918407
33.0,7.003112557474427,2.8698555190544197,0.0,0.21884726742107574,0.25609830275270173,0.0,0.0,0.0,1.1654252017169804,-0.3843491536426624,0.3478600048492951,0.8551427630053461
34.0,7.221959824895503,3.1259538218071214,0.0,0.21884726742107574,0.27080044532549197,0.0,0.0,0.0,1.2716034847175575,-0.373059183146317,0.3187954857191993,0.8713187041233894
35.0,7.440807092316579,3.3967542671326134,0.0,0.21884726742107574,0.2859099142868855,0.0,0.0,0.0,1.3840301285266314,-0.3597471584924474,0.29072951672564146,0.8865993063730001
36.0,7.6596543597376545,3.682664181419499,0.0,0.21884726742107574,0.30142670963688234,0.0,0.0,0.0,1.502883417678392,-0.3445366399764323,0.2637225867922264,0.9009688679024193
37.0,7.87850162715873,3.9840908910563813,0.0,0.21884726742107574,0.3173508313754829,0.0,0.0,0.0,1.6283416367070302,-0.3275551605518228,0.23781751757431818,0.9144126230158125
38.0,8.097348894579806,4.301441722431864,0.0,0.21884726742107574,0.3336822795026855,0.0,0.0,0.0,1.760583070146721,-0.3089315914414064,0.21304130294526505,0.9269167573460217
39.0,8.316196162000882,4.63512400193455,0.0,0.21884726742107574,0.3504210540184909,0.0,0.0,0.0,1.8997860025316604,-0.2887940169852332,0.18940706578416125,0.9384684220497604
40.0,8.535043429421957,4.9855450559530405,0.0,0.21884726742107574,0.3675671549229014,0.0,0.0,0.0,2.046128718396055,-0.26726808470090896,0.1669160266910564,0.9490557470106686
41.0,8.753890696843033,5.353112210875942,0.0,0.21884726742107752,0.38512058221591694,0.0,0.0,0.0,2.199789502274085,-0.2444757802044267,0.14555940521833824,0.9586678530366607
42.0,8.97273796426411,5.738232793091859,0.0,0.21884726742107574,0.4030813358975287,0.0,0.0,0.0,2.3609466386998896,-0.2205345684347007,0.12532019814708867,0.9672948630390295
43.0,9.191585231685186,6.1413141289893876,0.0,0.21884726742107574,0.42144941596775,0.0,0.0,0.0,2.5297784122077465,-0.19555684061001685,0.10617479992643697,0.9749279121818236
44.0,9.410432499106262,6.5627635449571375,0.0,0.21884726742107574,0.44022482242657013,0.0,0.0,0.0,2.706463107331757,-0.16964960866267415,0.0880944470871497,0.9815591569910653
45.0,9.629279766527338,7.002988367383708,0.0,0.21884726742107574,0.45940755527399446,0.0,0.0,0.0,2.8911790086061595,-0.14291439394707184,0.07104648124577921,0.9871817834144501
46.0,9.848127033948414,7.462395922657702,0.0,0.21884726742107574,0.47899761451002476,0.0,0.0,0.0,3.0841044005651606,-0.11544726352478334,0.05499543458437729,0.9917900138232462
47.0,10.06697430136949,7.941393537167727,0.0,0.21884726742107574,0.4989950001346557,0.0,0.0,0.0,3.285417567742896,-0.08733897436064925,0.03990394795126366,0.9953791129491982
48.0,10.285821568790565,8.440388537302383,0.0,0.21884726742107574,0.5193997121478908,0.0,0.0,0.0,3.49529679467359,-0.05867519267710144,0.02573353556513311,0.9979453927503363
49.0,10.504668836211641,8.959788249450273,0.0,0.21884726742107574,0.5402117505497266,0.0,0.0,0.0,3.7139203658913935,-0.029536762112533234,0.012445212281815294,0.9994862162006879
50.0,10.723516103632717,9.5,0.0,0.0,0.0,0.0,0.0,0.0,0.0,-5.675217308683465e-17,2.2991091896136772e-17,1.0
51.0,10.723516103632717,9.5,0.0,0.037749172176352985,0.0949984166745832,0.0004749960416799981,0.004512462395959982,-0.005093627702117257,0.6600999153541502,nan,nan,nan
52.0,10.76126527580907,9.594998416674583,0.0004749960416799981,0.03774917217635476,0.09498891691208122,0.0014249406258313169,0.013627183689170066,-0.015316233369487729,0.6599976858897922,0.004646579885489894,-0.01538491994998975,0.9998708484266857
53.0,10.799014447985424,9.689987333586664,0.001899936667511315,0.037749172176352985,0.09496991833704449,0.0023747427171070257,0.022830790019135152,-0.025573159875900885,0.6597925200034966,0.00464657988549055,-0.042433957576060395,0.9990884688253592
54.0,10.836763620161777,9.784957251923709,0.004274679384618341,0.03774917217635476,0.09494142284931506,0.003324307336091459,0.032122361032911,-0.03586336719390416,0.6594837211387143,0.004646579885495793,-0.06940078238358366,0.9975780373985357
55.0,10.874512792338132,9.879898674773024,0.007598986720709799,0.037749172176352985,0.09490343329841977,0.004273539527110515,0.04150096758110485,-0.046185804798040055,0.659070603281546,0.0046465798854862335,-0.09623238795591832,0.9953480480734713
56.0,10.912261964514485,9.974802108071444,0.011872526247820314,0.03774917217635476,0.09485595348328069,0.005222344367739884,0.050965671810914555,-0.05653941177218712,0.6585524911007037,0.0046465798854969705,-0.12287708919270379,0.9924110188056641
57.0,10.95001113669084,10.069658061554724,0.017094870615560198,0.037749172176352985,0.09479898815183674,0.006170626978283744,0.0605155272597803,-0.06692311691837269,0.6579287200870052,0.004646579885490742,-0.14928500538193154,0.988783290950795
58.0,10.987760308867193,10.164457049706561,0.023265497593843942,0.037749172176352985,0.09473254300057832,0.007118292531271386,0.07014957895011634,-0.07733583886757098,0.6571986366912912,0.004646579885489492,-0.17540850312020007,0.9844847720145287
59.0,11.025509481043546,10.25918959270714,0.03038379012511533,0.03774917217635476,0.09465662467396463,0.008065246260939074,0.07986686348480077,-0.08777648619213156,0.6563615984614088,0.00464657988549464,-0.2012025904578212,0.9795386296049942
60.0,11.0632586532199,10.353846217381104,0.0384490363860544,0.037749172176352985,0.09457124076376466,0.009011393472700302,0.0896664091434505,-0.09824395751986892,0.6554169741780618,0.004646579885488291,-0.22662525550492998,0.9739709455947302
61.0,11.101007825396254,10.448417458144869,0.047460429858754705,0.03774917217635476,0.09447639980829337,0.009956639552625546,0.09954723597969929,-0.1087371416500441,0.6543641439891881,0.004646579885496522,-0.2516377447647511,0.967810340255299
62.0,11.138756997572608,10.542893857953162,0.05741706941138025,0.037749172176352985,0.09437211129157141,0.010900889976890371,0.10950835591905402,-0.11925491767078493,0.6532024995438039,0.004646579885483006,-0.27620477854697595,0.9610875764482567
63.0,11.176506169748961,10.637265969244734,0.06831795938827062,0.03774917217635476,0.09425838564236955,0.011844050321242527,0.11954877285785595,-0.12979615507849923,0.6519314441238215,0.004646579885492302,-0.3002947028495056,0.9538351538583042
64.0,11.214255341925316,10.731524354887103,0.08016200970951315,0.037749172176352985,0.09413523423314452,0.012786026270434236,0.1296674827627867,-0.14035971389868768,0.6505503927750731,0.004646579885498697,-0.3238795789901305,0.9460869027782509
65.0,11.25200451410167,10.825659589120248,0.09294803597994739,0.037749172176352985,0.09400266937894486,0.013726723627651316,0.13986347377124167,-0.15094444480849778,0.6490587724372072,0.004646579885480321,-0.34693521394009,0.9378775861612815
66.0,11.289753686278022,10.919662258499192,0.1066747596075987,0.03774917217635476,0.09386070433614435,0.014666048323945469,0.15013572629265456,-0.16154918926109646,0.6474560220719082,0.004646579885490603,-0.36944113570805315,0.9292425176142725
67.0,11.327502858454377,11.013522962835337,0.12134080793154417,0.037749172176352985,0.09370935330112395,0.0156039064276286,0.1604832131103206,-0.17217277961139194,0.6457415927901043,0.00464657988549391,-0.3913805192114359,0.9202172017937692
68.0,11.36525203063073,11.10723231613646,0.13694471435917277,0.03774917217635476,0.09354863140887026,0.016540204153673466,0.17090489948419718,-0.18281403924359804,0.6439149479777815,0.004646579885495306,-0.41274006883833336,0.9108370023613971
69.0,11.403001202807085,11.200780947545331,0.15348491851284624,0.037749172176352985,0.09337855473142476,0.01747484787308584,0.18139974325431288,-0.19347178270025372,0.6419755634203208,0.004646579885494279,-0.43350986436232286,0.9011368413265148
70.0,11.440750374983438,11.294159502276756,0.17095976638593208,0.03774917217635476,0.09319914027632592,0.018407744122272474,0.19196669494503238,-0.20414481581295602,0.6399229274258513,0.0046465798854851475,-0.4536831770403883,0.8911509323150076
71.0,11.478499547159792,11.387358642553082,0.18936751050820455,0.037749172176352985,0.09301040598486487,0.01933879961238688,0.20260469787000465,-0.2148319358346152,0.6377565409468025,0.004646579885491471,-0.4732562626404626,0.8809125491028886
72.0,11.516248719336145,11.480369048537947,0.20870631012059143,0.037749172176352985,0.09281237073031257,0.020267921238656172,0.2133126882378053,-0.22553193157324647,0.6354759177001811,0.004646579885495163,-0.4922281378519464,0.8704538296786184
73.0,11.553997891512498,11.57318141926826,0.2289742313592476,0.03774917217635476,0.0926050543160315,0.021195016089690988,0.22408959525830885,-0.23624358352733443,0.633080584286681,0.004646579885491135,-0.5106003460726588,0.8598056151746445
74.0,11.591747063688853,11.66578647358429,0.2501692474489386,0.037749172176352985,0.092388477473488,0.022119991456780674,0.23493434124981635,-0.24696566402278125,0.6305700803080851,0.004646579885493788,-0.5283767179900125,0.8489973222463487
75.0,11.629496235865206,11.758174951057779,0.27228923890571927,0.03774917217635476,0.09216266186018984,0.023042754843155766,0.2458458417467232,-0.2576969373512241,0.6279439584832137,0.004646579885480316,-0.5455631317197531,0.8380568468806296
76.0,11.66724540804156,11.850337612917968,0.29533199374887503,0.037749172176352985,0.09192763005750493,0.02396321397324941,0.25682300560810695,-0.26843615991009967,0.6252017847626157,0.004646579885492916,-0.5621672765753265,0.8270104971783901
77.0,11.704994580217914,11.942265242975473,0.31929520772212444,0.03774917217635476,0.09168340556842303,0.02488127680191554,0.2678647351267265,-0.27918208034393566,0.6223431384415341,0.004646579885493354,-0.5781984238470519,0.8158829523627472
78.0,11.742743752394269,12.033948648543896,0.34417648452404,0.037749172176352985,0.09143001281518259,0.025796851523636533,0.2789699261388359,-0.2899334396872756,0.6193676122715394,0.004646579885495462,-0.5936672072940316,0.8046972451046871
79.0,11.780492924570622,12.125378661359079,0.3699733360476765,0.037749172176352985,0.09116747713686024,0.026709846581700225,0.2901374681345482,-0.3006889715089629,0.6162748125706154,0.004646579885479275,-0.608585415422444,0.7934747642051757
80.0,11.818242096746975,12.21654613849594,0.39668318262937674,0.03774917217635476,0.09089582478678615,0.02762017067736644,0.30136624436903525,-0.3114474020580477,0.6130643593312679,0.004646579885506353,-0.6229657970442133,0.78223527471499
81.0,11.85599126892333,12.307441963282725,0.4243033533067432,0.037749172176352985,0.09061508292998788,0.028527732778979686,0.31265513197396827,-0.32220745041078086,0.6097358863282683,0.00464657988547985,-0.636821881099568,0.7709969526841045
82.0,11.893740441099682,12.398057046212713,0.45283108608572287,0.03774917217635476,0.09032527964040504,0.029432442131089254,0.3240030020700378,-0.3329678286194067,0.6062890412229711,0.004646579885495065,-0.65016781128006,0.7597764318999793
83.0,11.931489613276037,12.488382325853118,0.4822635282168121,0.037749172176352985,0.09002644389813064,0.030334208263511242,0.33540871987965604,-0.3437272418620046,0.6027234856679706,0.004646579885487799,-0.6630181956144119,0.7485888601759827
84.0,11.96923878545239,12.578408769751249,0.5125977364803234,0.03774917217635476,0.08971860558648714,0.03123294100038776,0.34687114484059656,-0.35448438859398185,0.5990388954085768,0.0046465798854988544,-0.6753879708688737,0.7374479629784011
85.0,12.006987957628745,12.668127375337736,0.5438306774807111,0.037749172176352985,0.08940179548905292,0.0321285504691895,0.35838913071985595,-0.3652379607006236,0.5952349603838514,0.00464657988548372,-0.6872922813662754,0.7263661124183232
86.0,12.044737129805098,12.757529170826789,0.5759592279499006,0.037749172176352985,0.08907604528656421,0.0330209471097187,0.369961525728485,-0.375986643651319,0.5913113848248941,0.004646579885496865,-0.6987463716374747,0.7153543998738192
87.0,12.08248630198145,12.846605216113353,0.6089801750596193,0.03774917217635476,0.08874138755378524,0.033910041683053116,0.3815871726365937,-0.3867291166547971,0.5872678873527174,0.004646579885480867,-0.7097654921772865,0.7044227107424221
88.0,12.120235474157806,12.935346603667139,0.6428902167426724,0.037749172176352985,0.08839785575619707,0.03479574528048024,0.39326490888923793,-0.3974640528159236,0.5831042010731109,0.00464657988550495,-0.7203648174801343,0.6935798000462386
89.0,12.157984646334159,13.023744459423336,0.6776859620231527,0.03774917217635476,0.08804548424669711,0.03567796933237399,0.40499356672246417,-0.4081901192934734,0.5788200736707816,0.0046465798854875085,-0.7305593754698799,0.6828333678200174
90.0,12.195733818510513,13.111789943670033,0.7133639313555267,0.037749172176352985,0.08768430826214768,0.03655662561706485,0.41677197328026566,-0.4189059774595258,0.5744152675016017,0.004646579885482703,-0.740363987407977,0.6721901334032867
91.0,12.233482990686866,13.19947425193218,0.7499205569725915,0.03774917217635476,0.08731436391983749,0.0374316262696599,0.428598950731852,-0.42961028305988586,0.5698895596824256,0.0046465798855041636,-0.7497932173603604,0.661655907927804
92.0,12.271232162863221,13.286788615852018,0.7873521832422514,0.037749172176352985,0.08693568821389874,0.03830288379082014,0.44047331638929094,-0.4403016863756853,0.5652427421804388,0.0046465798854888295,-0.7588613303158345,0.651235664446174
93.0,12.308981335039574,13.373724304065917,0.8256550670330716,0.03774917217635476,0.08654831901158566,0.03917031105552016,0.4523938828259213,-0.4509788323863807,0.5604746218993741,0.004646579885487301,-0.767582258080288,0.6409336052788415
94.0,12.346730507215929,13.460272623077502,0.8648253780885917,0.037749172176352985,0.08615229504949262,0.04003382132175637,0.4643594579950363,-0.46164036093381505,0.5555850207650354,0.004646579885489854,-0.7759695721099018,0.6307532262739078
95.0,12.384479679392282,13.546424918126995,0.9048591994103481,0.037749172176352985,0.08574765592969236,0.04089332823922143,0.47636884534908,-0.4722849068874581,0.5505737758083817,0.004646579885484183,-0.7840364624958848,0.6206973777714121
96.0,12.422228851568635,13.632172574056687,0.9457525276495695,0.03774917217635476,0.08533444211574981,0.041748745857941305,0.4884208439593539,-0.48291110031085865,0.5454407392469338,0.004646579885500528,-0.7917957223650464,0.6107683221482447
97.0,12.45997802374499,13.717507016172437,0.9875012735075108,0.037749172176352985,0.08491269492871112,0.042599988636863984,0.5005142486359908,-0.4935175666291087,0.5401857785648796,0.004646579885483865,-0.7992597370175193,0.6009677878872159
98.0,12.497727195921343,13.802419711101148,1.0301012621443748,0.03774917217635476,0.08448245654293807,0.04344697145242571,0.5126478500486716,-0.5041029267976306,0.5348087765902501,0.00464657988550003,-0.8064404771782386,0.5912970201716751
99.0,12.535476368097697,13.886902167644086,1.0735482335968005,0.037749172176352985,0.08404376998191587,0.044289609607045755,0.5248204348472925,-0.5146657974717296,0.5293096315715791,0.004646579885482662,-0.8133494957954336,0.5817568280516199
100.0,12.57322554027405,13.970945937626002,1.1178378432038463,0.03774917217635476,0.08359667911392599,0.04512781883761252,0.5370307857835498,-0.5252047911775831,0.5236882572513203,0.004646579885499504,-0.8199979278736484,0.572347628263008
101.0,12.610974712450405,14.054542616739928,1.1629656620414588,0.037749172176352985,0.08314122864769402,0.04596151532390391,0.549277681832547,-0.5357185164840647,0.5179445829389203,0.004646579885493377,-0.8263964928804269,0.5630694858099649
102.0,12.648723884626758,14.137683845387622,1.2089271773653627,0.03774917217635476,0.0826774641278778,0.04679061569696352,0.5615598983148603,-0.5462055781755346,0.5120785535802533,0.004646579885496433,-0.8325554993155241,0.5539221514390318
103.0,12.686473056803113,14.2203613095155,1.2557177930623262,0.037749172176352985,0.08220543193054475,0.047615037047444186,0.5738762070190635,-0.556664577425863,0.5060901298268692,0.004646579885487324,-0.8384848510764542,0.5449050961503885
104.0,12.724222228979466,14.302566741446045,1.3033328301097704,0.037749172176352985,0.08172517925852851,0.04843469693390001,0.5862253763245708,-0.567094111973307,0.4999792881020735,0.004646579885480857,-0.8441940552979421,0.5360175428985351
105.0,12.761971401155819,14.384291920704573,1.3517675270436704,0.03774917217635476,0.08123675413668963,0.04924951339102557,0.5986061713247531,-0.577492776296332,0.49374602066553397,0.004646579885494099,-0.8496922313803789,0.5272584956425079
106.0,12.799720573332174,14.465528674841263,1.401017040434696,0.037749172176352985,0.08074020540713,0.05005940493785088,0.6110173539503855,-0.5878591617904023,0.4873903356761534,0.004646579885495224,-0.8549881209592834,0.5186267659057727
107.0,12.837469745508526,14.546268880248393,1.4510764453725469,0.03774917217635476,0.08023558272431686,0.050864290585900473,0.6234576830935987,-0.5981918569458303,0.48091225725261644,0.004646579885494065,-0.8600900985991219,0.5101209970067108
108.0,12.875218917684881,14.62650446297271,1.5019407359584473,0.037749172176352985,0.07972293655008933,0.051664089847276884,0.6359259147318087,-0.608489447526257,0.47431182553214946,0.00464657988549627,-0.8650061830242542,0.5017396861173907
109.0,12.912968089861234,14.706227399522799,1.5536048258057242,0.037749172176352985,0.07920231814864742,0.05245872274272201,0.6484208020522493,-0.618750516748294,0.4675890967273354,0.004646579885484589,-0.8697440487259506,0.4934812043038307
110.0,12.950717262037587,14.785429717671446,1.6060635485484462,0.03774917217635476,0.0786737795813881,0.05324810980960959,0.6609410955766316,-0.6289736454618613,0.46074414318065127,0.0046465798854983245,-0.8743110378071889,0.4853438146962252
111.0,12.988466434213942,14.864103497252835,1.6593116583580558,0.037749172176352985,0.0781373737017379,0.0540321721098882,0.6734855432859824,-0.6391574123313656,0.453777053417726,0.0046465798854791055,-0.8787141719482088,0.4773256889302543
112.0,13.026215606390295,14.942240870954572,1.713343830467944,0.03774917217635476,0.07759315414982737,0.054810831237984026,0.6860528907460437,-0.6493003940178226,0.44668793219729985,0.004646579885502874,-0.8829601643934692,0.4694249219945884
113.0,13.06396477856665,15.0198340251044,1.768154661705928,0.037749172176352985,0.07704117534716026,0.05558400932862928,0.6986418812324812,-0.6594011653615748,0.43947690056076816,0.0046465798854902485,-0.887055431877038,0.46163954561195175
114.0,13.101713950743003,15.09687520045156,1.8237386710345573,0.037749172176352985,0.07648149249116543,0.05635162906466351,0.7112512558567864,-0.6694582995660401,0.43214409587838876,0.004646579885482317,-0.8910061064176313,0.4539675402733775
115.0,13.139463122919356,15.173356692942725,1.8800903000992208,0.03774917217635476,0.07591416154965103,0.05711361368474832,0.723879753691957,-0.6794703683818729,0.4246896718938423,0.0046465798854946365,-0.894818046926415,0.44640684603863745
116.0,13.17721229509571,15.249270854492377,1.9372039137839692,0.03774917217635476,0.07533923925524455,0.05786988699106255,0.736526111898811,-0.6894359422922893,0.4171137987672646,0.004646579885498206,-0.8984968505819168,0.4389553722074083
117.0,13.214961467272065,15.324610093747621,1.9950738007750317,0.037749172176352985,0.07475678309969602,0.0586203733569004,0.7491890658519849,-0.6993535906985532,0.40941666311534264,0.004646579885483414,-0.9020478639353574,0.43161100595910085
118.0,13.252710639448418,15.399366876847317,2.053694174131932,0.037749172176352985,0.07416685132813328,0.05936499773425252,0.7618673492666679,-0.7092218821066804,0.40159846804980437,0.0046465798854897124,-0.9054761937176716,0.4243716200524315
119.0,13.290459811624771,15.47353372817545,2.1130591718661846,0.03774917217635476,0.07356950293324438,0.060103685661303086,0.7745596943251003,-0.7190393843144745,0.39365943321396746,0.0046465798854896006,-0.9087867173267931,0.4172350796682359
120.0,13.328208983801126,15.547103231108695,2.1731628575274877,0.037749172176352985,0.07296479764936947,0.06083636326987252,0.7872648318033186,-0.7288046645992433,0.38559979481690154,0.004646579885487461,-0.9119840929792195,0.4101992484735173
121.0,13.365958155977479,15.620068028758064,2.2339992207973602,0.037749172176352985,0.07235279594653399,0.061562957292812026,0.7999814911981838,-0.7385162899062362,0.37741980566541555,0.004646579885491552,-0.9150727695151253,0.4032619939782154
122.0,13.403707328153832,15.692420824704598,2.2955621780901723,0.03774917217635476,0.0717335590243966,0.062283395071324854,0.812708400854358,-0.7481728270375634,0.3691197351942712,0.004646579885497877,-0.918056995850468,0.39642119225059297
123.0,13.441456500330187,15.764154383728995,2.357845573161497,0.03774917217635476,0.07110714880613322,0.0629976045622338,0.8254442880914866,-0.757772842841739,0.3606998694941218,0.004646579885495164,-0.9209408300732548,0.38967473205142805
124.0,13.479205672506541,15.835261532535128,2.420843177723731,0.037749172176352985,0.07047362793224998,0.06370551434518346,0.8381878793314206,-0.7673149044037011,0.35216051133725157,0.004646579885479316,-0.9237281481838855,0.38302051844272983
125.0,13.516954844682894,15.905735160467378,2.4845486920689144,0.037749172176352985,0.06983305975429488,0.06440705362978694,0.8509379002257065,-0.7767975792354574,0.3435019802008916,0.0046465798855028825,-0.9264226524821145,0.3764564759216808
126.0,13.554704016859247,15.975568220221673,2.5489557456987013,0.03774917217635476,0.06918550832856418,0.06510215226269933,0.8636930757828329,-0.7862194354671039,0.33472461228938855,0.004646579885479278,-0.929027879605248,0.3699805511260619
127.0,13.592453189035602,16.044753728550237,2.6140578979614006,0.037749172176352985,0.06853103840965247,0.06579074073463698,0.8764521304959004,-0.7955790420384306,0.3258287605529776,0.004646579885497651,-0.9315472082237465,0.3635907151536069
128.0,13.630202361211955,16.11328476695989,2.6798486386960376,0.03774917217635476,0.067869715444008,0.0664727501873279,0.8892137884700885,-0.8048749688908625,0.316814794705098,0.004646579885500137,-0.933983866401761,0.35728496553393524
129.0,13.66795153338831,16.181154482403898,2.7463213888833655,0.037749172176352985,0.06720160556337618,0.06714811242039165,0.9019767735501777,-0.8141057871598636,0.3076831012376733,0.004646579885487958,-0.9363409386311086,0.35106132788842276
130.0,13.705700705564663,16.248356087967274,2.813469501303757,0.03774917217635476,0.06652677557819331,0.0678167598981716,0.9147398094483448,-0.8232700693678412,0.29843408343358735,0.004646579885484709,-0.9386213725482313,0.34491785730959523
131.0,13.743449877741018,16.314882863545467,2.8812862612019288,0.037749172176352985,0.06584529297088793,0.06847862575647534,0.9275016198716275,-0.832366389617232,0.2890681613775625,0.004646579885499138,-0.9408279853438531,0.33885263948978495
132.0,13.78119904991737,16.380728156516355,2.949764886958404,0.037749172176352985,0.06515722588915551,0.06913364380926756,0.9402609286495937,-0.8413933237840509,0.2795857719645123,0.004646579885489638,-0.9429634698759372,0.3328637916248933
133.0,13.818948222093724,16.44588538240551,3.0188985307676717,0.03774917217635476,0.0644626431391373,0.0697817485552914,0.9530164598620213,-0.8503494497118421,0.26998736890602193,0.0046465798854828854,-0.945030400496359,0.3269494631178639
134.0,13.856697394270078,16.510348025544648,3.088680279322963,0.037749172176352985,0.06376161417851733,0.07042287518460988,0.9657669379664149,-0.8592333474057221,0.2602734227341208,0.004646579885507239,-0.9470312386022895,0.3211078361030467
135.0,13.894446566446431,16.574109639723165,3.159103154507573,0.03774917217635476,0.06305420910961601,0.07105695958509628,0.9785110879255955,-0.868043599226892,0.25044442080340856,0.0046465798854918436,-0.9489683379229439,0.3153371258116191
136.0,13.932195738622786,16.63716384883278,3.2301601140926692,0.037749172176352985,0.06234049867234859,0.0716839383488379,0.9912476353351765,-0.8767787900873059,0.24050086729073028,0.00464657988548449,-0.9508439495525105,0.3096355807957971
137.0,13.96994491079914,16.69950434750513,3.301844052441507,0.03774917217635476,0.0616205542371695,0.07230374877848122,1.0039753065510186,-0.8854375076445558,0.23044328319241236,0.004646579885478029,-0.9526602267400117,0.3040014830276944
138.0,14.007694082975494,16.7611249017423,3.3741478012199884,0.037749172176352985,0.06089444779791009,0.07291632889349975,1.0166928288166464,-0.8940183424970551,0.22027220631961775,0.004646579885509251,-0.9544192294463957,0.29843314788795816
139.0,14.045443255151847,16.82201934954021,3.447064130113488,0.037749172176352985,0.06016225196461633,0.0735216174363913,1.0293989303903885,-0.902519888379232,0.20998819129143154,0.004646579885489324,-0.9561229286793422,0.2929289240566815
140.0,14.0831924273282,16.882181601504826,3.5205857475498794,0.03774917217635476,0.05942403995626577,0.07411955387880909,1.0420923406727125,-0.9109407423571074,0.19959180952563627,0.00464657988547714,-0.9577732106155615,0.2874871933191585
141.0,14.120941599504555,16.94160564146109,3.5947053014286885,0.03774917217635476,0.058679885593438286,0.0747100784276018,1.0547717903330978,-0.9192795050236833,0.18908364922713272,0.0046465798854874955,-0.9593718805205228,0.2821063702965307
142.0,14.15869077168091,17.00028552705453,3.6694153798562903,0.037749172176352985,0.057929863290947736,0.07529313203081323,1.0674360114372639,-0.9275347806948746,0.17846431537433516,0.004646579885508491,-0.9609206664748806,0.27678490211143875
143.0,14.196439943857262,17.058215390345477,3.7447085118871035,0.037749172176352985,0.05717404805040616,0.07586865638356333,1.0800837375735344,-0.9357051776049189,0.16773442970333463,0.004646579885483494,-0.9624212229167759,0.2715212679970863
144.0,14.234189116033615,17.115389438395884,3.820577168270667,0.03774917217635476,0.05641251545270265,0.07643659393390045,1.0927137039799226,-0.9437893081025077,0.1568946306895681,0.00464657988549722,-0.9638751340087409,0.2663139788576624
145.0,14.27193828820997,17.171801953848586,3.8970137622045673,0.037749172176352985,0.05564534165046453,0.07699688788853987,1.105324647670254,-0.9517857888463854,0.14594557352772486,0.004646579885487979,-0.9652839168377257,0.26116157678683566
146.0,14.309687460386323,17.22744729549905,3.974010650093107,0.037749172176352985,0.0548726033604332,0.07754948221855429,1.1179153075606885,-0.9596932410012733,0.13488793010870315,0.004646579885489244,-0.9666490244562478,0.25606263455090883
147.0,14.347436632562676,17.282319898859484,4.0515601323116615,0.03774917217635476,0.05409437785579385,0.0780943216649721,1.1304844245957435,-0.9675102904336662,0.12372238899501531,0.004646579885496723,-0.9679718487724793,0.25101575504210105
148.0,14.38518580473903,17.336414276715278,4.1296544539766336,0.037749172176352985,0.05331074295844118,0.0786313517443018,1.1430307418742045,-0.9752355679075649,0.11244965539355023,0.004646579885507769,-0.9692537232967421,0.24601957070682473
149.0,14.422934976915384,17.38972501967372,4.208285805720935,0.03774917217635476,0.05252177703122385,0.07916051875398278,1.1555530047747458,-0.982867709280115,0.101070451126262,0.004646579885468578,-0.9704959257514556,0.24107274295364328
150.0,14.460684149091739,17.442246796704943,4.287446324474918,0.037749172176352985,0.051727558970075194,0.07968176977775432,1.1680499610815076,-0.9904053556972735,0.08958551459851827,0.004646579885475765,-0.9716996805513309,0.23617396154489426
151.0,14.498433321268092,17.493974355675018,4.3671280942526725,0.03774917217635476,0.05092816819612622,0.08019505269095095,1.1805203611093746,-0.9978471537891933,0.0779956007647512,0.004646579885520028,-0.9728661611603586,0.23132194397522013
152.0,14.536182493444446,17.544902523871144,4.447323146943623,0.037749172176352985,0.05012368464780437,0.08070031616570628,1.1929629578286163,-1.0051917558655166,0.06630148109340217,0.0046465798854779675,-0.9739964923316283,0.22651543484065764
153.0,14.5739316656208,17.59502620851895,4.52802346310933,0.037749172176352985,0.04931418877278304,0.08119750967609463,1.2053765069899915,-1.0124378201105066,0.05450394352723942,0.004646579885497311,-0.9750917522359921,0.22175320520053415
154.0,14.611680837797152,17.64434039729173,4.609220972785424,0.03774917217635476,0.048499761519984474,0.08168658350318037,1.2177597672489058,-1.0195840107779952,0.042603792443711486,0.004646579885483721,-0.9761529744850361,0.21703405193513808
155.0,14.649430009973507,17.692840158811716,4.690907556288605,0.03774917217635476,0.047680484331444006,0.08216748873998903,1.230111500289716,-1.0266289983860535,0.030601848611420013,0.004646579885508359,-0.9771811500537708,0.21235679710091063
156.0,14.687179182149862,17.74052064314316,4.773075045028594,0.03774917217635121,0.04685643913420989,0.08264017729639583,1.2424304709493224,-1.033571459911369,0.018498949145515642,0.004646579885474096,-0.9781772291080278,0.2077202872853499
157.0,14.724928354326213,17.78737708227737,4.8557152223249895,0.03774917217635476,0.04602770833210812,0.08310460190393609,1.254715447340905,-1.0404100789833681,0.006295947459480478,0.0046465798854928445,-0.9791421227413687,0.20312339296322868
158.0,14.762677526502568,17.833404790609478,4.938819824228926,0.03774917217635476,0.04519437479752497,0.0835607161205445,1.2669652009772285,-1.0471435460784113,-0.006006286783591053,0.004646579885518717,-0.9800767046260622,0.19856500785557832
159.0,14.800426698678923,17.878599165407003,5.02238054034947,0.03774917217635476,0.044356521863125664,0.08400847433517189,1.2791785068929715,-1.0537705587127353,-0.018406867723441134,0.004646579885482879,-0.980981812582494,0.19404404829247562
160.0,14.838175870855277,17.92295568727013,5.106389014684642,0.03774917217635121,0.04351423331350901,0.08444783177237358,1.2913541437677674,-1.0602898216361203,-0.030904893356596852,0.004646579885473875,-0.9818582500709735,0.18955945258133
161.0,14.875925043031629,17.966469920583638,5.190836846457016,0.03774917217635476,0.042667593376815915,0.08487874449677069,1.3034908940481134,-1.066700047024322,-0.04349944559334429,0.004646579885506638,-0.9827067876099832,0.18511018038086074
162.0,14.913674215207983,18.009137513960454,5.275715590953786,0.03774917217635476,0.041816686716344975,0.08530116941744836,1.3155875440690143,-1.0729999546716937,-0.056189590315158466,0.004646579885481296,-0.9835281641244139,0.18069521208219055
163.0,14.951423387384338,18.0509542006768,5.361016760371235,0.037749172176352985,0.040961598422047274,0.08571506429227149,1.3276428841756687,-1.0791882721830524,-0.0689743774367676,0.0046465798854958195,-0.98432308822738,0.17631354819718567
164.0,14.989172559560691,18.091915799098846,5.446731824663506,0.037749172176352985,0.04010241400204606,0.08612038773209374,1.3396557088440095,-1.0852637351649825,-0.08185284096865186,0.0046465798854772354,-0.9850922394388152,0.17196420875515914
165.0,15.026921731737044,18.132018213100892,5.5328522123956,0.03774917217635476,0.039239219374056944,0.08651709920490624,1.3516248168015896,-1.0912250874170084,-0.09482399908273242,0.00464657988549809,-0.9858362693440496,0.16764623270796825
166.0,15.064670903913399,18.17125743247495,5.619369311600506,0.037749172176352985,0.03837210085683651,0.08690515903989926,1.3635490111476403,-1.0970710811222153,-0.10788685417931543,0.004646579885475763,-0.986555802695309,0.16335867734400486
167.0,15.102420076089752,18.209629533331785,5.706274470640405,0.037749172176352985,0.03750114516150305,0.08728452843140744,1.3754270994726299,-1.1028004770367823,-0.12104039295790414,0.00464657988550011,-0.9872514384589253,0.159100617711405
168.0,15.140169248266105,18.24713067849329,5.793558999071813,0.03774917217635476,0.03662643938290344,0.08765516944280893,1.3872578939776279,-1.1084120446797392,-0.1342835864883709,0.004646579885495466,-0.9879237508109029,0.15487114605078806
169.0,15.17791842044246,18.283757117876192,5.881214168514622,0.03774917217635476,0.03574807099089128,0.08801704501031526,1.3990402115930844,-1.1139045625217014,-0.1476153902854268,0.004646579885484672,-0.9885732900833901,0.1506693712373865
170.0,15.215667592618814,18.319505188867083,5.969231213524937,0.03774917217635121,0.03486612782156584,0.08837011894666347,1.4107728740969616,-1.1192768181728145,-0.16103474438539833,0.0046465798854955906,-0.989200583664384,0.14649441823294698
171.0,15.253416764795166,18.35437131668865,6.0576013324716005,0.03774917217635476,0.03398069806851822,0.08871435594476118,1.4224547082328607,-1.1245276085706395,-0.17454057342464857,0.004646579885484905,-0.9898061368529314,0.14234542754737162
172.0,15.29116593697152,18.388352014757167,6.146315688416362,0.03774917217635476,0.03309187027397442,0.0890497215811914,1.4340845458270977,-1.1296557401668519,-0.1881317867204102,0.0046465798855096305,-0.990390433671948,0.13822155471003206
173.0,15.328915109147875,18.42144388503114,6.235365409997553,0.037749172176352985,0.0321997333199846,0.08937618231967193,1.4456612239055713,-1.1346600291135007,-0.20180727835382123,0.004646579885480119,-0.9909539376406759,0.13412196975069857
174.0,15.366664281324228,18.453643618351126,6.324741592317225,0.037749172176352985,0.03130437641949513,0.08969370551440115,1.4571835848101586,-1.139539301448438,-0.21556592725561002,0.0046465798854940605,-0.9914970925086326,0.13004585669023022
175.0,15.404413453500581,18.48494799477062,6.414435297831626,0.03774917217635476,0.030405889107449013,0.09000225941332118,1.4686504763143218,-1.1442923932800808,-0.22940659729312546,0.004646579885499288,-0.9920203229528916,0.12599241304066
176.0,15.442162625676936,18.51535388387807,6.504437557244947,0.03774917217635476,0.029504361231829535,0.09030181316130381,1.4800607517385445,-1.1489181509715594,-0.24332813736002262,0.004646579885497121,-0.9925240352403634,0.12196084931466206
177.0,15.47991179785329,18.5448582451099,6.594739370406251,0.037749172176352985,0.028599882944675414,0.09059233680321999,1.491413270064706,-1.1534154313236247,-0.25732938146820883,0.004646579885479683,-0.9930086178566782,0.11795038854424177
178.0,15.517660970029644,18.573458128054575,6.685331707209471,0.037749172176352985,0.027692544693060483,0.09087380128695166,1.5027068960505159,-1.157783101757277,-0.27140914884190875,0.004646579885483232,-0.9934744421031776,0.11396026580851645
179.0,15.555410142205996,18.601150672747636,6.776205508496423,0.03774917217635476,0.026782437210055576,0.09114617846628015,1.513940500342685,-1.1620200404950969,-0.2855662440135739,0.0046465798854839315,-0.9939218626634515,0.10998972777029105
180.0,15.593159314382351,18.62793310995769,6.867351686962703,0.037749172176352985,0.025869651505644242,0.09140944110371674,1.5251129595902295,-1.1661251367421823,-0.2997994569223175,0.004646579885513414,-0.9943512181407553,0.10603803222129118
181.0,15.630908486558704,18.653802761463336,6.95876112806642,0.03774917217635476,0.024954278857638457,0.09166356287321964,1.5362231565565685,-1.1700972908657121,-0.314107563014428,0.004646579885505388,-0.9947628315675835,0.10210444763579904
182.0,15.668657658735059,18.678757040320974,7.050424690939639,0.037749172176352985,0.024036410802544594,0.09190851836281855,1.5472699802311378,-1.173935414573878,-0.3284893233455495,0.004646579885473336,-0.9951570108885823,0.09818825273254171
183.0,15.706406830911412,18.70279345112352,7.142333209302458,0.03774917217635476,0.023116139126404533,0.0921442830771726,1.5582523259408403,-1.1776384310938837,-0.3429434846860032,0.004646579885471245,-0.9955340494179564,0.09428873604441756
184.0,15.744156003087767,18.725909590249923,7.2344774923796304,0.037749172176352985,0.022193555855608338,0.09237083344000485,1.5691690954602966,-1.1812052753488835,-0.35746877962722423,0.004646579885502673,-0.9958942262723965,0.0904051954960149
185.0,15.78190517526412,18.74810314610553,7.326848325819635,0.037749172176352985,0.021268753247728256,0.0925881467964702,1.580019197121595,-1.1846348941339382,-0.37206392669062466,0.004646579885470063,-0.9962378067805638,0.08653693798846711
186.0,15.819654347440473,18.76937189935326,7.4194364726161055,0.03774917217635476,0.020341823782242585,0.09279620141541134,1.5908015459236466,-1.1879262462909623,-0.386727630439099,0.004646579885501683,-0.996565042870043,0.08268327899156497
187.0,15.857403519616827,18.789713723135502,7.512232674031517,0.03774917217635476,0.01941286015133059,0.09299497649154098,1.6015150636405409,-1.1910783028827923,-0.40145858158951897,0.004646579885490844,-0.9968761734326693,0.07884354214269143
188.0,15.895152691793182,18.809126583286833,7.605227650523058,0.037749172176352985,0.018481955250585713,0.0931844521475167,1.6121586789293918,-1.1940900473659177,-0.416255457128364,0.0046465798854838985,-0.9971714246690498,0.07501705885240426
189.0,15.932901863969535,18.82760853853742,7.6984121026705745,0.037749172176352985,0.017549202169707456,0.09336460943593217,1.6227313274376791,-1.1969604757623202,-0.43111692042931243,0.004646579885524391,-0.997451010413062,0.07120316791638445
190.0,15.970651036145888,18.845157740707126,7.791776712106507,0.03774917217635476,0.01661469418324657,0.09353543034120548,1.6332319519091487,-1.199688596830105,-0.4460416213716041,0.004646579885467832,-0.9977151324370624,0.06740121513342902
191.0,16.008400208322243,18.861772434890373,7.885312142447712,0.03774917217635476,0.015678524741208122,0.09369689778139101,1.6436595022902667,-1.2022734322332083,-0.46102819646255727,0.004646579885511739,-0.9979639807384861,0.06361055292922624
192.0,16.046149380498598,18.87745095963158,7.979009040229103,0.03774917217635121,0.014740787459757598,0.09384899560988202,1.6540129358347258,-1.2047140167096528,-0.476075268960308,0.004646579885509335,-0.9981977338084849,0.0598305399856362
193.0,16.08389855267495,18.89219174709134,8.072858035838985,0.03774917217635476,0.013801576111848846,0.09399170861701478,1.664291217207598,-1.2070093982384946,-0.49118144899966065,0.004646579885469572,-0.9984165588831883,0.05606054087520943
194.0,16.121647724851304,18.905993323203187,8.166849744456,0.03774917217635121,0.012860984617834248,0.09412502253161747,1.6744933185894975,-1.209158638206569,-0.5063453337190884,0.004646579885472814,-0.9986206121781559,0.05229992570064596
195.0,16.159396897027655,18.91885430782102,8.260974766987617,0.03774917217635476,0.0119191070360678,0.09424892402240026,1.6846182197787027,-1.2111608115722323,-0.5215655073913322,0.004646579885507869,-0.9988100391065367,0.04854806973882947
196.0,16.19714606920401,18.93077341485709,8.355223691010018,0.03774917217635476,0.0109760375535366,0.09436340069932214,1.6946649082935097,-1.213015007029853,-0.5368405415532986,0.004646579885475478,-0.9989849744814036,0.04480435308937538
197.0,16.234895241380364,18.941749452410626,8.44958709170934,0.03774917217635476,0.010031870476392868,0.09446844111480956,1.7046323794735003,-1.2147203271714024,-0.5521689951410875,0.004646579885503534,-0.9991455427027212,0.041068160327102435
198.0,16.27264441355672,18.95178132288702,8.54405553282415,0.03774917217635476,0.009086700220560573,0.09456403476490927,1.7145196365798512,-1.2162758886476688,-0.5675494146245169,0.0046465798854946954,-0.9992918579293447,0.03733888015843936
199.0,16.310393585733074,18.96086802310758,8.638619567589059,0.03774917217635121,0.008140621302281659,0.09465017209033455,1.7243256908950313,-1.2176808223278082,-0.5829803341447433,0.004646579885477804,-0.9994240242364273,0.033615905081274315
200.0,16.348142757909425,18.96900864440986,8.733269739679393,0.03774917217635476,0.007193728328658722,0.09472684447742985,1.7340495618218856,-1.2189342734576007,-0.5984602756540597,0.004646579885492609,-0.9995421357585779,0.029898631048070046
201.0,16.38589193008578,18.97620237273852,8.827996584156823,0.03774917217635476,0.006246115988187029,0.09479404425901095,1.7436902769813614,-1.2200354018163142,-0.6139877490566445,0.0046465798855272415,-0.9996462768190779,0.026186457131942627
202.0,16.423641102262135,18.982448488726707,8.922790628415834,0.03774917217635121,0.00529787904133272,0.09485176471516432,1.753246872309948,-1.2209833818724678,-0.629561252351617,0.0046465798854619916,-0.9997365220454375,0.02247878519538995
203.0,16.461390274438486,18.98774636776804,9.017642393130998,0.03774917217635476,0.0043491123109831165,0.09490000007388666,1.762718392156119,-1.2217774029373916,-0.6451792717793723,0.004646579885503514,-0.9998129364715357,0.018775019561450838
204.0,16.49913944661484,18.992095480079023,9.112542393204885,0.03774917217635476,0.0033999106730284723,0.09493874551168702,1.7721038893758019,-1.2224166693185798,-0.6608402819669412,0.004646579885487162,-0.9998755756265715,0.01507456668697221
205.0,16.536888618791195,18.99549539075205,9.207481138716572,0.03774917217635476,0.0024503690468407058,0.09496799715405047,1.7814024254270389,-1.222900400470261,-0.6765427460781142,0.004646579885487079,-0.9999244856110103,0.011376834837695497
206.0,16.57463779096755,18.997945759798892,9.302449135870622,0.03774917217635121,0.0015005823857876521,0.09498775207583599,1.7906130704639835,-1.2232278311434777,-0.6922851159636935,0.004646579885497015,-0.9999597031596905,0.007681233764942405
207.0,16.6123869631439,18.99944634218468,9.397436887946458,0.03774917217635476,0.0005506456677473182,0.0949980083015749,1.7997349034299106,-1.2233982115342006,-0.7080658323143459,0.004646579885481787,-0.999981255692227,0.0039871743835607435
208.0,16.650136135320256,18.999996987852427,9.492434896248033,0.03774917217635476,-0.00039934611439562673,0.09499876480564495,1.8087670121489254,-1.223410807429954,-0.7238833248144615,0.0046465798854737565,-0.999989161350819,0.00029406845089107126
209.0,16.68788530749661,18.99959764173803,9.587433661053678,0.03774917217635121,-0.0013492979622675705,0.09499002151240354,1.8177084934179426,-1.2232649003551657,-0.7397360122993254,0.004646579885518316,-0.9999834290255409,-0.003398671753537161
210.0,16.725634479672962,18.998248343775764,9.682423682566082,0.03774917217635476,-0.002299114881466835,0.09497177929616285,1.826558453096018,-1.2229597877141902,-0.755622302912529,0.004646579885488459,-0.9999640583671767,-0.007091633747845706
211.0,16.763383651849317,18.995949228894297,9.777395461862245,0.03774917217635476,-0.0032487018910885013,0.09494403998113832,1.8353160061946858,-1.2224947829341943,-0.7715405942656293,0.0046465798854655824,-0.9999310397876153,-0.010785405167473974
212.0,16.80113282402567,18.99270052700321,9.872339501843383,0.03774917217635476,-0.004197964033231472,0.09490680634123727,1.8439802769659974,-1.2218692156046949,-0.7874892736005924,0.004646579885496061,-0.9998843544478224,-0.01448057408492543
213.0,16.838881996202026,18.988502562969977,9.96724630818462,0.03774917217635121,-0.005146806382470004,0.09486008209978891,1.8525503989899994,-1.2210824316166193,-0.8034667179523517,0.004646579885495859,-0.9998239742333531,-0.01817772932989595
214.0,16.876631168378378,18.983355756587507,10.06210639028441,0.03774917217635476,-0.006095134055357221,0.09480387192918016,1.861025515261637,-1.2201337932993082,-0.8194712943145033,0.004646579885489571,-0.9997498617173562,-0.021877460810036605
215.0,16.914380340554732,18.97726062253215,10.15691026221359,0.03774917217635476,-0.007042852219921514,0.09473818145038493,1.8694047782764702,-1.2190226795562125,-0.8355013598055961,0.004646579885502618,-0.9996619701109971,-0.02558035983264577
216.0,16.952129512731087,18.970217770312228,10.251648443663974,0.03774917217635121,-0.007989866105127419,0.09466301723238857,1.8776873501149434,-1.2177484859980514,-0.851555261837894,0.0046465798854854095,-0.9995602432011885,-0.02928701942753341
217.0,16.98987868490744,18.9622279042071,10.346311460896363,0.03774917217635476,-0.008936081010389785,0.09457838679155373,1.8858724025269866,-1.2163106250751805,-0.86763133828822,0.0046465798855185045,-0.9994446152755003,-0.0329980346713922
218.0,17.027627857083793,18.95329182319671,10.440889847687917,0.03774917217635476,-0.009881402314988463,0.09448429859085827,1.8939591170140737,-1.2147085262079957,-0.8837279176682993,0.004646579885464471,-0.9993150110340902,-0.036714003013897364
219.0,17.065377029260148,18.943410420881722,10.535374146278775,0.03774917217635476,-0.010825735487596688,0.09438076203904089,1.901946684911604,-1.2129416359149225,-0.8998433193000961,0.0046465798855051515,-0.9991713454884604,-0.04043552460581229
220.0,17.103126201436503,18.932584685394126,10.629754908317816,0.03774917217635121,-0.01176898609567445,0.09426778748966846,1.9098343074693047,-1.2110094179394932,-0.9159758534895645,0.00464657988548227,-0.9990135238468385,-0.04416320262944866
221.0,17.140875373612854,18.92081569929845,10.724022695807484,0.03774917217635476,-0.012711059814947134,0.09414538624010227,1.917621195931503,-1.2089113533750664,-0.9321238217044407,0.00464657988548864,-0.99884144138592,-0.047897643631662115
222.0,17.17862454578921,18.908104639483504,10.818168082047587,0.03774917217635476,-0.013651862438841533,0.09401357053036818,1.9253065716160442,-1.206646940788308,-0.948285516752016,0.004646579885521895,-0.9986549833087094,-0.05163945785974779
223.0,17.216373717965563,18.894452777044663,10.912181652577955,0.03774917217635121,-0.0145912998878579,0.09387235354192391,1.9328896659914685,-1.2042156963399646,-0.9644592229588669,0.004646579885454443,-0.9984540245881557,-0.055389259600419426
224.0,17.254122890141915,18.879861477156805,11.006054006119879,0.03774917217635476,-0.01552927821904504,0.09372174939635336,1.9403697207548267,-1.2016171539044864,-0.980643216353527,0.004646579885487826,-0.9982384297962291,-0.059147667522285285
225.0,17.29187206231827,18.86433219893776,11.099775755516232,0.03774917217635476,-0.016465703635358153,0.09356177315394199,1.9477459879068821,-1.1988508651876983,-0.9968357648483166,0.004646579885521424,-0.9980080529180902,-0.06291530502198932
226.0,17.329621234494624,18.8478664953024,11.193337528670174,0.03774917217635476,-0.017400482495027347,0.09339244081218823,1.9550177298271132,-1.1959163998423556,-1.0130351284243964,0.0046465798854845985,-0.9977627371509346,-0.06669280057429804
227.0,17.36737040667098,18.830466012807374,11.286729969482362,0.03774917217635121,-0.018333521320943902,0.0932137693041728,1.9621842193471344,-1.1928133455815735,-1.0292395593178276,0.004646579885473636,-0.9975023146870736,-0.07048078808653072
228.0,17.40511957884733,18.81213249148643,11.379943738786535,0.03774917217635476,-0.019264726810003907,0.09302577649691024,1.9692447398242168,-1.189541308291165,-1.0454473022074628,0.004646579885483698,-0.9972266064807871,-0.07427990725748716
229.0,17.442868751023685,18.792867764676426,11.472969515283445,0.03774917217635476,-0.020194005842448348,0.09282848118951925,1.976198585212254,-1.186099912139151,-1.0616565944034697,0.004646579885525965,-0.9969354219984269,-0.07809080394122193
230.0,17.48061792320004,18.772673758833978,11.565797996472964,0.03774917217635121,-0.02112126549112503,0.09262190311136287,1.9830450601321723,-1.1824887996836315,-1.0778656660375208,0.004646579885457689,-0.996628558951224,-0.08191413051589244
231.0,17.51836709537639,18.751552493342853,11.658419899584327,0.03774917217635476,-0.02204641303085708,0.09240606292008202,1.98978347994246,-1.178707631978796,-1.0940727402559978,0.004646579885495928,-0.9963058030102052,-0.08575054625807159
232.0,17.556116267552746,18.729506080311996,11.75082596250441,0.03774917217635476,-0.02296935594766225,0.09218098219951543,1.9964131708067507,-1.1747560886789443,-1.1102760334117436,0.004646579885504518,-0.9959669275025884,-0.08960071772268965
233.0,17.5938654397291,18.706536724364334,11.843006944703925,0.03774917217635476,-0.023890001948007722,0.09194668345754131,2.002933469761245,-1.1706338681399537,-1.1264737552594466,0.004646579885476304,-0.9956116930889798,-0.09346531912887786
234.0,17.631614611905455,18.682646722416326,11.934953628161466,0.03774917217635121,-0.024808258968068486,0.09170319012384809,2.00934372478175,-1.1663406875197493,-1.1426641091517684,0.004646579885493942,-0.9952398474206348,-0.09734503275216086
235.0,17.669363784081806,18.657838463448257,12.026656818285314,0.03774917217635476,-0.02572403518291111,0.09145052654755936,2.0156432948480183,-1.161876282875274,-1.1588452922366983,0.004646579885505678,-0.9948511247760344,-0.10124054932301907
236.0,17.70711295625816,18.632114428265346,12.118107344832874,0.03774917217635476,-0.026637239015663283,0.09118871799482342,2.021831550008147,-1.157240409259064,-1.1750154956553291,0.004646579885462839,-0.9944452456759222,-0.10515256843236301
237.0,17.744862128434516,18.605477189249683,12.209296062827697,0.03774917217635121,-0.027547779146715357,0.09091779064628192,2.0279078714420153,-1.152432840812416,-1.1911729047431887,0.004646579885499688,-0.9940219164759584,-0.10908179894386781
238.0,17.782611300610867,18.577929410102968,12.300213853473979,0.03774917217635476,-0.028455564522811727,0.09063777159443909,2.033871651522437,-1.1474533708566859,-1.2073156992307552,0.004646579885509812,-0.9935808289360275,-0.11302895941378995
239.0,17.820360472787222,18.549473845580156,12.390851625068418,0.03774917217635476,-0.029360504366167106,0.09034868884096525,2.0397222938762947,-1.1423018119833164,-1.2234420534455357,0.004646579885493252,-0.9931216597652198,-0.11699477851828537
240.0,17.858109644963577,18.52011334121399,12.481200313909383,0.03774917217635476,-0.030262508183550807,0.09005057129390082,2.0454592134443335,-1.136977996140752,-1.2395501365165495,0.004646579885483636,-0.9926440701414528,-0.12097999548842076
241.0,17.89585881713993,18.489850833030438,12.571250885203284,0.03774917217635476,-0.03116148577533906,0.0897434487647466,2.051081836539355,-1.131481774719445,-1.2556381125789646,0.0046465798855026795,-0.9921477052045727,-0.1249853605534174
242.0,17.933607989316286,18.4586893472551,12.66099433396803,0.03774917217635121,-0.032057347244514034,0.08942735196550089,2.0565896009036617,-1.1258130186351398,-1.271704140979816,0.0046465798854753385,-0.9916321935217881,-0.1290116353920648
243.0,17.971357161492637,18.426632000010585,12.750421685933532,0.03774917217635476,-0.032950003005677075,0.08910231250558809,2.0619819557655727,-1.1199716184094228,-1.2877463764860066,0.004646579885476918,-0.9910971465241589,-0.13305959359263614
244.0,18.009106333668992,18.393681997004908,12.83952399843912,0.03774917217635121,-0.033839363794005095,0.0887683628886684,2.067258361893939,-1.113957484248274,-1.3037629694919362,0.0046465798855187005,-0.9905421579128075,-0.1371300211215851
245.0,18.046855505845343,18.359842633210903,12.928292361327788,0.03774917217635476,-0.03472534067414301,0.08842553650943685,2.072418291652534,-1.1077705461186442,-1.31975206622937,0.004646579885467046,-0.9899668030334537,-0.14122371680100612
246.0,18.084604678021698,18.32511729253676,13.016717897837225,0.03774917217635476,-0.0356078450491637,0.08807386765024283,2.077461229052923,-1.1014107538225495,-1.3357118089782438,0.004646579885519648,-0.9893706382177453,-0.14534149279534328
247.0,18.122353850198053,18.289509447487596,13.104791765487468,0.03774917217635121,-0.03648678866933963,0.08771339147767598,2.0823866698051763,-1.0948780770687745,-1.3516403362773812,0.004646579885461487,-0.9887532000898481,-0.14948417510710896
248.0,18.160103022374404,18.253022658818256,13.192505156965144,0.037749172176358314,-0.03736208364106375,0.08734414403905788,2.0871941213697056,-1.0881725055426281,-1.3675357831389872,0.004646579885511518,-0.988114004836557,-0.15365260408215786
249.0,18.197852194550762,18.215660575177193,13.279849301004202,0.03774917217635121,-0.038233642435553605,0.08696616225882003,2.091883103005082,-1.0812940489737208,-1.3833962812598448,0.004646579885482965,-0.9874525474391999,-0.1578476349243239
250.0,18.235601366727114,18.17742693274164,13.366815463263022,0.03774917217635476,-0.039101377897662104,0.08657948393483039,2.096453145817219,-1.0742427372002443,-1.399219959238693,0.004646579885492306,-0.9867683008654605,-0.16207013821941393
251.0,18.27335053890347,18.138325554843977,13.453394947197852,0.03774917217635476,-0.03996520325456743,0.08618414773459726,2.1009037928056267,-1.0670186202326661,-1.415004942789817,0.00464657988550305,-0.9860607152190433,-0.1663210004692022
252.0,18.311099711079823,18.09836035158941,13.53957909493245,0.03774917217635121,-0.04082503212444877,0.08578019319140395,2.1052345989091172,-1.0596217683135578,-1.4307493549606152,0.004646579885496996,-0.985329216845234,-0.1706011246344102
253.0,18.348848883256174,18.05753531946496,13.625359288123853,0.03774917217635476,-0.04168077852514429,0.08536766070038482,2.1094451310511078,-1.052052271976366,-1.446451316349432,0.004646579885487933,-0.9845732073899633,-0.17491143068767148
254.0,18.38659805543253,18.015854540939817,13.710726948824238,0.03774917217635476,-0.04253235688270962,0.0849465915144254,2.1135349681812974,-1.0443102421006023,-1.462108945322691,0.004646579885469443,-0.9837920628101428,-0.1792528561756611
255.0,18.424347227608884,17.973322184057107,13.795673540338663,0.03774917217635121,-0.04337968204004028,0.08451702774010705,2.117503701319924,-1.0363958099662076,-1.4777203582359755,0.004646579885509436,-0.9829851323327372,-0.1836263567905183
256.0,18.462096399785235,17.929942502017067,13.88019056807877,0.03774917217635476,-0.04422266926531293,0.08407901233344894,2.1213509335967866,-1.0283091273038452,-1.4932836696528105,0.004646579885479021,-0.9821517373599531,-0.18803290695033634
257.0,18.49984557196159,17.885719832751754,13.96426958041222,0.03774917217635121,-0.045061234260511895,0.08363258909561999,2.125076280291804,-1.020050366344324,-1.5087969925659803,0.0046465798854966895,-0.9812911703177462,-0.19247350038848463
258.0,18.53759474413794,17.840658598491242,14.04790216950784,0.037749172176358314,-0.04589529316983487,0.08317780266857433,2.12867936887343,-1.0116197198645174,-1.5242584386198743,0.004646579885494061,-0.9804026934447897,-0.19694915075107458
259.0,18.5753439163143,17.794763305321407,14.131079972176414,0.03774917217635121,-0.046724762588084445,0.08271469853057489,2.1321598390357743,-1.00301740123221,-1.5396661183317988,0.004646579885495026,-0.9794855375186764,-0.20146089220272329
260.0,18.61309308849065,17.748038542733322,14.213794670706989,0.03774917217635476,-0.047549559569020516,0.08224332299165837,2.1355173427350267,-0.9942436444466689,-1.555018141317131,0.004646579885507564,-0.9785389005162625,-0.20600978003918102
261.0,18.650842260667005,17.700488983164302,14.296037993698647,0.03774917217635476,-0.04836960163361681,0.08176372318896696,2.1387515442230596,-0.9852987041784245,-1.5703126165110282,0.0046465798854878814,-0.9775619462044586,-0.21059689130734843
262.0,18.68859143284336,17.652119381530685,14.377801716887614,0.03774917217635121,-0.049184806778363566,0.08127594708210495,2.1418621200830286,-0.9761828558066283,-1.5855476523950893,0.00464657988547301,-0.9765538026581032,-0.21522332543050807
263.0,18.72634060501971,17.60293457475232,14.459077663969719,0.03774917217635476,-0.049995093483406805,0.08078004344825729,2.1448487592593284,-0.9668963954518788,-1.6007213572215109,0.004646579885468784,-0.9755135607008493,-0.219890204838957
264.0,18.764089777196066,17.552939481268915,14.539857707417976,0.03774917217635476,-0.05080038072078352,0.08027606187738279,2.1477111630911505,-0.9574396400099373,-1.6158318392400777,0.004646579885535874,-0.9744402722650665,-0.22459867560462315
265.0,18.80183894937242,17.50213910054813,14.620133769295359,0.03774917217635121,-0.05160058796240463,0.07976405276721543,2.150449045339913,-0.9478129271800111,-1.6308772069230972,0.004646579885449653,-0.9733329486666145,-0.22934990807785802
266.0,18.839588121548772,17.450538512585727,14.699897822062574,0.03774917217635476,-0.052395635188236866,0.07924406731824618,2.153062132220139,-0.9380166154921794,-1.6458555691950183,0.00464657988549463,-0.9721905587897443,-0.23414509752598384
267.0,18.877337293725127,17.39814287739749,14.77914188938082,0.03774917217635476,-0.053185442894214674,0.07871615752857508,2.155550162425037,-0.9280510843318988,-1.6607650356579449,0.0046465798855098925,-0.9710120271775741,-0.23898546477111512
268.0,18.91508646590148,17.344957434503275,14.857858046909396,0.03774917217635476,-0.05396993210022316,0.07818037618875451,2.157912887153855,-0.917916733962376,-1.6756037168211617,0.004646579885476772,-0.9697962320230794,-0.2438722568255879
269.0,18.952835638077836,17.290987502403052,14.93603842309815,0.03774917217635121,-0.054749024357988674,0.07763677687645654,2.1601500701357197,-0.9076139855434735,-1.690369724329429,0.004646579885489498,-0.9685420030552894,-0.24880674752308388
270.0,18.990584810254187,17.236238478045063,15.013675199974607,0.03774917217635476,-0.05552264175895871,0.07708541395117763,2.1622614876548725,-0.8971432811496812,-1.7050611711933001,0.004646579885516089,-0.9672481193152049,-0.2537902381427753
271.0,19.028333982430542,17.180715836286105,15.090760613925784,0.03774917217635476,-0.05629070694200777,0.07652634254873547,2.1642469285706043,-0.8865050837839861,-1.7196761720166345,0.004646579885466773,-0.9659133068156271,-0.2588240580237242
272.0,19.066083154606897,17.124425129344097,15.16728695647452,0.03774917217635476,-0.05705314310127463,0.07595961857581202,2.166106194340865,-0.8756998773905182,-1.7342128432292954,0.004646579885493629,-0.964536236078764,-0.2639095651665146
273.0,19.10383232678325,17.067371986242822,15.243246575050332,0.03774917217635121,-0.057809873993775795,0.07538529870432775,2.167839099040505,-0.8647281668637973,-1.748669303316074,0.004646579885506381,-0.9631155195451981,-0.2690481468186512
274.0,19.141581498959603,17.009562112249046,15.31863187375466,0.03774917217635476,-0.05856082394705808,0.07480344036579822,2.1694454693807015,-0.8535904780559307,-1.7630436730485273,0.004646579885500135,-0.9616497088475252,-0.27424122003965345
275.0,19.179330671135958,16.95100128830199,15.393435314120458,0.03774917217635476,-0.059305917866737445,0.07421410174556264,2.170925144725371,-0.8422873577811615,-1.7773340757151108,0.004646579885475232,-0.9601372919415829,-0.27949023224157843
276.0,19.217079843312312,16.89169537043525,15.46764941586602,0.03774917217635476,-0.06004508124405916,0.07361734177700541,2.172277977108691,-0.8308193738181046,-1.7915386373543545,0.004646579885484663,-0.958576690087987,-0.2847966616997589
277.0,19.254829015488667,16.83165028919119,15.541266757643026,0.03774917217635121,-0.060778240163283925,0.07301322013561062,2.1735038312480195,-0.8191871149085467,-1.805655486985148,0.004646579885485469,-0.9569662546761651,-0.29016201802861935
278.0,19.29257818766502,16.770872049027908,15.614279977778637,0.03774917217635476,-0.06150532130914854,0.07240179723304863,2.174602584559401,-0.8073911907550849,-1.8196827568405776,0.004646579885514697,-0.9553042638829353,-0.29558784261611787
279.0,19.330327359841373,16.70936672771876,15.686681775011685,0.03774917217635121,-0.062226251974138336,0.07178313421109905,2.1755741271683093,-0.7954322320154266,-1.8336185825985192,0.004646579885499341,-0.9535889191572785,-0.3010757090099114
280.0,19.368076532017724,16.64714047574462,15.758464909222784,0.03774917217635476,-0.06294096006578087,0.07115729293554729,2.1764183619211663,-0.7833108902935885,-1.8474611036155633,0.004646579885477133,-0.9518183415226242,-0.30662722324752684
281.0,19.40582570419408,16.58419951567884,15.829622202158331,0.03774917217635476,-0.06364937411386862,0.07052433598999919,2.1771352043952925,-0.7710278381300231,-1.8612084631591568,0.004646579885490788,-0.9499905676874583,-0.31224402412252616
282.0,19.443574876370434,16.52055014156497,15.90014653814833,0.03774917217635476,-0.06435142327758214,0.06988432666961764,2.17772458290689,-0.7585837689876093,-1.8748588086407139,0.004646579885493557,-0.948103545955261,-0.3179277833760804
283.0,19.48132404854679,16.45619871828739,15.970030864817948,0.03774917217635476,-0.06504703735260264,0.06923732897481649,2.178186438519048,-0.7459793972365255,-1.8884102918489183,0.00464657988549285,-0.9461551319237395,-0.3236802058046477
284.0,19.519073220723143,16.391151680934787,16.039268193792765,0.03774917217635121,-0.06573614677808592,0.0685834076048053,2.1785207250459866,-0.7332154581347383,-1.9018610691819589,0.004646579885500824,-0.9441430839637719,-0.32950302927096997
285.0,19.556822392899495,16.3254155341567,16.10785160139757,0.03774917217635476,-0.066418682643679,0.06792262795119086,2.178727409059819,-0.720292707808102,-1.9152093018822045,0.00464657988549525,-0.9420650584676133,-0.33539802460625756
286.0,19.59457156507585,16.25899685151302,16.17577422934876,0.03774917217635121,-0.06709457669634844,0.06725505609138338,2.178806469891991,-0.707211923226331,-1.928453156267587,0.004646579885466711,-0.9399186048562016,-0.3413669953884515
287.0,19.6323207372522,16.191902274816673,16.243029285440144,0.03774917217635476,-0.06776376134726547,0.0665807587820133,2.1787578996367114,-0.6939739021764536,-1.941590803966894,0.00464657988549497,-0.9377011603348622,-0.34741177758104425
288.0,19.670069909428555,16.124138513469408,16.309610044222158,0.03774917217635476,-0.06842616967851356,0.06589980345224333,2.1785817031507153,-0.6805794632346803,-1.9546204221511316,0.004646579885492383,-0.9354100443866089,-0.3535342390151346
289.0,19.70781908160491,16.055712343790894,16.3755098476744,0.03774917217635476,-0.06908173544981722,0.06521225819705023,2.1782778980537776,-0.6670294457349188,-1.9675401937680772,0.0046465798854771305,-0.9330424529926429,-0.35973627869432323
290.0,19.745568253781265,15.986630608341077,16.44072210587145,0.03774917217635121,-0.06973039310514118,0.06451819177037876,2.177846514725957,-0.6533247097344779,-1.9803483077745572,0.004646579885490768,-0.9305954525689355,-0.3660198259020761
291.0,19.783317425957616,15.916900215235936,16.50524029764183,0.03774917217635476,-0.07037207777927179,0.06381767357829915,2.1772875963055083,-0.6394661359778503,-1.9930429593703118,0.004646579885507324,-0.928065973608561,-0.37238683908720693
292.0,19.82106659813397,15.846528137456664,16.56905797122013,0.03774917217635476,-0.07100672530425634,0.0631107736720331,2.176601198683258,-0.6254546258575363,-2.0056223502293715,0.004646579885494998,-0.9254508040193813,-0.37883930450159004
293.0,19.858815770310326,15.775521412152408,16.632168744892162,0.03774917217635121,-0.07163427221589203,0.06239756274100472,2.1757873904990994,-0.6112911013729311,-2.018084688734716,0.004646579885485841,-0.9227465821472222,-0.38537923456121487
294.0,19.896564942486677,15.703887139936516,16.694566307633167,0.03774917217635476,-0.07225465575999301,0.061678112105688854,2.174846253132502,-0.5969765050843964,-2.0304281902092267,0.004646579885508282,-0.9199497894750934,-0.39200866589923644
295.0,19.93431411466303,15.631632484176523,16.756244419738856,0.03774917217635476,-0.07286781389873731,0.0609524937105661,2.173777880696937,-0.5825118000686418,-2.0426510771489177,0.004646579885500015,-0.9170567429897415,-0.39872965707658975
296.0,19.972063286839386,15.558764670277785,16.817196913449422,0.03774917217635476,-0.07347368531680942,0.06022078011686105,2.172582380028386,-0.5678979698673237,-2.0547515794543414,0.0046465798854857365,-0.9140635872085567,-0.40554428591066705
297.0,20.00981245901574,15.485290984960976,16.877417693566283,0.03774917217635476,-0.07407220942758208,0.05948304449533737,2.1712598706763013,-0.5531360184362994,-2.0667279346631013,0.0046465798854684204,-0.9109662858596083,-0.4124546463825061
298.0,20.047561631192096,15.411218775533394,16.93690073806162,0.03774917217635121,-0.07466332637913276,0.05873936061892593,2.169810484890087,-0.5382269700898774,-2.078578388180501,0.004646579885493857,-0.9077606132110599,-0.4194628450745646
299.0,20.085310803368447,15.336555449154261,16.995640098680546,0.03774917217635476,-0.07524697706027261,0.057989802855406225,2.168234367607526,-0.5231718694444462,-2.0903011935118476,0.004646579885500883,-0.904442145046584,-0.4265709970906384
300.0,20.123059975544802,15.261308472093988,17.053629901535952,0.03774917217635121,-0.07582310310640317,0.05723444615991724,2.166531676438553,-0.5079717813582526,-2.1018946124915514,0.004646579885492969,-0.9010062492869784,-0.43378122140219394
301.0,20.160809147721153,15.185485368987585,17.11086434769587,0.03774917217635476,-0.07639164690541556,0.05647336606751807,2.1647025816514223,-0.49262779086920216,-2.113356915515615,0.0046465798854727,-0.897448076260408,-0.44109563556201825
302.0,20.198558319897508,15.10909372208217,17.167337713763388,0.03774917217635476,-0.07695255160339265,0.055706638685567356,2.1627472661536515,-0.4771410031294082,-2.1246863817696093,0.004646579885495655,-0.8937625486273845,-0.44851634972033033
303.0,20.236307492073863,15.032141170478777,17.223044352448955,0.03774917217635476,-0.07750576111033958,0.0549343406861702,2.1606659254753784,-0.4615125433380939,-2.1358812994597263,0.004646579885496553,-0.889944350970976,-0.45604545987238637
304.0,20.274056664250217,14.954635409368437,17.277978693135125,0.03774917217635476,-0.07805122010576149,0.05415654929848657,2.1584587677489013,-0.4457435566712301,-2.146939966040935,0.004646579885480819,-0.8859879190673303,-0.4636850402612853
305.0,20.311805836426572,14.876584189262676,17.332135242433612,0.03774917217635476,-0.07858887404421822,0.05337334230100055,2.1561260136881404,-0.42983520820856347,-2.157860688446058,0.004646579885504529,-0.8818874288575709,-0.4714371348529412
306.0,20.349555008602927,14.797995315218458,17.385508584734612,0.037749172176347656,-0.0791186691607546,0.05258479801376126,2.153667896566425,-0.41378868285879145,-2.1686417833131992,0.004646579885490173,-0.8776367851487398,-0.47930374779376844
307.0,20.387304180779275,14.718876646057703,17.438093382748374,0.03774917217635476,-0.0796405524763113,0.05179099529053843,2.151084662193579,-0.3976051852807929,-2.179281577214432,0.004646579885503521,-0.8732296100795786,-0.4872868327542153
308.0,20.42505335295563,14.639236093581392,17.489884378038912,0.03774917217635476,-0.08015447180299162,0.050992013510956724,2.1483765688910914,-0.3812859398047971,-2.1897784068809925,0.004646579885469733,-0.8686592313954304,-0.49538828105524274
309.0,20.462802525131984,14.5590816217784,17.54087639154987,0.03774917217635476,-0.08066037574927698,0.05018793257250209,2.145543887465403,-0.3648321903469772,-2.2001306194305146,0.004646579885506717,-0.8639186705883861,-0.5036099084650372
310.0,20.50055169730834,14.478421246029123,17.59106432412237,0.03774917217635476,-0.08115821372521204,0.04937883288262768,2.142586901183034,-0.3482452003264306,-2.2103365725930546,0.004646579885470146,-0.8590006309684197,-0.5119534405502368
311.0,20.538300869484694,14.397263032303911,17.640443157005,0.03774917217635476,-0.08164793594740516,0.04856479535060387,2.1395059057396395,-0.33152625257467294,-2.2203946349349297,0.004646579885512699,-0.8538974857486309,-0.5204204964521806
312.0,20.57605004166105,14.315615096356506,17.689007952355603,0.03774917217635476,-0.08212949344403953,0.04774590137951762,2.136301209232324,-0.3146766492467875,-2.2303031860836153,0.004646579885476448,-0.8486012662394807,-0.5290125709584959
313.0,20.613799213837403,14.233485602912467,17.73675385373512,0.037749172176347656,-0.08260283805977053,0.04692223285808694,2.1329731321281797,-0.29769771172738335,-2.240060616951144,0.004646579885476144,-0.8431036502685761,-0.5377310147268525
314.0,20.65154838601375,14.150882764852696,17.783676086593207,0.03774917217635476,-0.08306792246053618,0.046093872152464854,2.1295220072320546,-0.28059078053402997,-2.249665329957237,0.004646579885521301,-0.8373959509598172,-0.546577012516508
315.0,20.689297558190106,14.06781484239216,17.829769958745672,0.03774917217635476,-0.08352470013827507,0.04526090209804323,2.125948179653568,-0.26335721522103916,-2.259115739249916,0.004646579885479151,-0.8314691060301778,-0.5555515592748749
316.0,20.72704673036646,13.984290142253885,17.875030860843715,0.03774917217635476,-0.08397312541560531,0.04442340599112882,2.1222520067725297,-0.24599839427652415,-2.268410270928217,0.004646579885492455,-0.8253136677885804,-0.5646554339211911
317.0,20.764795902542815,13.90031701683828,17.919454266834844,0.03774917217635476,-0.0844131534503667,0.04358146758062986,2.118433858202973,-0.228515715020002,-2.2775473632614345,0.004646579885495679,-0.8189197940469314,-0.5738891706710445
318.0,20.80254507471917,13.815903863387913,17.963035734415474,0.03774917217635476,-0.08484474024013622,0.04273517105970015,2.11449411575702,-0.21091059349678365,-2.2865254669092683,0.004646579885478123,-0.8122772401891774,-0.583253027738409
319.0,20.840294246895525,13.731059123147777,18.005770905475174,0.03774917217635121,-0.0852678426265765,0.04188460105726932,2.11043317340507,-0.1931844643686066,-2.2953430451391985,0.004646579885502957,-0.8053753526761587,-0.5927469532584041
320.0,20.878043419071876,13.6457912805212,18.047655506532443,0.03774917217635476,-0.08568241829981638,0.04102984262963716,2.106251437238357,-0.17533878080362053,-2.3039985740456403,0.004646579885500405,-0.7982030643034332,-0.6023705482773678
321.0,20.91579259124823,13.560108862221384,18.08868534916208,0.03774917217635121,-0.08608842580262355,0.04017098125193641,2.1019493254268555,-0.15737501436306223,-2.3124905427647975,0.004646579885478572,-0.7907488915720191,-0.6121230266645675
322.0,20.95354176342458,13.47402043641876,18.128856330414017,0.03774917217635476,-0.08648582453459674,0.039308102809584966,2.0975272681782977,-0.13929465488442805,-2.3208174536919777,0.004646579885501102,-0.7830009345759649,-0.6220031718154929
323.0,20.991290935600937,13.387534611884163,18.168164433223602,0.03774917217635476,-0.08687457475617677,0.03844129358970605,2.0929857076943863,-0.1210992103642885,-2.3289778226944433,0.004646579885488343,-0.7749468798593897,-0.6320092900358065
324.0,21.02904010777729,13.300660037127987,18.206605726813308,0.03774917217635476,-0.08725463759269125,0.03757064027250934,2.0883250981279886,-0.10279020683698947,-2.336970179326982,0.004646579885490712,-0.7665740067486987,-0.6421391605194421
325.0,21.066789279953646,13.213405399535295,18.244176367085817,0.03774917217635476,-0.08762597503814362,0.03669622992258681,2.083545905535449,-0.08436918825096096,-2.3447930670420836,0.004646579885496063,-0.7578691977169009,-0.6523899818722759
326.0,21.10453845213,13.125779424497152,18.280872597008404,0.03774917217635476,-0.08798854995912642,0.03581814998025834,2.078648607832727,-0.06583771634404578,-2.3524450434037427,0.004646579885492926,-0.7488189533946391,-0.6627583151740345
327.0,21.142287624306356,13.037790874538025,18.316690746988662,0.037749172176347656,-0.08834232609842729,0.03493648825277518,2.0736336947449554,-0.047197370514383996,-2.359924680295366,0.0046465798854981805,-0.7394094128985822,-0.6732400236263004
328.0,21.180036796482703,12.949448548439598,18.351627235241438,0.037749172176358314,-0.08868726807874161,0.03405133290558027,2.068501667759593,-0.028449747689996863,-2.367230564131213,0.004646579885492701,-0.7296263802018566,-0.6838302089034263
329.0,21.21778596865906,12.860761280360856,18.385678568147018,0.03774917217635121,-0.08902334140615231,0.03316277245347621,2.063253040075014,-0.009596462197168587,-2.3743612960618967,0.004646579885467691,-0.7194553573267122,-0.6945231444014383
330.0,21.255535140835413,12.771737938954704,18.418841340600494,0.03774917217635476,-0.08935051247360981,0.03227089575176123,2.0578883365495857,0.0093608543774919,-2.3813154921833495,0.004646579885497782,-0.7088815851875376,-0.7053122056772954
331.0,21.293284313011767,12.682387426481094,18.451112236352255,0.03774917217635476,-0.08966874856427509,0.03137579198735452,2.0524080936490012,0.028420553322651143,-2.388091783740547,0.004646579885512459,-0.697890092951249,-0.7161897984863123
332.0,21.331033485188122,12.59271867791682,18.48248802833961,0.03774917217635476,-0.08997801785480952,0.030477550669907316,2.046812859393343,0.047580968942896984,-2.3946888173328773,0.004646579885457253,-0.686465756819099,-0.7271472849499951
333.0,21.368782657364477,12.50274066006201,18.512965579009517,0.03774917217635476,-0.0902782894185421,0.02957626162278615,2.041103193301169,0.06684041870229229,-2.4011052551164656,0.004646579885504216,-0.674593369143664,-0.738174908543204
334.0,21.406531829540832,12.412462370643468,18.542541840632303,0.037749172176347656,-0.09056953322856032,0.028672014974148397,2.0352796663342603,0.0861972033679802,-2.4073397750056893,0.004646579885499715,-0.662257718796423,-0.7492617187538181
335.0,21.44428100171718,12.321892837414907,18.57121385560645,0.03774917217635476,-0.09085172016073528,0.027764901147904197,2.0293428608406208,0.10564960715863558,-2.413391070874349,0.004646579885497588,-0.6494436836756577,-0.7603954964550749
336.0,21.482030173893534,12.231041117254172,18.598978756754356,0.03774917217635476,-0.09112482199659588,0.026855010854689,2.0232933704957174,0.12519589789241736,-2.4192578527528523,0.004646579885458317,-0.6361363361847651,-0.7715626812390498
337.0,21.51977934606989,12.139916295257576,18.625833767609045,0.03774917217635476,-0.0913888114262047,0.02594243508276506,2.01713180024378,0.14483432714078992,-2.424938847027729,0.004646579885502313,-0.622321062423903,-0.7827483021757072
338.0,21.557528518246244,12.048527483831371,18.65177620269181,0.03774917217635476,-0.0916436620508172,0.025027265088951367,2.0108587662363266,0.16456313038147186,-2.4304327966357056,0.004646579885493878,-0.6079836956979432,-0.7939359136988567
339.0,21.5952776904226,11.956883821780554,18.67680346778076,0.03774917217635476,-0.09188934838560492,0.024109592389482515,2.0044748957719074,0.18438052715542153,-2.435738461260189,0.004646579885513325,-0.5931106647665435,-0.805107538553426
340.0,21.633026862598953,11.86499447339495,18.700913060170244,0.03774917217635121,-0.09212584586211747,0.023189508750864007,1.9979808272318489,0.20428472122542696,-2.4408546175224792,0.004646579885484584,-0.5776891570173682,-0.8162436199811488
341.0,21.670776034775304,11.772868627532832,18.724102568921108,0.03774917217635476,-0.09235313083082275,0.02226710618070271,1.9913772100180527,0.22427390073736003,-2.445780059175404,0.004646579885462392,-0.5617072964469082,-0.8273229855465597
342.0,21.70852520695166,11.680515496702009,18.74636967510181,0.03774917217635121,-0.09257118056339841,0.021342476918473352,1.984664704486299,0.24434623838348463,-2.4505135972913505,0.00464657988549629,-0.5451543359655491,-0.838322825213133
343.0,21.74627437912801,11.58794431613861,18.767712152020284,0.03774917217635476,-0.09277997325506959,0.020415713426341853,1.9778439818819793,0.26449989156800174,-2.4550540604528295,0.004646579885491859,-0.5280208631097637,-0.849218686450191
344.0,21.784023551304365,11.495164342883541,18.788127865446626,0.03774917217635476,-0.09297948802672096,0.01948690837987499,1.9709157242711746,0.28473300257480616,-2.4594002949373164,0.0046465798855075055,-0.5102990177420214,-0.8599844892711123
345.0,21.82177272348072,11.40218485485682,18.8076147738265,0.03774917217635476,-0.09316970492706211,0.018556154658813995,1.963880624474379,0.3050436987373332,-2.463551164904726,0.004646579885491277,-0.4919827197504383,-0.8705925641552018
346.0,21.859521895657075,11.309015149929758,18.826170928485315,0.03774917217635476,-0.09335060493454428,0.01762354533774868,1.956739385995309,0.3254300926112543,-2.467505552579207,0.0046465798855006195,-0.47306790413778715,-0.8810137157672684
347.0,21.89727106783343,11.215664544995214,18.843794473823063,0.03774917217635121,-0.09352216995933205,0.0166891736768342,1.9494927229521393,0.3458902821483334,-2.4712623584327043,0.004646579885506547,-0.4535527602195411,-0.8912173152450545
348.0,21.93502024000978,11.122142375035882,18.860483647499898,0.03774917217635476,-0.09368438284505132,0.015753133112458073,1.9421413600048612,0.36642235087346103,-2.4748205013641864,0.004646579885484805,-0.43343797096114406,-0.9011714235507329
349.0,21.972769412186135,11.02845799219083,18.876236780612356,0.03774917217635476,-0.09383722737056388,0.014815517247903642,1.9346860322840065,0.387024368062523,-2.478178918879189,0.004646579885459718,-0.4127269477898591,-0.9108429479682184
350.0,22.01051858436249,10.934620764820266,18.89105229786026,0.03774917217635121,-0.09398068825152883,0.013876419843970922,1.927127485315781,0.4076943889242437,-2.4813365672657586,0.004646579885475022,-0.3914260555600039,-0.9201978332533198
351.0,22.04826775653884,10.840640076568738,18.90492871770423,0.03774917217635476,-0.09411475114199241,0.01293593480961519,1.9194664749488344,0.42843045478280367,-2.4842924217709537,0.0046465798855036015,-0.36954482175784636,-0.9292012882079581
352.0,22.086016928715196,10.746525325426745,18.917864652513845,0.03774917217635476,-0.09423940263576114,0.01199415619255717,1.9117037672775254,0.449230593262249,-2.4870454767725194,0.004646579885502168,-0.3470961235589445,-0.9378180475474556
353.0,22.12376610089155,10.652285922790984,18.929858808706403,0.03774917217635476,-0.09435463026781221,0.011051178169875442,1.9038401385666,0.4700928184743408,-2.4895947459523766,0.0046465798854992075,-0.32409634602846393,-0.9460126678783778
354.0,22.161515273067906,10.557931292523172,18.940909986876278,0.03774917217635121,-0.09446042251545528,0.010107095038588199,1.8958763751719556,0.4910151312073415,-2.491939262464253,0.004646579885485116,-0.30056550463959236,-0.9537498554212812
355.0,22.199264445244257,10.463470870007717,18.951017081914866,0.03774917217635476,-0.09455676879956698,0.009162001206213688,1.887813273463461,0.51199551911786,-2.494078079103603,0.0046465798855046935,-0.2765273254177207,-0.9609948218344828
356.0,22.23701361742061,10.36891410120815,18.96017908312108,0.03774917217635476,-0.09464365948559283,0.008215991181362625,1.879651639744604,0.5330319569226893,-2.4960102684719865,0.0046465798854615865,-0.25200927643008963,-0.9677136631713694
357.0,22.274762789596966,10.274270441722557,18.968395074302443,0.03774917217635476,-0.09472108588454553,0.007269159564231131,1.8713922901719369,0.554122406595984,-2.4977349231423105,0.004646579885510523,-0.22704254506590496,-0.9738737556918575
358.0,22.31251196177332,10.179549355838011,18.975664233866674,0.03774917217635121,-0.09478904025383628,0.006321601037207358,1.8630360506734385,0.5752648175646148,-2.499251155819929,0.004646579885466708,-0.20166195658803443,-0.9794441610221859
359.0,22.350261133949672,10.084760315584175,18.98198583490388,0.03774917217635476,-0.09484751579809725,0.005373410355346664,1.854583756866253,0.5964571269090465,-2.5005580995041474,0.004646579885492196,-0.17590583079903138,-0.9843960320858016
360.0,22.388010306126027,9.989912799786078,18.987359245259228,0.03774917217635476,-0.0948965066698193,0.004424682336928498,1.8460362539726667,0.617697259563103,-2.501654907645167,0.00464657988550337,-0.14981577528652304,-0.9887030103983024
361.0,22.425759478302382,9.895016293116258,18.991783927596156,0.03774917217635121,-0.09493600796994706,0.003475511853956448,1.8373943967355988,0.6389831285180708,-2.502540754300877,0.0046465798855156145,-0.12343641558786295,-0.992341604792517
362.0,22.463508650478733,9.800080285146311,18.995259439450113,0.03774917217635476,-0.09496601574839936,0.0025259938227044643,1.8286590493340384,0.6603126350269527,-2.5032148342917564,0.004646579885458626,-0.09681506462479984,-0.9952915414877512
363.0,22.501257822655088,9.705114269397912,18.997785433272817,0.03774917217635121,-0.09498652700440857,0.0015762231941742755,1.819831085295065,0.6816836688118282,-2.503676363351452,0.004646579885488476,-0.0700013358497811,-0.997536075675769
364.0,22.53900699483144,9.610127742393503,18.99936165646699,0.03774917217635476,-0.09499753968687763,0.000626294944634509,1.810911387407917,0.7030941082728605,-2.5039245782786876,0.004646579885510345,-0.043046706582753766,-0.9990622554914913
365.0,22.576756167007794,9.515130202706626,18.999987951411626,0.03774917217635476,-0.09499905269453812,-0.0003236959338757117,1.8019008476348284,0.7245418206978672,-2.5039587370837175,0.00464657988549699,-0.01600403991571253,-0.9998611303584831
366.0,22.61450533918415,9.420131150012088,18.99966425547775,0.03774917217635476,-0.09499106587609951,-0.0012736544430680397,1.7928003670223636,0.7460246624760005,-2.503778119135495,0.00464657988550372,0.011072924815109082,-0.9999278972162975
367.0,22.652254511360503,9.325140084135988,18.998390601034682,0.03774917217635121,-0.09497358003022427,-0.002223485587865781,1.783610855610922,0.7675404793107085,-2.503382025304349,0.004646579885455357,0.03813010171887166,-0.999261979982365
368.0,22.690003683536855,9.230166504105764,18.996167115446816,0.037749172176358314,-0.09494659690549945,-0.0031730943859678007,1.774333232344107,0.7890871064376973,-2.5027697781050153,0.00464657988551894,0.06511359610063024,-0.997867039689262
369.0,22.727752855713213,9.135219907200264,18.99299402106085,0.03774917217635121,-0.09491011920019865,-0.004122385877273871,1.764968424976312,0.8106623688399981,-2.50194072183413,0.004646579885484966,0.09197023784321916,-0.9957509149613819
370.0,22.765502027889564,9.040309788000066,18.988871635183575,0.03774917217635476,-0.09486415056207598,-0.005071265133420155,1.7555173699807867,0.8322640814700861,-2.500894222709761,0.00464657988546526,0.11864809816112414,-0.9929254947366978
371.0,22.80325120006592,8.94544563743799,18.983800370050155,0.03774917217635121,-0.09480869558794325,-0.006019637267286271,1.7459810124547643,0.8538900494697101,-2.4996296690042876,0.004646579885519424,0.14509697816167033,-0.989406527279722
372.0,22.84100037224227,8.850636941850047,18.97778073278287,0.03774917217635476,-0.09474375982326677,-0.006967407442445506,1.7363603060263706,0.8755380683933899,-2.498146471179172,0.004646579885501098,0.17126885878298434,-0.985213371461503
373.0,22.878749544418625,8.75589318202678,18.970813325340423,0.03774917217635476,-0.09466934976155272,-0.007914480882654118,1.726656212758065,0.8972059244320936,-2.4964440620136314,0.004646579885452838,0.19711830320962592,-0.9803686979066223
374.0,22.91649871659498,8.661223832265227,18.96289884445777,0.03774917217635476,-0.09458547284375918,-0.008860762881379713,1.7168697030511555,0.9188913946414258,-2.4945218967346636,0.004646579885521042,0.22260280469511626,-0.9748981488531175
375.0,22.954247888771334,8.566638359421468,18.95403808157639,0.03774917217635121,-0.09449213745749852,-0.009806158811198173,1.7070017555483885,0.9405922471674467,-2.492379453141612,0.004646579885497636,0.2476830747268661,-0.9688299663972071
376.0,22.991997060947686,8.47214622196397,18.94423192276519,0.03774917217635476,-0.09438935293623807,-0.010750574133311375,1.697053357036354,0.9623062414778547,-2.490016231730911,0.00464657988549961,0.27232326855111927,-0.9621945991851142
377.0,23.02974623312404,8.377756869027731,18.93348134863188,0.03774917217635476,-0.09427712955833734,-0.01169391440696188,1.687025502346584,0.9840311285915118,-2.487431755816433,0.004646579885465295,0.2964911471352546,-0.9550242975787521
378.0,23.067495405300395,8.283479739469394,18.921787434224917,0.03774917217635121,-0.09415547854605322,-0.01263608529892224,1.676919194256314,1.0057646513127478,-2.4846255716494894,0.004646579885503754,0.32015817655547907,-0.9473527069048984
379.0,23.105244577476746,8.18932426092334,18.909151348925995,0.03774917217635476,-0.09402441206436762,-0.013576992592884807,1.6667354433876225,1.0275045444645519,-2.4815972485342637,0.0046465798854994165,0.34329956751677765,-0.9392144676473851
380.0,23.1429937496531,8.095299848858973,18.89557435633311,0.03774917217635476,-0.0938839432198364,-0.0145165421988942,1.6564752681075112,1.0492485351239162,-2.4783463789432565,0.004646579885461923,0.36589425914807266,-0.9306448304363222
381.0,23.180742921829456,8.001415905639137,18.881057814134216,0.03774917217635476,-0.09373408605920996,-0.015454640162786859,1.6461396944245232,1.0709943428604036,-2.47487257862778,0.004646579885512283,0.38792485236009194,-0.9216792924964563
382.0,23.21849209400581,7.907681819579927,18.86560317397143,0.03774917217635476,-0.09357485556810285,-0.016391192675541788,1.6357297558879058,1.0927396799734255,-2.4711754867288844,0.004646579885489951,0.4093774988677523,-0.9123532609226269
383.0,23.256241266182165,7.814106964011824,18.849211981295888,0.03774917217635121,-0.09340626766940385,-0.017326106082688142,1.6252464934823168,1.1144822517329422,-2.467254765882154,0.004646579885491654,0.43024175248470486,-0.9027017468213174
384.0,23.293990438358517,7.72070069634242,18.8318858752132,0.03774917217635121,-0.09322833922178386,-0.01825928689365952,1.614690955525703,1.1362197566209693,-2.4631101023245825,0.0046465798854738,0.4505103895139265,-0.8927590930566756
385.0,23.331739610534868,7.627472357120636,18.81362658831954,0.03774917217635476,-0.09304108801793376,-0.01919064179116603,1.604064197562854,1.1579498865746545,-2.4587412059946194,0.0046465798855162225,0.4701792050075217,-0.882558737123973
386.0,23.369488782711223,7.5344312691027024,18.794435946528374,0.03774917217635476,-0.09284453278280846,-0.02012007764047752,1.5933672822606595,1.179670327229389,-2.454147810632176,0.004646579885482425,0.48924679140931654,-0.872133009575407
387.0,23.407237954887577,7.441586736319894,18.774315868887896,0.03774917217635476,-0.09263869317178397,-0.021047501498802745,1.5826012793018969,1.2013787581662474,-2.4493296738763837,0.004646579885511876,0.5077143056544102,-0.861512967475956
388.0,23.444987127063932,7.34894804314811,18.753268367389094,0.03774917217635476,-0.09242358976863052,-0.02197282062450512,1.5717672652777037,1.2230728531567656,-2.4442865773584637,0.0046465798854529745,0.5255852302438693,-0.8507282615764372
389.0,23.482736299240287,7.2565244533794795,18.73129554676459,0.03774917217635476,-0.09219924408353108,-0.02289594248646054,1.560866323580736,1.2447502804131285,-2.4390183267954013,0.004646579885490553,0.5428651331619099,-0.8398070352720733
390.0,23.52048547141664,7.164325209295948,18.708399604278128,0.03774917217635121,-0.09196567855084492,-0.023816774773248284,1.5498995442956902,1.2664087028360644,-2.433524752077207,0.004646579885507762,0.559561430824545,-0.8287758529475598
391.0,23.558234643592993,7.0723595307451035,18.68458282950488,0.03774917217635121,-0.0917229165269502,-0.024735225402405803,1.5388680240917298,1.288045778266313,-2.4278057073557413,0.0046465798854891695,0.575683157543007,-0.8176596550012
392.0,23.595983815769344,6.980636614218153,18.659847604102474,0.03774917217635476,-0.09147098228783168,-0.02565120252963382,1.5277728661114085,1.3096591597360665,-2.4218610711268878,0.004646579885494094,0.5912407443147785,-0.806481736654634
393.0,23.6337329879457,6.889165631930322,18.63419640157284,0.03774917217635476,-0.09120990102671556,-0.02656461455799075,1.516615179861452,1.331246495722232,-2.4156907463135133,0.004646579885499199,0.6062458091103435,-0.7952637475903906
394.0,23.671482160122054,6.797955730903606,18.60763178701485,0.03774917217635476,-0.09093969885149811,-0.027475370147016065,1.5053960811010882,1.3528054304000763,-2.4092946603432273,0.004646579885464041,0.6207109602388253,-0.7840257094858326
395.0,23.70923133229841,6.707016032052108,18.580156416867833,0.03774917217635476,-0.0906604027821869,-0.028383378221938926,1.4941166917309292,1.3743336039000171,-2.4026727652257263,0.004646579885531057,0.6346496138513084,-0.7727860486148495
396.0,23.746980504474763,6.616355629269921,18.551773038645894,0.03774917217635476,-0.09037204074813765,-0.029288547982680768,1.482778139680356,1.395828652561594,-2.395825037624928,0.00464657988547163,0.6480758261880961,-0.7615616408446425
397.0,23.784729676651118,6.525983588521783,18.522484490663214,0.03774917217635476,-0.09007464158533462,-0.030190788913035504,1.4713815587954133,1.4172882091932917,-2.388751478931596,0.004646579885489485,0.6610041407828564,-0.7503678665583204
398.0,23.822478848827473,6.435908946936449,18.492293701750178,0.037749172176347656,-0.08976823503342235,-0.031090010789657896,1.4599280887242758,1.4387099033294,-2.381452115329478,0.004646579885503953,0.6734494505254467,-0.7392186732505757
399.0,23.86022802100382,6.346140711903026,18.46120369096052,0.03774917217635476,-0.08945285173282524,-0.03198612369110876,1.4484188748048663,1.4600913614907118,-2.3739269978632587,0.004646579885479383,0.6854268742189351,-0.7281266437878976
400.0,23.897977193180175,6.256687860170201,18.42921756726941,0.03774917217635476,-0.08912852322159015,-0.032879038006846883,1.4368550679485954,1.4814302074436858,-2.366176202498665,0.0046465798854992395,0.6969516470735605,-0.717103068559059
401.0,23.93572636535653,6.167559336948611,18.396338529262565,0.03774917217635476,-0.08879528193231145,-0.03376866444618187,1.4252378245267796,1.5027240624629945,-2.3581998301848515,0.004646579885478927,0.7080390244293805,-0.7061580199788562
402.0,23.973475537532885,6.0787640550163,18.362569864816383,0.03774917217635476,-0.0884531611888324,-0.03465491404721277,1.4135683062539233,1.5239705455934571,-2.3499980069101736,0.004646579885489958,0.7187041978936188,-0.6953004280348588
403.0,24.01122470970924,5.990310893827467,18.32791495076917,0.03774917217635476,-0.08810219520294904,-0.03553769818571695,1.4018476800722608,1.5451672739132478,-2.3415708837576634,0.004646579885490045,0.7289622230169394,-0.684538155773343
404.0,24.048973881885594,5.902208698624518,18.292377252583453,0.03774917217635121,-0.08774241907095615,-0.036416928584021235,1.3900771180344047,1.5663118627981627,-2.3329186369560198,0.004646579885513951,0.7388279575946041,-0.6738780738174774
405.0,24.086723054061945,5.814466279553562,18.25596032399943,0.03774917217635476,-0.08737386877018416,-0.03729251731980909,1.378257797187118,1.5874019261864059,-2.324041467929854,0.0046465798854728796,0.7483160096720892,-0.663326133183225
406.0,24.1244722262383,5.727092410783378,18.218667806679623,0.03774917217635121,-0.08699658115533726,-0.03816437683494911,1.3663908994522203,1.6084350768445181,-2.3149396033441563,0.004646579885516969,0.7574406943450477,-0.6528874358152861
407.0,24.16222139841465,5.640095829628041,18.180503429844673,0.03774917217635476,-0.08661059395488024,-0.0390324199442027,1.3544776115099966,1.6294089266337362,-2.3056132951497794,0.0046465798854606975,0.7662159984727333,-0.6425663023998383
408.0,24.199970570591006,5.55348523567316,18.14147100990047,0.03774917217635476,-0.08621594576719538,-0.039896559843988655,1.3425191246789845,1.6503210867774296,-2.296062820622069,0.0046465798854965846,0.7746555524594706,-0.6323663371330577
409.0,24.23771974276736,5.467269289905965,18.101574450056482,0.03774917217635476,-0.08581267605678367,-0.040756710121041095,1.3305166347980812,1.6711691681292904,-2.286288482400362,0.004646579885501364,0.7827726083108991,-0.6222904892198814
410.0,24.275468914943716,5.381456613849181,18.06081773993544,0.03774917217635121,-0.08540082515027869,-0.04161278476104613,1.318471342106264,1.6919507814415402,-2.27629060852189,0.0046465798854865865,0.7905800232186093,-0.6123411109692299
411.0,24.313218087120067,5.296055788698903,18.019204955174395,0.03774917217635121,-0.0849804342324223,-0.042464698157242964,1.3063844511227174,1.7126635376346129,-2.266069552454203,0.004646579885474005,0.7980902479866031,-0.6025200124178866
412.0,24.350967259296418,5.21107535446648,17.976740257017152,0.037749172176358314,-0.08455154534196385,-0.04331236511902503,1.2942571705264876,1.733305048067883,-2.255625693124811,0.004646579885526327,0.8053153196668857,-0.5928285124765753
413.0,24.388716431472776,5.126523809124516,17.933427891898127,0.03774917217635121,-0.08411420136742365,-0.04415570088037768,1.2820907130354544,1.7538729248079055,-2.2449594349467,0.004646579885477823,0.8122668578291135,-0.5832674866369516
414.0,24.426465603649127,5.042409607757093,17.88927219101775,0.03774917217635476,-0.08366844604285006,-0.04499462110844732,1.2698862952854018,1.7743647809031176,-2.234071207843378,0.004646579885495359,0.8189560639420735,-0.5738374113177653
415.0,24.464214775825482,4.958741161714243,17.844277569909302,0.03774917217635476,-0.08321432394338668,-0.0458290419118903,1.2576451377077238,1.7947782306519635,-2.2229614672676568,0.004646579885474773,0.8253937233993972,-0.5645384049542133
416.0,24.501963948001837,4.875526837770856,17.79844852799741,0.03774917217635476,-0.08275188048088289,-0.046658879849346135,1.245368464408175,1.8151108898781905,-2.2116306942214,0.004646579885509782,0.8315902097699553,-0.5553702659578824
417.0,24.53971312017819,4.792774957289973,17.751789648148065,0.03774917217635476,-0.08228116189928247,-0.0474840519376869,1.2330575030436755,1.8353603762008515,-2.2000793952685886,0.0046465798854719124,0.8375554909002273,-0.5463325076894539
418.0,24.577462292354546,4.710493795390691,17.70430559621038,0.03774917217635121,-0.08180221527006637,-0.048304475660412294,1.2207134847002694,1.8555243093098248,-2.188308102548963,0.004646579885501392,0.843299136538532,-0.5374243905971648
419.0,24.615211464530898,4.628691580120624,17.656001120549966,0.03774917217635121,-0.08131508848748581,-0.049120068975820885,1.2083376437693427,1.8756003112376654,-2.1763173737857056,0.004646579885491312,0.8488303271921908,-0.5286449516775568
420.0,24.65296063670725,4.5473764916331385,17.606881051574145,0.03774917217635476,-0.08081983026382566,-0.049930750325266615,1.1959312178248696,1.895586006634526,-2.164107792292823,0.004646579885488592,0.8541578639619058,-0.5199930314219624
421.0,24.690709808883604,4.466556661369313,17.55695030124888,0.03774917217635476,-0.0803164901244795,-0.05073643864129096,1.1834954474988195,1.9154790230418914,-2.1516799669770634,0.004646579885510663,0.8592901791337969,-0.5114672984068235
422.0,24.72845898105996,4.386240171244833,17.506213862607588,0.03774917217635476,-0.07980511840306104,-0.05153705335572667,1.1710315763582304,1.9352769911674477,-2.139034532339893,0.004646579885463202,0.864235347336166,-0.5030662716880394
423.0,24.766208153236313,4.306435052841772,17.45467680925186,0.03774917217635121,-0.0792857662362989,-0.05233251440777664,1.1585408507794943,1.9549775451602476,-2.1261721484730125,0.004646579885508558,0.8690010970962727,-0.4947883411529034
424.0,24.803957325412664,4.227149286605473,17.402344294844085,0.037749172176358314,-0.07875848555898823,-0.05312274225200042,1.146024519824949,1.9745783228858507,-2.113093501054514,0.004646579885493045,0.8735948226558565,-0.48663178597811524
425.0,24.841706497589023,4.148390801046485,17.349221552592084,0.03774917217635476,-0.0782233290987504,-0.05390765786625451,1.1334838351172127,1.9940769662004643,-2.099799301338982,0.004646579885463869,0.8780235959242997,-0.4785947913376513
426.0,24.879455669765377,4.070167471947735,17.29531389472583,0.03774917217635121,-0.07768035037079457,-0.05468718275966111,1.1209200507143406,2.013471121229391,-2.086290286147165,0.004646579885526164,0.8822941784683376,-0.47067546349501677
427.0,24.91720484194173,3.99248712157694,17.24062671196617,0.03774917217635121,-0.07712960367252641,-0.0554612389803566,1.108334422984148,2.0327584386396396,-2.0725672178503944,0.004646579885490157,0.8864130334521507,-0.46287184340973264
428.0,24.95495401411808,3.9153575179044138,17.185165472985812,0.03774917217635476,-0.07657114407817422,-0.05622974912337142,1.0957282104791903,2.051936573918019,-2.0586308843546064,0.004646579885467597,0.8903863374570613,-0.4551819189787397
429.0,24.992703186294435,3.8387863738262396,17.12893572386244,0.03774917217635476,-0.07600502743321513,-0.05699263633832885,1.0831026738099325,2.0710031876460686,-2.0444820990783232,0.004646579885495709,0.8942199921227815,-0.4476036360255582
430.0,25.03045235847079,3.7627813463930244,17.07194308752411,0.03774917217635476,-0.0754313103488573,-0.057749824337154365,1.070459075519742,2.0899559457770764,-2.0301217009310637,0.00464657988550095,0.8979196355619634,-0.44013490814480805
431.0,25.068201530647144,3.687350036044167,17.014193263186957,0.03774917217635121,-0.0748500501963183,-0.05850123740166424,1.0577986799577492,2.108792519910911,-2.015550554285468,0.004646579885483766,0.901490653510526,-0.43277362550013654
432.0,25.105950702823495,3.612499985847849,16.955692025785293,0.037749172176358314,-0.07426130510113937,-0.05924680039118613,1.0451227531531075,2.1275105875718174,-2.0007695489494024,0.004646579885485555,0.9049381901838397,-0.4255176626676788
433.0,25.143699874999854,3.5382386807467094,16.896445225394107,0.03774917217635121,-0.07366513393732799,-0.05998643875004106,1.0324325626877444,2.146107832482783,-1.9857796001323744,0.004646579885507069,0.9082671588161347,-0.4183648856099587
434.0,25.181449047176205,3.4645735468093815,16.836458786644066,0.03774917217635121,-0.07306159632151532,-0.060720078515011267,1.0197293775703216,2.1645819448433627,-1.9705816484117336,0.004646579885487184,0.9114822518664922,-0.41131315785877304
435.0,25.219198219352556,3.391511950487866,16.775738708129055,0.03774917217635476,-0.07245075260695577,-0.06144764632272981,1.0070144681087,2.1829306216042963,-1.9551766596932227,0.004646579885484898,0.914587950879393,-0.40436034598066206
436.0,25.25694739152891,3.3190611978809104,16.714291061806325,0.03774917217635476,-0.07183266387750731,-0.062169069417020495,0.994289105783161,2.20115156674383,-1.939565625170246,0.0046465798854898425,0.9175885359936038,-0.3975043243896633
437.0,25.294696563705266,3.247228534003403,16.652121992389304,0.03774917217635476,-0.07120739194153547,-0.06288427565617738,0.981554563119453,2.2192424915437723,-1.9237495612800377,0.004646579885484418,0.9204880950950818,-0.39074297957045306
438.0,25.33244573588162,3.1760211420618676,16.589237716733127,0.03774917217635476,-0.07057499932570366,-0.06359319352016968,0.9688121135610874,2.237201114864554,-1.9077295096557063,0.004646579885501754,0.9232905326138523,-0.384074213767335
439.0,25.370194908057975,3.105446142736164,16.525644523212957,0.03774917217635121,-0.06993554926875722,-0.06429575211781113,0.9560630313425506,2.2550251634209912,-1.8915065370769955,0.00464657988550217,0.925999577967047,-0.37749594819046506
440.0,25.407944080234326,3.0355105934674067,16.461348771095146,0.03774917217635121,-0.06928910571515745,-0.06499188119381571,0.943308591361286,2.272712372056741,-1.8750817354161045,0.004646579885489465,0.9286187936522968,-0.37100612578651626
441.0,25.445693252410678,2.9662214877522493,16.39635688990133,0.03774917217635476,-0.06863573330873285,-0.0656815111358604,0.9305500690508444,2.290260484019746,-1.858456221582645,0.004646579885471186,0.9311515829973114,-0.3646027136171221
442.0,25.483442424587032,2.8975857544435164,16.33067537876547,0.03774917217635476,-0.06797549738616793,-0.06636457298152365,0.9177887402526391,2.3076672512361376,-1.8416311374633176,0.004646579885494192,0.9336011975733379,-0.3582837048834304
443.0,25.521191596763387,2.8296102570573485,16.264310805783946,0.03774917217635476,-0.06730846397051682,-0.06704099842519895,0.9050258810890877,2.3249304345851005,-1.8246076498610424,0.004646579885495395,0.9359707442805385,-0.3520471206334495
444.0,25.558940768939742,2.7623017930868317,16.197269807358747,0.03774917217635121,-0.06663469976455172,-0.06771071982489119,0.8922627678352916,2.342047804171468,-1.8073869504285387,0.0046465798854932894,0.9382631921147147,-0.3458910111842658
445.0,25.596689941116093,2.69566709332228,16.129559087533856,0.037749172176358314,-0.06595427214414507,-0.06837367020903429,0.8795006767921124,2.3590171396008373,-1.7899702556016375,0.004646579885496365,0.9404813786252584,-0.33981345728870266
446.0,25.63443911329245,2.629712821178135,16.061185417324822,0.03774917217635476,-0.0652672491514803,-0.06902978328312948,0.8667408841578675,2.375836230250109,-1.772358806526731,0.004646579885487836,0.9426280160746366,-0.33381257107329326
447.0,25.672188285468806,2.5644455720266546,15.992155634041692,0.03774917217635121,-0.0645736994882955,-0.06967899343642081,0.8539846659013565,2.392502875542185,-1.7545538689881186,0.004646579885473825,0.9447056973100256,-0.32788649677189574
448.0,25.709937457645157,2.499871872538359,15.922476640605272,0.03774917217635121,-0.06387369250896802,-0.07032123574843396,0.8412332976335981,2.4090148852166964,-1.7365567333296936,0.0046465798855045756,0.9467169013576832,-0.32203341127757956
449.0,25.74768662982151,2.435998180029391,15.852155404856838,0.03774917217635476,-0.06316729821362088,-0.07095644599547768,0.8284880544809166,2.425370079601686,-1.7183687143760107,0.004646579885498994,0.9486639987511891,-0.3162515245319324
450.0,25.785435801997863,2.37283088181577,15.78119895886136,0.03774917217635476,-0.06245458724108799,-0.07158456065704755,0.815750210956917,2.4415662898838892,-1.6999911513483845,0.004646579885488305,0.9505492566041104,-0.31053907977055145
451.0,25.823184974174218,2.310376294574682,15.709614398204312,0.03774917217635476,-0.061735630861879276,-0.0722055169222049,0.8030210408354319,2.45760135837992,-1.6814254077797153,0.004646579885479708,0.9523748434378126,-0.3048943536410101
452.0,25.860934146350573,2.248640663712803,15.637408881282107,0.03774917217635476,-0.06101050097103444,-0.07281925269584733,0.7903018170228642,2.4734731388053466,-1.6626728714250265,0.004646579885496009,0.9541428337749666,-0.29931565620803086
453.0,25.898683318526928,2.1876301627417685,15.56458962858626,0.03774917217635476,-0.06027927008092515,-0.07342570660489578,0.7775938114308201,2.489179496543075,-1.6437349541693616,0.0046465798855012085,0.9558552125090531,-0.2938013308592059
454.0,25.936432490703282,2.1273508926608433,15.491163921981364,0.037749172176347656,-0.059542011314044796,-0.07402481800447092,0.7648982948494694,2.5047183089124565,-1.624613091933975,0.0046465798854804456,0.9575138790598594,-0.28834975412354474
455.0,25.97418166287963,2.0678088813467985,15.417139103976893,0.03774917217635476,-0.058798798395651275,-0.07461652698393806,0.7522165368198089,2.5200874654368026,-1.6053087445774374,0.004646579885498271,0.9591206513248564,-0.2829593354133255
456.0,26.011930835055985,2.0090100829511472,15.342522576992955,0.03774917217635476,-0.0580497056464222,-0.07520077437288819,0.7395498055071614,2.5352848681087354,-1.5858233957954488,0.004646579885481898,0.9606772694357172,-0.27762851669974803
457.0,26.04968000723234,1.950960377304725,15.267321802620067,0.03774917217635476,-0.05729480797499287,-0.07577750174705855,0.726899367573888,2.550308431657285,-1.5661585530165099,0.004646579885501772,0.9621853993294622,-0.27235577213007794
458.0,26.087429179408694,1.8936655693297322,15.191544300873009,0.03774917217635476,-0.056534180870517314,-0.07634665143421238,0.7142664880534447,2.5651560838133927,-1.5463157472965652,0.004646579885497123,0.9636466361426216,-0.2671396075956876
459.0,26.12517835158505,1.8371313884592149,15.115197649438796,0.03774917217635476,-0.05576790039506552,-0.07690816651983567,0.701652430223193,2.579825765572407,-1.5262965332080496,0.004646579885475342,0.9650625074373551,-0.2619785602565459
460.0,26.162927523761404,1.7813634880641493,15.03828948291896,0.037749172176347656,-0.05499604317604678,-0.07746199085290328,0.6890584554783804,2.5943154314592434,-1.5061024887281576,0.0046465798855013256,0.9664344762673172,-0.25687119802983704
461.0,26.20067669593775,1.7263674448881026,14.960827492066057,0.037749172176358314,-0.05421868639854743,-0.0780080690514442,0.6764858232061001,2.608623049790073,-1.4857352151235197,0.004646579885485647,0.9677639440913771,-0.25181611904735096
462.0,26.23842586811411,1.6721487584895551,14.882819423014613,0.03774917217635121,-0.05343590779757834,-0.0785463465080678,0.663935790658861,2.622746602932063,-1.465196336830834,0.004646579885487911,0.9690522535423907,-0.2468119510878311
463.0,26.27617504029046,1.6187128506919768,14.804273076506545,0.03774917217635476,-0.052647785650364654,-0.07907676939550612,0.6514096128296694,2.6366840875678212,-1.4444875013375233,0.004646579885497418,0.970300691058556,-0.2418573509874287
464.0,26.313924212466816,1.5660650650416121,14.72519630711104,0.03774917217635476,-0.0518543987684601,-0.07959928467190203,0.6389085423258238,2.650433514950759,-1.4236103790559218,0.004646579885491941,0.9715104893837324,-0.23695100403405928
465.0,26.35167338464317,1.514210666273152,14.645597022439137,0.03774917217635476,-0.05105582648989393,-0.08011384008617028,0.6264338292439791,2.663992911165856,-1.4025666631971156,0.004646579885496516,0.9726828299436839,-0.23209162334757813
466.0,26.389422556819525,1.463154839783258,14.565483182352967,0.03774917217635476,-0.050252148671215524,-0.08062038418317563,0.6139867210448916,2.677360317385393,-1.3813580696404684,0.004646579885491421,0.9738188451041424,-0.22727794925025635
467.0,26.42717172899588,1.4129026911120426,14.484862798169791,0.037749172176347656,-0.04944344567955361,-0.08111886630895704,0.6015684624292116,2.69053379012715,-1.3599863368020562,0.004646579885489678,0.974919620316772,-0.22250874862972989
468.0,26.464920901172228,1.363459245432489,14.403743931860834,0.03774917217635476,-0.04862979838452408,-0.08160923661569974,0.589180295212341,2.7035114015074813,-1.3384532254976567,0.004646579885486948,0.9759861961586751,-0.2177828142969223
469.0,26.502670073348582,1.314829447047965,14.322134695245134,0.03774917217635476,-0.047811288150185316,-0.08209144606680141,0.5768234582007514,2.7162912394962797,-1.316760518805317,0.00464657988549764,0.9770195702706095,-0.21309896434192555
470.0,26.540419245524937,1.2670181588977796,14.240043249178333,0.03774917217635476,-0.046987996826867384,-0.08256544644168962,0.5644991870677231,2.7288714081683487,-1.294910021923256,0.0046465798854842715,0.9780206991993519,-0.20845604148831628
471.0,26.578168417701292,1.2200301620709122,14.157477802736643,0.03774917217635476,-0.04616000674302523,-0.08303119034074236,0.5522087142301968,2.741250027956889,-1.2729035620267126,0.004646579885491532,0.9789905001485967,-0.20385291244956089
472.0,26.615917589877647,1.173870155327887,14.074446612395901,0.03774917217635476,-0.04532740069697727,-0.08348863118995808,0.5399532687252145,2.753425235901859,-1.2507429881202663,0.0046465798854929226,0.9799298526434161,-0.19928846728704638
473.0,26.653666762054,1.1285427546309097,13.990957981205943,0.03774917217635476,-0.04449026194863537,-0.08393772324563287,0.5277340760871296,2.7653951858993002,-1.2284301708883583,0.004646579885489006,0.9808396001123116,-0.1947616187725091
474.0,26.691415934230356,1.0840524926822743,13.90702025796031,0.037749172176347656,-0.04364867421116503,-0.08437842159891673,0.5155523582248802,2.7771580489482313,-1.2059670025423819,0.004646579885492624,0.9817205513911558,-0.19027130175518475
475.0,26.729165106406704,1.0404038184711093,13.822641836361393,0.03774917217635476,-0.04280272164265253,-0.08481068218036292,0.5034093333002709,2.788712013398796,-1.1833553966664299,0.0046465798854854155,0.9825734821528862,-0.1858164725349178
476.0,26.76691427858306,0.9976010968284568,13.73783115418103,0.03774917217635476,-0.0419524888376448,-0.08523446176426752,0.49130621560561216,2.8000552851941842,-1.1605972880579487,0.004646579885490275,0.9833991362666601,-0.18139610824203112
477.0,26.804663450759413,0.955648607990812,13.652596692416763,0.03774917217635476,-0.0410980608187157,-0.08564971797302867,0.47924421544261037,2.8111860881158655,-1.1376946325676551,0.004646579885493133,0.9841982270900356,-0.17700920622441865
478.0,26.84241262293577,0.9145505471720963,13.566946974443734,0.03774917217635476,-0.040239523027947754,-0.0860564092813565,0.4672245390011443,2.822102664024162,-1.1146494069354782,0.004646579885494955,0.9849714386973919,-0.1726547834430249
479.0,26.880161795112123,0.8743110241441485,13.480890565162378,0.03774917217635476,-0.03937696131841184,-0.08645449502047597,0.45524838823892455,2.832803273100021,-1.0914636086248843,0.004646579885496018,0.9857194270478855,-0.16833187587547419
480.0,26.917910967288478,0.8349340628257367,13.394436070141902,0.03774917217635476,-0.038510461945558294,-0.08684393538213442,0.44331696076103183,2.843286194082211,-1.0681392556532014,0.004646579885486298,0.986442821095849,-0.16403953792860548
481.0,26.955660139464833,0.7964236008801784,13.307592134759767,0.03774917217635476,-0.03764011155860647,-0.08722469142263911,0.431431449700311,2.853549724506104,-1.0446783864202762,0.004646579885494743,0.9871422238464483,-0.15977684186031477
482.0,26.993409311641187,0.7587834893215719,13.220367443337128,0.037749172176347656,-0.036765997191857025,-0.08759672506666583,0.4195930435978238,2.8635921809369247,-1.021083059533417,0.004646579885487035,0.9878182133593287,-0.15554287721059865
483.0,27.031158483817535,0.7220174921297149,13.132770718270462,0.03774917217635476,-0.03588820625603206,-0.08795999911119701,0.4078029262844703,2.873411899207798,-0.9973553536314791,0.004646579885489873,0.9884713437027156,-0.15133675024235083
484.0,27.06890765599389,0.6861292858736828,13.044810719159265,0.03774917217635476,-0.035006826529486834,-0.08831447722911001,0.39606227676208194,2.883007234647655,-0.9734973672037611,0.0046465798854875414,0.9891021458604291,-0.1471575833916221
485.0,27.106656828170244,0.651122459344196,12.956496241930155,0.03774917217635476,-0.03412194614946529,-0.08866012397291101,0.384372269085887,2.8923765623156434,-0.9495112184085361,0.004646579885497707,0.9897111285940365,-0.1430045147276345
486.0,27.1444060003466,0.6170005131947307,12.867836117957244,0.03774917217635476,-0.033233653603255364,-0.08899690477817401,0.37273407224677335,2.9015182772268258,-0.9253990448871324,0.004646579885491852,0.990298779262272,-0.13887669742264738
487.0,27.182155172522954,0.5837668595914753,12.77883921317907,0.03774917217635476,-0.03234203771938482,-0.08932478596713977,0.36114885005487346,2.910430794583445,-0.901163003577477,0.004646579885494828,0.9908655645997794,-0.13477329923144385
488.0,27.21990434469931,0.5514248218720905,12.68951442721193,0.037749172176347656,-0.03144718765869203,-0.0896437347519381,0.34961776102267716,2.919112549996423,-0.8768052705225672,0.004646579885485631,0.9914119314571047,-0.13069350198024818
489.0,27.257653516875656,0.5199776342133985,12.599870692459993,0.03774917217635476,-0.030549192905442113,-0.08995371923796647,0.3381419582495327,2.927561999712281,-0.8523280406785122,0.004646579885485938,0.9919383075036753,-0.1266365010654988
490.0,27.29540268905201,0.4894284413079564,12.509916973222026,0.03774917217635476,-0.029648143258359516,-0.09025470842704308,0.32672258930611814,2.935777620833178,-0.8277335277185646,0.004646579885502465,0.9924451018955476,-0.12260150496182234
491.0,27.333151861228366,0.45978029804959686,12.419662264794983,0.03774917217635476,-0.028744128821652615,-0.0905466722204693,0.3153607961197583,2.9437579115368773,-0.803023963835312,0.004646579885491176,0.9929327059095256,-0.11858773473911806
492.0,27.37090103340472,0.43103616922794424,12.329115592574514,0.03774917217635476,-0.02783723999601978,-0.09082958142213826,0.30405771486039024,2.9515013912971977,-0.7782015995406151,0.004646579885489387,0.9934014935451048,-0.11459442358912252
493.0,27.408650205581075,0.40319892923192446,12.238286011152375,0.03774917217635476,-0.0269275674695863,-0.09110340774135572,0.2928144758267057,2.959006601097711,-0.7532687034619726,0.004646579885486279,0.9938518220957935,-0.11062081636038881
494.0,27.44639937775743,0.37627136176233816,12.14718260341102,0.03774917217635476,-0.02601520220884651,-0.09136812379573023,0.28163220333323097,2.966272103647778,-0.7282275621373167,0.004646579885496576,0.9942840326910656,-0.10666616910229568
495.0,27.484148549933785,0.35025615955349165,12.05581447961529,0.03774917217635476,-0.02510023544956058,-0.09162370311384116,0.27051201559784216,2.9732964835930296,-0.7030804798068506,0.004646579885486072,0.9946984508102908,-0.1027297486173076
496.0,27.52189772211014,0.32515592410393107,11.964190776501448,0.037749172176347656,-0.024182758687649186,-0.0918701201380081,0.2594550246301195,2.980078347729054,-0.6778297782031101,0.0046465798854958325,0.9950953867698149,-0.09881083202159743
497.0,27.559646894286487,0.3009731654162819,11.87232065636344,0.03774917217635476,-0.023262863670020673,-0.09210735022671557,0.24846233611991242,2.986616325206616,-0.652477796337457,0.0046465798854925565,0.995475136184363,-0.09490870631344495
498.0,27.597396066462842,0.2777103017462612,11.780213306136725,0.03774917217635476,-0.022340642385413,-0.09233536965716738,0.23753504932693983,2.992909067739644,-0.6270268902852169,0.0046465798854932105,0.9958379804037835,-0.09102266794970287
499.0,27.635145238639197,0.2553696593608482,11.687877936479557,0.03774917217635476,-0.02141618705517978,-0.09255415562757996,0.2266742569707088,2.9989552498081724,-0.6014794329675877,0.004646579885489777,0.9961841869262187,-0.08715202242929537
500.0,27.67289441081555,0.23395347230566843,11.595323780851977,0.03774917217635476,-0.020489590124090018,-0.09276368625957154,0.2158810451214704,3.004753568863107,-0.5758378139321549,0.004646579885490483,0.9965140097885697,-0.08329608388438298
501.0,27.710643582991906,0.2134638821815784,11.502560094592406,0.037749172176347656,-0.019560944251063528,-0.09296394060023339,0.2051564930914066,3.0103027455230524,-0.5501044391298999,0.004646579885482684,0.9968276899352231,-0.0794541746780782
502.0,27.748392755168254,0.19390293793051488,11.409596153992172,0.03774917217636187,-0.018630342299912672,-0.0931548986243147,0.1945016733267674,3.0156015237751737,-0.5242817306906429,0.004646579885497664,0.9971254555658237,-0.07562562500909371
503.0,27.786141927344616,0.1752725956306022,11.316441255367858,0.037749172176347656,-0.017697877330054568,-0.09333654123614998,0.18391765130062632,3.0206486711675216,-0.49837212669588593,0.004646579885495551,0.9974075224629141,-0.07180977252268039
504.0,27.823891099520964,0.15757471830054764,11.223104714131708,0.03774917217635476,-0.016763642587212746,-0.09350885027164679,0.1734054854064036,3.0254429790067285,-0.47237808094966727,0.004646579885491453,0.9976740943001763,-0.06800596192754572
505.0,27.86164027169732,0.1408110757133349,11.129595863860061,0.03774917217635476,-0.015827731494081898,-0.09367180850003898,0.16296622685191753,3.029983262545504,-0.4463020627465646,0.0046465798854888425,0.9979253629319359,-0.06421354461896717
506.0,27.899389443873673,0.124983344219253,11.035924055360022,0.03774917217635476,-0.014890237640993675,-0.0938253996256524,0.15260091955434749,3.034268361174116,-0.4201465566380186,0.0046465798854886135,0.9981615086646339,-0.06043187830698027
507.0,27.937138616050028,0.11009310657825933,10.94209865573437,0.03774917217635476,-0.013951254776546629,-0.09396960828947343,0.1423106000357283,3.0382971386049196,-0.3939140621958657,0.004646579885493336,0.9983827005108099,-0.05666032665022371
508.0,27.974887788226383,0.0961418518017127,10.848129047444896,0.03774917217635476,-0.013010876798248805,-0.09410442007077968,0.1320962973194787,3.0420684830594933,-0.36760709377446493,0.004646579885493783,0.9985890964261975,-0.05289825889458232
509.0,28.012636960402737,0.08313097500346389,10.754024627374116,0.037749172176347656,-0.012069197743113935,-0.0942298214884989,0.1219590328273541,3.045581307448305,-0.34122818026975615,0.0046465798854909285,0.9987808435304446,-0.049145049516520795
510.0,28.050386132579085,0.07106177726034996,10.659794805885618,0.03774917217636187,-0.011126311778262898,-0.0943458000026034,0.11189982027735629,3.0488345495521703,-0.3147798648766962,0.004646579885492977,0.9989580783119397,-0.04540007787090565
511.0,28.088135304755447,0.05993546548208706,10.565449005883014,0.037749172176347656,-0.010182313191505143,-0.09445234401531444,0.10191966558234543,3.051827172196959,-0.2882647048443456,0.004646579885489301,0.9991209268171958,-0.04166272784294679
512.0,28.125884476931795,0.049753152290581915,10.4709966618677,0.03774917217635476,-0.00923729638191273,-0.09454944287234035,0.09201956674947355,3.054558163432587,-0.26168527122899105,0.004646579885494347,0.9992695048252117,-0.0379323875038696
513.0,28.16363364910815,0.040515855908669185,10.37644721899536,0.03774917217635476,-0.00829135585038171,-0.09463708686386774,0.08220051378040152,3.0570265367015095,-0.23504414864510878,0.004646579885485445,0.9994039180071749,-0.034208448770386105
514.0,28.201382821284504,0.032224500058287475,10.281810132131492,0.03774917217635476,-0.007344586190173474,-0.094715267225574,0.07246348857220743,3.059231331011094,-0.2083439350139989,0.004646579885495087,0.9995242620718706,-0.030490307067175242
515.0,28.23913199346086,0.024879913868114,10.187094864905918,0.03774917217635476,-0.006397082077468752,-0.09478397613949596,0.06280946481933558,3.0611716111004643,-0.1815872413109832,0.004646579885488474,0.9996306228970983,-0.02677736099258395
516.0,28.276881165637214,0.01848283179064525,10.092310888766422,0.03774917217635476,-0.005448938261884695,-0.09484320673477598,0.05323940791607063,3.0628464676045666,-0.15477669130977897,0.004646579885496725,0.9997230766473856,-0.023069011986935485
517.0,28.31463033781357,0.013033893528760554,9.997467682031646,0.037749172176347656,-0.004500249557016223,-0.09489295308842038,0.04375427486016277,3.064255017218591,-0.12791492132576898,0.004646579885489656,0.999801689878251,-0.019364664003323814
518.0,28.352379509989916,0.008533643971744331,9.902574728943225,0.03774917217635476,-0.003551110830942561,-0.09493321022583956,0.03435501415700631,3.0653964028567557,-0.10100457995650022,0.004646579885491253,0.9998665196272406,-0.015663723180538432
519.0,28.39012868216627,0.00498253314080177,9.807641518717386,0.03774917217635476,-0.002601616996744327,-0.09496397412135416,0.02504256572482861,3.0662697938091803,-0.0740483278206889,0.004646579885491012,0.9999176134919351,-0.011965597517922505
520.0,28.427877854342626,0.0023809161440574433,9.712677544596032,0.03774917217635476,-0.0016518630030153414,-0.0949852416985717,0.015817860800728743,3.066874385896578,-0.047048837295287214,0.004646579885484891,0.999955009695091,-0.008269696551777917
521.0,28.46562702651898,0.000729053141042102,9.61769230289746,0.03774917217635476,-0.0007019438243628384,-0.09499701083078627,0.006681821847505083,3.0672094016246243,-0.02000879225042782,0.004646579885490667,0.9999787371370594,-0.004575431033165451
522.0,28.503376198695335,2.710931667926353e-05,9.522695292066674,0.037749172176347656,0.00024804554808810497,-0.09499928034107974,-0.0023646375385717633,3.067274090330238,0.007069112217303922,0.004646579885496528,0.9999888154355949,-0.0008822126067014614
523.0,28.541125370871683,0.0002751548647673685,9.427696011725594,0.03774917217636187,0.001198010116191195,-0.09499205000251187,-0.011320612719095059,3.0670677283308327,0.034182170053420176,0.0046465798854941984,0.9999852549531336,0.0028105465098270744
524.0,28.578874543048045,0.0014731649809585634,9.332703961723082,0.03774917217635476,0.002147854884279765,-0.09497532053809188,-0.02018520810399607,3.066589619065935,0.061327664515994,0.004646579885489031,0.9999680568116097,0.006503433845368614
525.0,28.6166237152244,0.0036210198652383285,9.23772864118499,0.037749172176347656,0.0030974848686707857,-0.09494909362076775,-0.02895753724114442,3.065839093241595,0.08850286844800628,0.004646579885495773,0.999937212894832,0.010197036995271618
526.0,28.654372887400747,0.006718504733909114,9.142779547564222,0.03774917217635476,0.004046805107156215,-0.09491337187320603,-0.0376367229049277,3.064815508966836,0.11570504455112393,0.004646579885491266,0.9998927058384351,0.01389194394101195
527.0,28.692122059577102,0.01076530984106533,9.047866175691016,0.03774917217635476,0.00499572066850279,-0.09486815886756261,-0.046221897184007626,3.063518251890235,0.14293144566151197,0.004646579885486832,0.9998345090073776,0.01758874337024269
528.0,28.729871231753457,0.01576103050956812,8.952998016823454,0.03774917217635476,0.005944136661945487,-0.09481345912506711,-0.054712201568113406,3.061946735331929,0.17017931502725622,0.0046465798854936685,0.9997625864609444,0.021288024997416024
529.0,28.76762040392981,0.021705167171513606,8.858184557698387,0.03774917217635476,0.006891958246675711,-0.09474927811568534,-0.06310678703388602,3.0601004004168932,0.19744588658742648,0.004646579885489324,0.9996768929051797,0.02499037988533647
530.0,28.805369576106166,0.028597125418189318,8.763435279582701,0.037749172176347656,0.007839090641324209,-0.09467562225744253,-0.07140481412976836,3.0579787161987015,0.2247283852527791,0.00464657988549171,0.9995773736326476,0.028696400767801097
531.0,28.843118748282514,0.036436216059513526,8.668759657325259,0.03774917217636187,0.008785439133441875,-0.0945924989158815,-0.07960545305997586,3.055581179787426,0.2520240271881865,0.004646579885490999,0.9994639644493927,0.03240668237371982
532.0,28.880867920458876,0.0452216551929554,8.574167158409377,0.037749172176347656,0.009730909088966844,-0.09449991640324029,-0.08770788376743727,3.0529073164679694,0.2793300200964659,0.0046465798854941325,0.9993365915889487,0.03612182175293308
533.0,28.918617092635223,0.054952564281922245,8.479667242006137,0.03774917217635476,0.010675405961691586,-0.09439788397771487,-0.09571129601583599,3.049956679823227,0.3066435635039838,0.004646579885488155,0.9991951716132124,0.03984241860392943
534.0,28.956366264811578,0.06562797024361383,8.385269358028422,0.03774917217635476,0.01161883530271629,-0.09428641184245556,-0.10361488947061959,3.046728851846338,0.3339618490476649,0.004646579885491443,0.9990396112999623,0.04356907560400905
535.0,28.994115436987933,0.07724680554633012,8.290982946185967,0.03774917217635476,0.01256110276989486,-0.09416551114459537,-0.11141787377904494,3.043223443056167,0.3612820607635586,0.004646579885494765,0.9988698075167979,0.047302398741742066
536.0,29.031864609164288,0.08980790831622498,8.196817435041371,0.03774917217635476,0.013502114137261934,-0.09403519397407045,-0.11911946864914895,3.039440092605238,0.3886013753766441,0.004646579885494559,0.9986856470812123,0.0510429976524503
537.0,29.069613781340642,0.10331002245348692,8.1027822410673,0.03774917217635476,0.014441775304467275,-0.09389547336252413,-0.1267189039278849,3.035378468390294,0.4159169625926271,0.004646579885486659,0.9984870066065081,0.05479148595669817
538.0,29.107362953516997,0.11775179775795419,8.008886767704777,0.037749172176347656,0.015379992306177481,-0.09374636328188313,-0.1342154196780581,3.031038267152991,0.4432259853905674,0.004646579885494312,0.9982737523332234,0.05854848160212006
539.0,29.145112125693345,0.13313179006413167,7.9151404044228935,0.03774917217635476,0.016316671321473464,-0.09358787864303775,-0.14160826625433523,3.0264192145836986,0.47052560031715185,0.004646579885490389,0.9980457399456979,0.062314607209000714
540.0,29.1828612978697,0.14944846138560514,7.821552525779856,0.03774917217635476,0.017251718683236328,-0.09342003529432574,-0.14889670437823654,3.021521065418466,0.4978129577824165,0.004646579885492473,0.9978028143733827,0.06609049041976048
541.0,29.220610470046054,0.16670018006884146,7.72813249048553,0.03774917217635476,0.018185040887503723,-0.09324285001991672,-0.15608000521197746,3.016343603533932,0.5250852023563588,0.004646579885490403,0.9975448095764722,0.06987676425255798
542.0,29.25835964222241,0.1848852209563452,7.634889640465613,0.03774917217635476,0.019116544602838847,-0.09305634053821699,-0.16315745043151028,3.0108866420416764,0.5523394730677003,0.004646579885492232,0.9972715483153646,0.07367406745961014
543.0,29.296108814398764,0.20400176555918403,7.541833299927396,0.03774917217635476,0.020046136679643556,-0.09286052550001145,-0.17012833229818775,3.0051500233749118,0.5795729037027739,0.00464657988548631,0.9969828419034763,0.07748304489006536
544.0,29.33385798657512,0.2240479022388276,7.448972774427385,0.03774917217635476,0.02097372415948623,-0.09265542448664466,-0.17699195372964363,2.9991336193759075,0.606782623106604,0.004646579885489115,0.996678489942837,0.08130434785811952
545.0,29.371607158751473,0.24502162639831382,7.35631734994074,0.03774917217635476,0.021899214284388513,-0.09244105800802593,-0.18374762836942468,2.9928373313779137,0.6339657554845377,0.004646579885496155,0.9963582800419006,0.08513863451637721
546.0,29.409356330927828,0.26692084068270233,7.263876291932714,0.037749172176347656,0.022822514506114167,-0.09221744750065053,-0.19039468065573975,2.986261090287119,0.6611194207056941,0.004646579885491443,0.9960219875149326,0.08898657023490211
547.0,29.447105503104176,0.2897433551888165,7.171658844432064,0.03774917217635476,0.023743532495406228,-0.09198461532537205,-0.1969324458888661,2.9794048566572275,0.6882407346066323,0.004646579885485894,0.9956693750623147,0.09284882798607505
548.0,29.48485467528053,0.3134868876842227,7.079674229106692,0.03774917217635476,0.02466217615123789,-0.09174258476522201,-0.203360270297764,2.972268620764227,0.7153268092971973,0.004646579885493101,0.9953001924310239,0.09672608873584505
549.0,29.522603847456885,0.3381490638354606,6.98793164434147,0.03774917217635476,0.025578353610002214,-0.09149138002303037,-0.20967751110529242,2.9648524026759002,0.742374753466266,0.0046465798854932044,0.9949141760545706,0.10061904184110898
550.0,29.56035301963324,0.36372741744546283,6.896440264318439,0.03774917217635476,0.026491973254721857,-0.09123102621908785,-0.21588353659267917,2.9571562523213553,0.7693816726898506,0.004646579885486557,0.9945110486715093,0.10452838545420419
551.0,29.598102191809595,0.3902193907001847,6.805209238099351,0.037749172176347656,0.02740294372419344,-0.09096154938855072,-0.22197772616254288,2.949180249552744,0.7963446697389941,0.004646579885492065,0.9940905189217282,0.10845482693405871
552.0,29.635851363985942,0.4176223344243781,6.714247688710801,0.03774917217636187,0.02831117392213084,-0.09068297647888279,-0.2279594704010185,2.9409245042078878,0.8232608448893445,0.004646579885495333,0.9936522809195351,0.11239908326482509
553.0,29.673600536162304,0.44593350834650897,6.623564712231918,0.03774917217635476,0.029216573026263126,-0.09039533534711808,-0.2338281711386029,2.9323891561660846,0.8501272962311683,0.00464657988549465,0.9931960138025783,0.11636188148202391
554.0,29.71134970833866,0.4751500813727721,6.5331693768848,0.037749172176347656,0.030119050497443067,-0.09009865475715628,-0.23958324151018204,2.923574375406007,0.8769411199812961,0.004646579885493228,0.9927213812555976,0.12034395910616573
555.0,29.749098880515007,0.5052691318702152,6.4430707221276435,0.03774917217635476,0.031018516088672232,-0.0897929643768034,-0.24522410601348993,2.9144803620541126,0.9036994107943898,0.004646579885486339,0.992228031007804,0.12434606458486755
556.0,29.78684805269136,0.5362876479588874,6.35327775775084,0.03774917217635476,0.03191487985414332,-0.08947829477484515,-0.25075020056679287,2.9051073464337813,0.9303992620764152,0.004646579885488984,0.9917155943028106,0.12836895774287033
557.0,29.824597224867716,0.5682025278130307,6.263799462975995,0.03774917217635476,0.03280805215821947,-0.08915467741796146,-0.25616097256518455,2.895455589109749,0.9570377662978936,0.004646579885490299,0.9911836853398338,0.13241341024047742
558.0,29.86234639704407,0.6010105799712502,6.1746447855580335,0.03774917217635476,0.033697943684422804,-0.0888221446676365,-0.261455880936036,2.8855253809311834,0.9836120153091716,0.004646579885495778,0.9906319006847952,0.1364802060410136
559.0,29.900095569220426,0.634708523655673,6.085822640890397,0.037749172176347656,0.034584465444338575,-0.08848072977686172,-0.2666343961928957,2.875317043068219,1.0101191006548513,0.004646579885490131,0.9900598186500157,0.1405701418867673
560.0,29.937844741396773,0.6692929891000116,5.997341911113535,0.03774917217636187,0.03546752878653325,-0.08813046688685588,-0.27169600048858505,2.864830927048637,1.036556113890285,0.004646579885485901,0.9894669986409369,0.1446840277842173
561.0,29.975593913573135,0.7047605178865448,5.909211444226679,0.03774917217635476,0.036347045405400014,-0.08777139102358333,-0.2766401876668195,2.8540674147869716,1.062920146897679,0.004646579885501306,0.988852980468331,0.14882268749846636
562.0,30.01334308574949,0.7411075632919448,5.821440053203096,0.037749172176347656,0.0372229273500192,-0.08740353809435941,-0.2814664633130761,2.843026918617034,1.089208292204153,0.0046465798854931515,0.9882172836243861,0.15298695905667006
563.0,30.051092257925838,0.778330490641964,5.734036515108737,0.03774917217635476,0.03809508703291964,-0.08702694488416363,-0.2861743448037688,2.831709881313773,1.115417643298632,0.004646579885480709,0.9875594065207758,0.15717769526144892
564.0,30.088841430102192,0.8164255776748837,5.647009570224573,0.03774917217635476,0.03896343723886564,-0.08664164905199989,-0.2907633613547023,2.820116776116119,1.141545294951138,0.0046465798854986515,0.986878825686989,0.16139576421343066
565.0,30.126590602278547,0.8553890149137493,5.560367921172573,0.03774917217635476,0.039827891133558446,-0.08624768912714131,-0.2952330540680446,2.8082481067462,1.1675883435310934,0.004646579885482396,0.986174994926907,0.16564204984327777
566.0,30.164339774454902,0.8952169060473077,5.474120232045432,0.03774917217635476,0.04068836227232142,-0.08584510450522664,-0.2995829759781855,2.7961044074227956,1.193543887326852,0.004646579885493653,0.9854473444314676,0.16991745245364345
567.0,30.202088946631257,0.9359052683196292,5.388275127540205,0.037749172176347656,0.04154476460876766,-0.08543393544440736,-0.3038126920966353,2.7836862428757905,1.2194090268663107,0.004646579885493191,0.9846952798453149,0.17422288927039598
568.0,30.239838118807604,0.9774500329283968,5.302841192095798,0.03774917217635476,0.04239701250337413,-0.0850142230612363,-0.30792177945528043,2.7709942083522763,1.245180865236298,0.004646579885495846,0.9839181812850792,0.1785592950031718
569.0,30.27758729098396,1.019847045431771,5.217826969034562,0.03774917217635476,0.04324502073206382,-0.08458600932661398,-0.3119098271488328,2.758028929623051,1.2708565084039227,0.004646579885485044,0.9831154023067327,0.1829276224156406
570.0,30.315336463160314,1.0630920661638348,5.133240959707948,0.03774917217635476,0.04408870449471047,-0.08414933706152983,-0.3157764363757664,2.7447910629828947,1.296433065537061,0.004646579885493,0.9822862688196075,0.18732884290418716
571.0,30.35308563533667,1.1071807706585453,5.049091622646418,0.03774917217635476,0.04492797942365079,-0.08370424993287351,-0.3195212204784602,2.7312812952516032,1.3219076493267776,0.004646579885486755,0.981430077944068,0.1917639470861733
572.0,30.390834807513023,1.152108750082196,4.965387372713544,0.03774917217635476,0.04576276159209147,-0.08325079244897626,-0.3231438049816137,2.7175003437662517,1.347277376308116,0.004646579885501025,0.9805460968101962,0.19623394539594025
573.0,30.42858397968938,1.1978715116742875,4.882136580264568,0.03774917217635476,0.04659296752250963,-0.08278900995521621,-0.3266438276297957,2.7034489563745234,1.3725393671822812,0.004646579885486235,0.9796335612942003,0.20073986868933233
574.0,30.466333151865733,1.2444644791967971,4.799347570309352,0.03774917217635476,0.04741851419499632,-0.08231894862943712,-0.3300209384235955,2.68912791142153,1.3976907471386748,0.004646579885495225,0.9786916746894465,0.2052827688553872
575.0,30.504082324042088,1.2918829933917935,4.717028621679915,0.037749172176347656,0.04823931905558254,-0.08184065547740182,-0.33327479965482454,2.6745380177367863,1.4227286461779798,0.004646579885489732,0.9777196063086068,0.2098637194350427
576.0,30.541831496218435,1.340122312447376,4.635187966202513,0.03774917217635476,0.049055300024462234,-0.08135417832801739,-0.33640508594004004,2.6596801146135594,1.447650199433615,0.004646579885491163,0.9767164900133909,0.2144838162456301
577.0,30.57958066839479,1.3891776124718382,4.553833787874495,0.03774917217635476,0.04986637550422279,-0.08085956582860376,-0.33941148425325607,2.6445550717881434,1.47245254749511,0.00464657988548594,0.9756814226678959,0.21914417801100344
578.0,30.617329840571145,1.439043987976061,4.472974222045892,0.03774917217635476,0.05067246438798079,-0.08035686743997683,-0.34229369395706444,2.6291637894132296,1.4971328367299461,0.004646579885492663,0.9746134625118194,0.22384594699500404
579.0,30.6550790127475,1.4897164523640418,4.392617354605915,0.03774917217635476,0.05147348606752922,-0.0798461334315741,-0.3450514268329651,2.6135071980311464,1.521688219607427,0.0046465798854917065,0.9735116274489349,0.22859028963867567
580.0,30.692828184923854,1.541189938431571,4.312771221174341,0.037749172176347656,0.052269360441367096,-0.07932741487636807,-0.34768440710996196,2.5975862585398453,1.546115855020428,0.004646579885493544,0.972374893246728,0.23337839719815967
581.0,30.730577357100202,1.5934592988729381,4.233443806297973,0.03774917217636187,0.053060007922722585,-0.07880076364578681,-0.35019237149223886,2.5814019621583157,1.5704129086083967,0.004646579885489612,0.9712021916422074,0.2382114863828795
582.0,30.768326529276564,1.6465193067956607,4.154643042652186,0.03774917217635476,0.05384534944749264,-0.07826623240449493,-0.3525750691853581,2.564955330386118,1.5945765530795335,0.004646579885488235,0.969992408349027,0.24309079999173572
583.0,30.80607570145292,1.7003646562431534,4.076376810247691,0.037749172176347656,0.05462530648219399,-0.07772387460519026,-0.35483226192162876,2.548247414963436,1.618603968534436,0.004646579885493165,0.9687443809608636,0.24801760754454708
584.0,30.843824873629266,1.7549899627253474,3.9986529356425007,0.03774917217635476,0.055399801031768,-0.0771737444831957,-0.35696372398362863,2.531279297822956,1.6424923427870646,0.0046465798854898824,0.9674568967451534,0.25299320590799507
585.0,30.88157404580562,1.8103897637571154,3.921479191159305,0.03774917217635476,0.05616875564740931,-0.0766158970510693,-0.35896924222695215,2.5140520910414823,1.6662388716878556,0.004646579885492212,0.9661286903218528,0.2580189199116015
586.0,30.919323217981976,1.8665585194045247,3.8448632941082357,0.03774917217635476,0.05693209343428407,-0.07605038809307274,-0.36084861610136465,2.496566936786522,1.6898407594447353,0.004646579885494204,0.9647584412209916,0.2630961029513931
587.0,30.95707239015833,1.9234906128388087,3.768812906015163,0.03774917217635476,0.05768973805926403,-0.07547727415964722,-0.36260165767113106,2.47882500726166,1.7132952189462543,0.004646579885498199,0.9633447713124675,0.26822613757853153
588.0,30.994821562334685,1.9811803508980728,3.6933356318555157,0.037749172176347656,0.05844161375851198,-0.07489661256170299,-0.3642281916335216,2.4608275046452524,1.7365994720815143,0.004646579885490864,0.9618862421017845,0.27341043606759924
589.0,31.032570734511033,2.0396219646565847,3.6184390192938127,0.03774917217635476,0.05918764534508547,-0.07430846136491764,-0.3657280553365023,2.4425756610284495,1.7597507500620213,0.004646579885487409,0.9603813518844246,0.2786504409614539
590.0,31.070319906687388,2.09880961000167,3.544130557928895,0.03774917217635476,0.05992775821645191,-0.07371287938392435,-0.36710109879497604,2.424070738348329,1.7827462937424334,0.004646579885490816,0.9588285327516635,0.28394762558729025
591.0,31.108069078863743,2.158737368218122,3.4704176785449707,0.03774917217635476,0.06066187836192727,-0.07310992617640766,-0.36834718470565647,2.405314028317578,1.8055833539400663,0.0046465798854924195,0.9572261474403498,0.289303494537956
592.0,31.145818251040097,2.2193992465800494,3.397307752368563,0.03774917217635476,0.06138993237012125,-0.07249966203720426,-0.36946618846107404,2.386306852352821,1.8282591917562174,0.004646579885484897,0.9555724860182582,0.2947195841138715
593.0,31.183567423216452,2.2807891789501706,3.324808090331359,0.03774917217635476,0.06211184743623743,-0.07188214799221404,-0.37045799816176583,2.3670505614960855,1.850771078894287,0.004646579885490506,0.9538657623972209,0.3001974627170199
594.0,31.221316595392807,2.342901026386408,3.252925942339145,0.03774917217635476,0.06282755136937546,-0.07125744579233162,-0.37132251462761423,2.347546536335718,1.8731162979793572,0.004646579885492379,0.9521041106649687,0.30573873119092543
595.0,31.25906576756916,2.4057285777557835,3.181668496546813,0.03774917217635476,0.06353697259971991,-0.07062561790723931,-0.3720596514075931,2.3277961869218333,1.8952921428756042,0.004646579885488008,0.9502855812269903,0.311345023097285
596.0,31.296814939745516,2.4692655503555034,3.111042878639574,0.037749172176347656,0.0642400401857599,-0.06998672751921609,-0.3726693347887462,2.307800952681066,1.917295919006049,0.004646579885501589,0.9484081367489567,0.31701800492044596
597.0,31.334564111921864,2.5335055905412633,3.0410561511203578,0.03774917217635476,0.06493668382131323,-0.06934083851676354,-0.37315150380320183,2.2875623023245533,1.9391249436674394,0.004646579885487994,0.9464696478903006,0.32275937618879164
598.0,31.37231328409822,2.5984422743625766,2.9717153126035942,0.03774917217635476,0.06562683384260204,-0.06868801548824832,-0.3735061102344881,2.2670817337549,1.9607765463483386,0.004646579885487606,0.9444678888187386,0.32857086950252096
599.0,31.410062456274574,2.6640691082051786,2.903027297115346,0.03774917217635476,0.06631042123518727,-0.06802832371541356,-0.3737331186221807,2.2463607739682696,1.9822480690437625,0.004646579885495932,0.9424005324961565,0.3344542504533742
600.0,31.44781162845093,2.730379529440366,2.8349989733999323,0.03774917217635476,0.06698737764091067,-0.06736182916690225,-0.3738325062657042,2.225400978955297,2.0035368665716256,0.0046465798854897905,0.9402651457247614,0.3404113174243201
601.0,31.485560800627283,2.7973669070812766,2.76763714423303,0.03774917217635476,0.06765763536469471,-0.06668859849160969,-0.3738042632263626,2.204203933595525,2.0246403068859182,0.004646579885493887,0.9380591839436879,0.34644390125137137
602.0,31.523309972803638,2.8650245424459713,2.7009485457414204,0.03774917217635476,0.06832112738132778,-0.06600869901204698,-0.37364839232845537,2.182771251550922,2.0455557713907226,0.004646579885488824,0.9357799857648104,0.3525538647318719
603.0,31.561059144979993,2.933345669827299,2.6349398467293734,0.037749172176347656,0.06897778734214555,-0.06532219871757716,-0.3733649091588476,2.1611045751540954,2.0662806552522537,0.004646579885494203,0.9334247672373618,0.3587431019591107
604.0,31.59880831715634,3.0023234571694446,2.5696176480117963,0.03774917217635476,0.0696275495817158,-0.06462916625767878,-0.37295384206572624,2.139205575296217,2.0868123677121386,0.004646579885482234,0.9309906158304552,0.36501353746265053
605.0,31.636557489332695,3.0719510067511604,2.5049884817541175,0.03774917217635476,0.0702703491243506,-0.0639296709350119,-0.37241523215541894,2.117075951307147,2.107148332396821,0.004646579885492002,0.9284744841229857,0.371367125130811
606.0,31.67430666150905,3.142221355875511,2.4410588108191056,0.03774917217635476,0.07090612169063837,-0.0632237826985298,-0.37174913328849746,2.094717430836061,2.1272859876283947,0.00464657988550078,0.9258731831906137,0.3778058468894411
607.0,31.712055833685405,3.2131274775661494,2.377835028120576,0.03774917217635476,0.07153480370383214,-0.06251157213645353,-0.3709556120741989,2.072131769726158,2.147222786732429,0.004646579885492415,0.9231833756795024,0.38433171110951325
608.0,31.74980500586176,3.2846622812699815,2.3153234559841223,0.03774917217635476,0.07215633229627594,-0.06179311046926328,-0.37003474786409063,2.0493207518886813,2.1669561983480876,0.00464657988549203,0.9204015685577607,0.3909467507113744
609.0,31.787554178038114,3.3568186135662574,2.253530345514859,0.03774917217635476,0.07277064531561717,-0.06106846954251832,-0.3689866327437716,2.0262861891701522,2.186483706732671,0.004646579885486518,0.9175241055357207,0.39765302093187127
610.0,31.82530335021447,3.4295892588818746,2.1924618759723407,0.037749172176347656,0.07337768133107714,-0.060337721819717416,-0.3678113715239394,2.0030299212195195,2.2058028120692144,0.0046465798854873125,0.9145471591470856,0.404452596717295
611.0,31.863052522390817,3.5029669402129517,2.1321241541526232,0.03774917217635476,0.07397737963953777,-0.05960094037500241,-0.3665090817296137,1.9795538153490573,2.2249110307692592,0.004646579885498127,0.9114667224848458,0.4113475697000052
612.0,31.90080169456717,3.5769443198524895,2.072523213777621,0.03774917217635476,0.07456968027169042,-0.058858198885923585,-0.365079893588806,1.9558597663956263,2.2438058957791283,0.0046465798854943285,0.9082786005864413,0.41834004471494657
613.0,31.938550866743526,3.65151400012418,2.0136650148916972,0.03774917217635476,0.07515452399795519,-0.058109571626004275,-0.3635239500190943,1.9319496965744627,2.2624849568795313,0.004646579885487985,0.9049784014661264,0.4254321358045042
614.0,31.97630003891988,3.726668524122135,1.955555443265693,0.03774917217635476,0.07573185233444857,-0.057355133457346774,-0.36184140661354314,1.9078255553326569,2.280945780988214,0.004646579885489858,0.9015615267924024,0.4326259616610175
615.0,32.014049211096236,3.8024003764565837,1.8982003098083462,0.03774917217635476,0.0763016075488272,-0.05659495982314544,-0.3600324316251321,1.8834893191983577,2.29918595245961,0.00464657988549273,0.8980231622140737,0.4399236404450244
616.0,32.05179838327259,3.878701984005411,1.8416053499852008,0.03774917217635476,0.07686373266601976,-0.0558291267401132,-0.3580972059497408,1.8589429916257683,2.3172030733820397,0.0046465798854917655,0.8943582673396703,0.44732728391698934
617.0,32.089547555448945,3.9555657166714306,1.7857762232450876,0.037749172176347656,0.07741817147400631,-0.05505771079093513,-0.35603592310842525,1.834188602839574,2.3349947638775386,0.004646579885495456,0.8905615653799898,0.45483899081247403
618.0,32.12729672762529,4.032983888145437,1.7307185124541524,0.03774917217635476,0.07796486852936102,-0.05428078911656131,-0.3538487892277312,1.8092282096728554,2.3525586623950097,0.0046465798854872856,0.8866275324684737,0.46246083938451815
619.0,32.16504589980165,4.110948756674798,1.6764377233375911,0.03774917217635476,0.07850376916283874,-0.05349843940851251,-0.3515360230192357,1.784063895403769,2.3698924260062526,0.004646579885490124,0.882550386678698,0.47019487903277746
620.0,32.202795071978,4.189452525837637,1.6229392839290786,0.03774917217635476,0.07903481948480628,-0.05271073990109665,-0.3490978557575556,1.758697769588158,2.3869937306974816,0.004646579885488779,0.8783240767666974,0.4780431209287465
621.0,32.24054424415436,4.268487345322443,1.570228544027982,0.03774917217635476,0.07955796639069401,-0.051917769363619914,-0.3465345312574674,1.7331319678903288,2.403860271662947,0.004646579885493729,0.8739422706710365,0.48600752754429694
622.0,32.27829341633071,4.348045311713137,1.518310774664362,0.03774917217635476,0.08007315756624234,-0.05111960709247221,-0.34384630584926434,1.7073686519083782,2.4204897635928004,0.004646579885493839,0.8693983438151272,0.49409000097844685
623.0,32.31604258850707,4.428118469279379,1.4671911675718898,0.03774917217635476,0.0805803414927686,-0.0503163329032188,-0.34103344835326965,1.6814100089982162,2.4368799409626294,0.004646579885492244,0.8646853672642064,0.5022923699744324
624.0,32.35379176068342,4.508698810772148,1.416874834668671,0.037749172176347656,0.08107946745227856,-0.049508027122596054,-0.33809624005279515,1.6552582520929813,2.453028558318998,0.004646579885486383,0.859796095802867,0.5106163755085757
625.0,32.39154093285977,4.5897782782244265,1.367366807546075,0.03774917217635476,0.08157048553261959,-0.04869477058052296,-0.3350349746663275,1.6289156195215146,2.468933390567106,0.004646579885493654,0.8547229560115998,0.5190636548268054
626.0,32.429290105036124,4.671348763757046,1.318672036965552,0.03774917217635476,0.08205334663237984,-0.047876644601970275,-0.33184995831781017,1.6023843748205628,2.484592233251668,0.00464657988549071,0.849458034436748,0.5276357237964695
627.0,32.46703927721248,4.753402110389426,1.2707953923635817,0.03774917217635476,0.08252800246586478,-0.0470537309988579,-0.32854150950625877,1.575666806546561,2.5000029028405817,0.0046465798854988995,0.8439930659658501,0.536333957434108
628.0,32.50478844938883,4.835930112855291,1.2237416613647238,0.03774917217635476,0.08299440556785953,-0.046226112061849456,-0.3251099590737111,1.5487652280823934,2.5151632370030597,0.004646579885486829,0.8383194225394018,0.5451595684646579
629.0,32.54253762156519,4.91892451842315,1.1775155493028744,0.03774917217635476,0.08345250929846681,-0.04539387055215993,-0.3215556501724335,1.5216819774430939,2.5300710948909266,0.004646579885491055,0.8324281023539141,0.5541135837595297
630.0,32.58028679374154,5.002377027721617,1.1321216787507145,0.037749172176347656,0.08390226784768817,-0.04455708969324412,-0.31787893823033286,1.4944194170760954,2.544724357412531,0.004646579885489069,0.8263097197352195,0.5631968184981788
631.0,32.61803596591789,5.086279295569305,1.0875645890574703,0.03774917217635476,0.08434363624004959,-0.043715853162493046,-0.3140801909155586,1.4669799336602205,2.559120927508759,0.004646579885490854,0.8199544958890528,0.5724098478945808
632.0,32.655785138094245,5.170622931809355,1.0438487358949773,0.03774917217635476,0.08477657033905928,-0.0428702450828482,-0.3101597880996008,1.439365937900302,2.573258730424974,0.0046465798854934195,0.8133522507676825,0.5817529763280225
633.0,32.6935343102706,5.255399502148414,1.000978490812129,0.03774917217635476,0.08520102685169029,-0.04202035001442361,-0.3061181218195526,1.411579864320633,2.5871357139838937,0.004646579885494206,0.8064923963261299,0.5912262037185972
634.0,32.731283482446955,5.340600529000104,0.9589581407977055,0.03774917217635476,0.08561696333263402,-0.04116625294601439,-0.3019555962386446,1.3836241710530037,2.600749848852354,0.004646579885487812,0.7993639314778328,0.6008291889944014
635.0,32.76903265462331,5.426217492332738,0.9177918878516911,0.03774917217635476,0.08602433818860167,-0.040308039286619524,-0.29767262760599916,1.3555013396236495,2.6140991288102304,0.0046465798854936615,0.7919554391029063,0.6105612105028376
636.0,32.806781826799664,5.51224183052134,0.8774838485650716,0.03774917217635476,0.08642311068242137,-0.03944579485687916,-0.2932696442148291,1.3272138747357842,2.627181571013502,0.0046465798854914185,0.7842550855058062,0.6204211232329606
637.0,32.84453099897602,5.5986649412037615,0.8380380537081924,0.037749172176347656,0.08681324093719933,-0.03857960588052711,-0.28874708635987656,1.2987643040510122,2.6399952162602354,0.00464657988549491,0.7762506227671846,0.630407312734335
638.0,32.88228017115237,5.685478182140961,0.7994584478276653,0.03774917217635476,0.08719468994022783,-0.03770955897573702,-0.28410540629313974,1.2701551779656661,2.652538129248785,0.0046465798854906475,0.7679293944866502,0.6405176456419718
639.0,32.92002934332872,5.772672872081189,0.7617488888519283,0.03774917217635476,0.08756741954692338,-0.03683574114647381,-0.2793450681787537,1.2413890693855973,2.6648083988383293,0.0046465798854896006,0.7592783454648997,0.650749416752295
640.0,32.957778515505076,5.860240291628112,0.7249131477054545,0.03774917217635476,0.08793139248464499,-0.03595823977379564,-0.2744665480465895,1.2124685734978187,2.6768041383053958,0.004646579885492425,0.7502840359320183,0.6610992926338144
641.0,32.99552768768143,5.948171684112757,0.6889549079316588,0.03774917217635476,0.08828657235638016,-0.03507714260709793,-0.2694703337445167,1.1833963075385068,2.6885234855973406,0.004646579885494353,0.7409326609810539,0.6715632518139318
642.0,33.033276859857786,6.036458256469137,0.6538777653245609,0.03774917217635476,0.0886329236444574,-0.034192537755375896,-0.26435692488989176,1.1541749105599992,2.699964603587165,0.004646579885482739,0.7312100759256764,0.6821365216436766
643.0,33.07102603203414,6.1250911801135945,0.619685227569185,0.037749172176347656,0.08897041171403153,-0.03330451367836884,-0.2591268328192833,1.1248070431922212,2.711125680321595,0.00464657988549806,0.7211018283523605,0.6928135120234378
644.0,33.10877520421049,6.214061591827626,0.5863807138908161,0.03774917217635476,0.08929900281658387,-0.032413159177753115,-0.25378058053759717,1.095295387404078,2.7220049292700605,0.0046465798854826434,0.7105931976869,0.7035877462665721
645.0,33.14652437638684,6.30336059464421,0.553967554713063,0.03774917217635476,0.08961866409325392,-0.03151856338822445,-0.24831870266552097,1.0656426462594533,2.7326005895693912,0.004646579885492053,0.6996692431395212,0.7144517894861325
646.0,33.1842735485632,6.392979258737464,0.5224489913248386,0.03774917217635476,0.08992936357820547,-0.030620815768623744,-0.2427417453863508,1.035851543673052,2.742910926269421,0.004646579885499198,0.6883148609246601,0.7253971750190602
647.0,33.22202272073955,6.482908622315669,0.49182817555621483,0.03774917217635476,0.09023107020173882,-0.02972000609296377,-0.237050266391155,1.0059248241612142,2.7529342305714435,0.004646579885490704,0.6765148516701509,0.7364143295489853
648.0,33.25977189291591,6.573139692517408,0.46210816946325106,0.03774917217635476,0.09052375379345268,-0.028816224441464477,-0.2312448348231149,0.9758652525913449,2.762668820068646,0.004646579885487516,0.6642539989329638,0.7474924977529432
649.0,33.29752106509226,6.663663446310861,0.4332919450217866,0.03774917217635476,0.09080738508520891,-0.02790956119152882,-0.22532603122047934,0.9456756139276674,2.7721130389806183,0.004646579885492656,0.6515171597156395,0.7586196674826152
650.0,33.33527023726862,6.75447083139607,0.40538238383025776,0.03774917217635476,0.09108193571413459,-0.027000107008734453,-0.21929444745873963,0.915358712975803,2.7812652583896678,0.0046465798854872405,0.638289367826636,0.7697824966929561
651.0,33.37301940944497,6.845552767110204,0.3783822768215233,0.037749172176347656,0.0913473782253913,-0.026087952837740014,-0.21315068669123205,0.8849173741227966,2.7901238764699783,0.004646579885489297,0.6245559508430758,0.780966243548253
652.0,33.41076858162132,6.936900145335596,0.3522943239837833,0.03774917217635476,0.09160368607495784,-0.025173189893202996,-0.2068953632889204,0.8543544410758304,2.7986873187174495,0.00464657988549664,0.6103026613053618,0.7921547013677065
653.0,33.448517753797674,7.0285038314105535,0.3271211340905803,0.03774917217635476,0.09185083363223523,-0.024255909650650165,-0.20052910277888492,0.8236727765975941,2.80695403817485,0.004646579885489858,0.5955158225996093,0.8033301403090003
654.0,33.48626692597403,7.120354665042789,0.30286522443993014,0.03774917217635476,0.09208879618269883,-0.02333620383734797,-0.1940525417819261,0.7928752622399867,2.81492251565806,0.004646579885490738,0.5801824897540321,0.8144732579269747
655.0,33.52401609815038,7.2124434612254875,0.27952902060258217,0.03774917217635476,0.09231754993028662,-0.022414164423107563,-0.1874663279487181,0.7619647980738623,2.822591259974706,0.004646579885496325,0.5642906250830318,0.8255631409763694
656.0,33.56176527032674,7.304761011155774,0.2571148561794746,0.03774917217635476,0.09253707199981864,-0.021489883611106708,-0.1807711198951908,0.7309443024176225,2.8299588081439953,0.004646579885485086,0.5478292882602921,0.8365772410361099
657.0,33.59951444250309,7.397298083155593,0.2356249725683679,0.03774917217635476,0.09274734043924848,-0.02056345382864838,-0.17396758713650623,0.699816711561949,2.837023725611421,0.004646579885494059,0.5307888399772542,0.8474913667117608
658.0,33.63726361467945,7.490045423594841,0.21506151873971951,0.037749172176347656,0.09294833422193349,-0.019634967717944707,-0.16705641002032026,0.6685849794936396,2.8437846064645615,0.004646579885494484,0.513161157850959,0.8582796953024293
659.0,33.675012786855795,7.582993757816775,0.1954265510217748,0.03774917217635476,0.09314003324865272,-0.01870451812683338,-0.16003827965858586,0.6372520776154423,2.8502400736405056,0.004646579885486316,0.4949398626897599,0.8689148068804038
660.0,33.71276195903215,7.6761337910654275,0.17672203289494143,0.03774917217635476,0.09332241834967014,-0.017772198099496206,-0.15291389785847748,0.6058209944641857,2.8563887791359797,0.004646579885495221,0.4761205526064911,0.8793677437119565
661.0,33.750511131208505,7.769456209415098,0.15894983479544522,0.03774917217635476,0.09349547128660429,-0.016838100867156536,-0.1456839770522151,0.5742947354264747,2.8622294042102645,0.004646579885491125,0.45670104181091387,0.8896080978184684
662.0,33.78826030338486,7.862951680701702,0.14211173392828869,0.03774917217635476,0.09365917475433427,-0.015902319838764056,-0.1383492402258969,0.5426763224521804,2.8677606595904916,0.00464657988549093,0.4366816002184787,0.8996041292290718
663.0,33.826009475561214,7.956610855456036,0.12620941408952463,0.03774917217635476,0.09381351238263314,-0.014964948591638438,-0.13091042084706442,0.5109687937647905,2.8729812856677643,0.004646579885490744,0.4160651893234331,0.9093229170809584
664.0,33.86375864773757,8.05042436783867,0.11124446549788619,0.03774917217635476,0.09395846873788294,-0.0140260808621267,-0.12336826279148602,0.47917520357045573,2.8778900526963995,0.0046465798854881,0.3948576891132918,0.918730545178225
665.0,33.901507819913924,8.144382836576552,0.09721838463575949,0.037749172176347656,0.09409402932453936,-0.013085810536215214,-0.11572352026864531,0.4472986217637338,2.882485760985062,0.004646579885489747,0.37306811020158837,0.9277923229074398
666.0,33.93925699209027,8.238476865901092,0.08413257409954428,0.03774917217635476,0.09422018058668336,-0.01214423164015438,-0.10797695774643751,0.415342133631997,2.886767241090785,0.004646579885499213,0.3507087848552563,0.9364730415344145
667.0,33.977006164266626,8.332697046487775,0.0719883424593899,0.03774917217635476,0.0943369099092859,-0.011201438331050584,-0.10012934987467044,0.38330883955694806,2.8907333540044022,0.004646579885490891,0.32779553024723157,0.9447372648759569
668.0,34.01475533644298,8.42703395639706,0.060786904128339314,0.03774917217635476,0.09444420561951006,-0.010257524887447633,-0.09218148140757948,0.3512018547140143,2.8943829913363275,0.004646579885490568,0.30434777711309546,0.95254965217656
669.0,34.052504508619336,8.521478162016571,0.05052937924089168,0.03774917217635476,0.09454205698788343,-0.009312585699906062,-0.08413414712541206,0.31902430876988386,2.897715075499036,0.004646579885487167,0.28038865707805427,0.9598753097550394
670.0,34.09025368079569,8.616020219004454,0.04121679354098562,0.03774917217635476,0.09463045422933014,-0.00836671526155186,-0.07598815175484396,0.28677934557722373,2.9007285598846373,0.004646579885496821,0.2559450422907536,0.9666801666643172
671.0,34.128002852972045,8.710650673233785,0.03285007827943376,0.037749172176347656,0.0947093885042154,-0.0074200081586452415,-0.06774430988866413,0.2544701228682975,2.90342242904318,0.004646579885488485,0.23104753166906605,0.9729313682912066
672.0,34.16575202514839,8.805360061738,0.025430070120788517,0.03774917217635476,0.09477885191917856,-0.0064725590611061645,-0.05940344590417717,0.22209981194532694,2.905795698853569,0.004646579885491508,0.20573037905699829,0.978597680575849
673.0,34.20350119732475,8.900138913657178,0.018957511059682353,0.03774917217635476,0.09483883752793787,-0.005524462713054623,-0.05096639388082887,0.18967159736956685,2.9078474166945902,0.004646579885491956,0.18003135989299335,0.9836498964318795
674.0,34.2412503695011,8.994977751185116,0.01343304834662773,0.03774917217635476,0.09488933933196009,-0.004575813923335115,-0.04243399751678822,0.15718867664805694,2.9095766616102265,0.004646579885489828,0.15399157458551405,0.9880612350720183
675.0,34.27899954167746,9.089867090517076,0.008857234423292615,0.03774917217635476,0.09493035228113378,-0.00362670755603689,-0.03380711004458909,0.12465425991843793,2.9109825444761546,0.004646579885490759,0.12765518861930095,0.9918077243669452
676.0,34.31674871385381,9.18479744279821,0.005230526867255725,0.03774917217635476,0.09496187227418496,-0.00267723852100471,-0.025086594145779954,0.09207156963165335,2.9120642081571537,0.004646579885491366,0.10106911141957003,0.9948685561481105
677.0,34.35449788603017,9.279759315072395,0.0025532883462510148,0.03774917217635476,0.09498389615915315,-0.001727501764352768,-0.01627332186470128,0.05944384023296906,2.912820827666736,0.004646579885487202,0.07428261808003091,0.9972264045574325
678.0,34.39224705820652,9.374743211231548,0.0008257865818982468,0.03774917217635476,0.09499642173364009,-0.0007775922589627893,-0.0073681745212136,0.026774317840658153,2.913251610319037,0.004646579885494821,0.047346920119333995,0.9988676981715751
679.0,34.429996230382876,9.469739632965188,4.8194322935457556e-05,0.037749172176347656,0.0949994477451277,0.00017239500500521032,0.0016279573773597534,-0.0059337400766718154,2.9133557958832155,0.004646579885493117,0.020314693352398824,0.9997828376849474
680.0,34.467745402559224,9.564739080710316,0.00022058932794066788,0.03774917217635476,0.09499297389100647,0.0011223650296158794,0.01071417422531989,-0.03867706502501528,2.913132656727524,0.004646579885488776,-0.006760427357974762,0.9999663523925718
681.0,34.50549457473558,9.659732054601323,0.0013429543575565472,0.03774917217635476,0.09497700081866434,0.0020722228186583203,0.019889567408553004,-0.07145237781158954,2.9125814979664804,0.004646579885489172,-0.033824375373529274,0.9994169905129482
682.0,34.543243746911934,9.754709055419987,0.0034151771762148675,0.03774917217635476,0.09495153012536939,0.003021873387146934,0.029153219395404023,-0.10425638887328521,2.9117016575995898,0.004646579885497899,-0.06082318957782355,0.9981377404471528
683.0,34.58099291908829,9.849660585545356,0.006437050563361801,0.03774917217635476,0.09491656435819706,0.003971221770814881,0.03850420382838067,-0.1370857986066544,2.9104925066525933,0.004646579885490001,-0.08770354928392637,0.9961357822798905
684.0,34.61874209126464,9.944577149903553,0.010408272334176683,0.037749172176347656,0.09487210701368909,0.004920173035613873,0.04794158561682169,-0.16993729769991017,2.90895344930908,0.0046465798854856645,-0.11441329443569459,0.9934223710747301
685.0,34.65649126344099,10.039449256917242,0.015328445369790555,0.03774917217636187,0.09481816253754438,0.0058686322872107954,0.057464421030438285,-0.20280756746660847,2.9070839230427175,0.004646579885494881,-0.14090191939152186,0.9900126556802962
686.0,34.69424043561735,10.134267419454787,0.02119707765700135,0.03774917217635476,0.094754736324143,0.006816504680468516,0.0670717577936016,-0.235693280180576,2.904883398745121,0.004646579885495559,-0.1671210296523106,0.9859254387342479
687.0,34.73198960779371,10.22902215577893,0.028013582337469867,0.037749172176347656,0.09468183471608249,0.007763695428939343,0.07676263518065846,-0.26859109941306336,2.902351380851645,0.004646579885492629,-0.19302475237034095,0.9811828852297294
688.0,34.769738779970055,10.323703990495012,0.03577727776640921,0.03774917217635476,0.09459946500345318,0.008710109814337397,0.08653608411194251,-0.3014976803709593,2.899487407460069,0.004646579885490272,-0.21857009325873475,0.9758101883195501
689.0,34.80748795214641,10.418303455498465,0.04448738758074661,0.03774917217635476,0.09450763542315777,0.009655653196010971,0.09639112725068599,-0.3344096702367941,2.896291050450286,0.004646579885485413,-0.24371723451041855,0.9698352019276064
690.0,34.845237124322765,10.512811090921623,0.05414304077675758,0.03774917217635476,0.09440635515806761,0.010600231020412798,0.1063267791008188,-0.3673237085104526,2.892761915597205,0.004646579885497671,-0.26842977041494803,0.9632880501959661
691.0,34.88298629649912,10.60721744607969,0.06474327179717038,0.03774917217635476,0.09429563433613453,0.011543748830543932,0.11634204610539667,-0.40023642735175974,2.888899642682976,0.004646579885486779,-0.2926748794243559,0.9562007238280602
692.0,34.920735468675474,10.701513080415825,0.07628702062771431,0.037749172176347656,0.09417548402935338,0.012486112275414518,0.1264359267461168,-0.4331444519254358,2.884703905603468,0.004646579885495597,-0.31642343336742007,0.9486066730269935
693.0,34.95848464085182,10.795688564445179,0.08877313290312883,0.03774917217635476,0.09404591625264302,0.013427227119460261,0.13660741164327292,-0.46604440074628595,2.880174412471313,0.004646579885485999,-0.33965004626048617,0.940540406027629
694.0,34.99623381302818,10.889734480697822,0.10220036002258909,0.03774917217636187,0.09390694396269161,0.014366999251986312,0.14685548365690695,-0.498932886027135,2.875310905718564,0.004646579885491813,-0.36233306664958315,0.9320371012506296
695.0,35.03398298520454,10.983641424660513,0.1165673592745754,0.037749172176347656,0.09375858105657997,0.015305334696555262,0.15717911798828146,-0.5318065140265795,2.870113162190369,0.004646579885489514,-0.384454518610574,0.9231322399392623
696.0,35.071732157380886,11.077400005717093,0.13187269397113066,0.03774917217635476,0.09360084237050437,0.0162421396204131,0.1675772822826563,-0.5646618853998363,2.8645809932413897,0.004646579885499188,-0.4059999973986329,0.9138612648578983
697.0,35.10948132955724,11.171000848087598,0.14811483359154376,0.03774917217635476,0.09343374367819202,0.01717732034384134,0.17804893673219357,-0.597495595548802,2.8587142448234557,0.004646579885483183,-0.42695852629765174,0.9042592693011807
698.0,35.147230501733596,11.26443459176579,0.1652921539353851,0.03774917217635476,0.09325730168938051,0.01811078334955135,0.1885930341802224,-0.6303042349753328,2.8525127975725133,0.004646579885492496,-0.44732238147523357,0.8943607193558387
699.0,35.18497967390995,11.35769189345517,0.18340293728493645,0.03774917217635476,0.09307153404810009,0.01904243529201749,0.19920852022575514,-0.6630843896341626,2.8459765668899917,0.004646579885498843,-0.4670868916405045,0.8841992111243819
700.0,35.222728846086305,11.45076342750327,0.20244537257695394,0.037749172176347656,0.09287645933097899,0.019972183006822908,0.2098943333290417,-0.6958326412880237,2.8391055030241894,0.004646579885490285,-0.4862502190722822,0.8738072635012397
701.0,35.26047801826265,11.54363988683425,0.22241755558377685,0.03774917217635476,0.09267209704532142,0.020899933519971603,0.2206494049176854,-0.7285455678633336,2.831899591142917,0.004646579885491962,-0.5048131281729078,0.8632161461184858
702.0,35.29822719043901,11.63631198387957,0.24331748910374845,0.03774917217635476,0.092458467627198,0.02182559405718676,0.23147265949350299,-0.7612197438071779,2.824358851407435,0.004646579885487762,-0.5227787471579453,0.85245574126481
703.0,35.33597636261536,11.728770451506769,0.2651430831609352,0.03774917217635476,0.09223559243933899,0.022749072053180608,0.24236301474000138,-0.793851740445012,2.8164833390374353,0.004646579885494354,-0.5401523278609764,0.8415544379312226
704.0,35.37372553479172,11.821006043946108,0.2878921552141158,0.03774917217635476,0.09200349376911099,0.023670275160927456,0.25331938163077306,-0.8264381263402462,2.8082731443798004,0.004646579885483033,-0.5569410079463598,0.8305390556518462
705.0,35.41147470696807,11.913009537715219,0.3115624303750433,0.03774917217635476,0.09176219482617576,0.024589111260885033,0.26434066453827254,-0.8589754676537431,2.7997283929652315,0.004646579885494938,-0.5731535791309446,0.8194347954686546
706.0,35.44922387914443,12.004771732541395,0.3361515416359283,0.03774917217635476,0.09151171974023242,0.025505488470207394,0.27542576134337204,-0.891460328504757,2.7908492455674776,0.004646579885488996,-0.5888002643279812,0.808265215150737
707.0,35.48697305132078,12.096283452281627,0.3616570301061357,0.03774917217635476,0.09125209355855723,0.026419315151935685,0.28657356354561786,-0.9238892713328268,2.781635898254953,0.0046465798855031114,-0.6038925059824578,0.7970522257127163
708.0,35.524722223497136,12.187535545840184,0.3880763452580714,0.037749172176347656,0.09098334224357707,0.027330499924164642,0.29778295637408736,-0.9562588572605437,2.77208858244317,0.004646579885484379,-0.6184427672699458,0.7858161062913254
709.0,35.562471395673484,12.278518888083761,0.41540684518223603,0.03774917217635476,0.09070549267019423,0.028238951669177448,0.30905281889885394,-0.9885656464569084,2.762207564937355,0.004646579885487364,-0.6324643472974772,0.7745755345303283
710.0,35.60022056784984,12.369224380753955,0.4436457968514135,0.03774917217635476,0.09041857262314146,0.029144579542558446,0.3203820241430759,-1.0208061985016648,2.7519931479769384,0.004646579885488313,-0.645971210977749,0.7633476297751296
711.0,35.63796974002619,12.459642953377097,0.4727903763939719,0.03774917217635476,0.09012261079415573,0.030047292982266827,0.33176943919558166,-1.052977072749907,2.7414456692713425,0.004646579885492392,-0.6589778338520963,0.7521480065698284
712.0,35.67571891220255,12.549765564171253,0.5028376693762387,0.03774917217635476,0.08981763677920185,0.030947001717717693,0.3432139253244267,-1.0850748286987053,2.730565502038322,0.004646579885491167,-0.6714990618035002,0.7409908361730169
713.0,35.7134680843789,12.639583200950455,0.5337846710939564,0.037749172176347656,0.08950368107541706,0.03184361577878825,0.3547143380905529,-1.1170960263527576,2.719353055031385,0.004646579885503431,-0.683549985339098,0.72988891403986
714.0,35.75121725655525,12.729086882025872,0.5656282868727447,0.03774917217636187,0.08918077507811795,0.03273704550481871,0.3662695274622524,-1.1490372265915292,2.707808772568319,0.004646579885489822,-0.6951458279085116,0.718853731461942
715.0,35.78896642873161,12.81826765710399,0.5983653323775634,0.03774917217635476,0.08884895107761359,0.03362720155357424,0.3778783379301435,-1.1808949915367775,2.6959331345541124,0.004646579885488949,-0.7063018475710058,0.7078955497904698
716.0,35.82671560090797,12.907116608181603,0.6319925339311376,0.037749172176347656,0.0885082422560508,0.03451399491019913,0.389539608622934,-1.2126658849213565,2.683726656501354,0.004646579885485684,-0.7170332512143976,0.6970234758946632
717.0,35.864464773084315,12.995624850437654,0.6665065288413368,0.03774917217635476,0.08815868268401772,0.035397336896095144,0.4012521734232582,-1.2443464724571056,2.671189889543986,0.004646579885492706,-0.7273551204529811,0.6862455377240692
718.0,35.90221394526067,13.083783533121672,0.7019038657374319,0.03774917217635476,0.08780030731718291,0.036277139177798956,0.4130148610843838,-1.2759333222043645,2.658323420451172,0.004646579885489433,-0.7372823482986384,0.6755687590339069
719.0,35.939963117437024,13.171583840438855,0.7381810049152309,0.03774917217635476,0.0874331519927889,0.03715331377581932,0.42482649534739303,-1.3074230049416515,2.64512787163408,0.004646579885493922,-0.7468295856825123,0.6649992325143349
720.0,35.97771228961338,13.259016992431643,0.7753343186910502,0.03774917217635476,0.08705725342604076,0.03802577307341548,0.43668589505857214,-1.3388120945349644,2.6316039011495374,0.004646579885491172,-0.7560111969140246,0.654542190722639
721.0,36.015461461789734,13.346074245857684,0.8133600917644657,0.037749172176347656,0.0866726492065073,0.0388944298253977,0.4485918742879851,-1.3700971683095096,2.617752202702983,0.004646579885493806,-0.7648412231912222,0.6442020743545638
722.0,36.05321063396608,13.432746895064192,0.8522545215898634,0.03774917217635476,0.08627937779427874,0.03975919716680809,0.4605432424475523,-1.401274807418747,2.6035735056414944,0.004646579885489547,-0.7733333533119848,0.6339825975140079
723.0,36.090959806142436,13.51902627285847,0.8920137187566715,0.03774917217636187,0.08587747851617777,0.04061998862163674,0.47253880441045726,-1.4323415972164322,2.5890685749493385,0.004646579885488607,-0.7815009007810307,0.6238868097450091
724.0,36.1287089783188,13.604903751374648,0.9326337073783082,0.037749172176347656,0.08546699156177517,0.04147671811144904,0.4845773606304329,-1.4632941276270177,2.574238211234524,0.004646579885499058,-0.7893567865625492,0.613917154673995
725.0,36.166458150495146,13.690370742936423,0.9741104254897572,0.03774917217635476,0.08504795797944453,0.04232929996401413,0.49665770726192715,-1.4941289935176778,2.5590832507154135,0.004646579885485701,-0.796913526778905,0.6040755251888419
726.0,36.2042073226715,13.775418700915868,1.0164397254537714,0.03774917217635476,0.08462041967218958,0.04317764892185938,0.5087786362803782,-1.5248427950694794,2.5436045652011714,0.0046465798854953165,-0.8041832247155887,0.5943633151376393
727.0,36.241956494847855,13.860039120588057,1.0596173743756307,0.03774917217635476,0.08418441939349286,0.04402168015079688,0.5209389356029898,-1.5554321381489253,2.5278030620689034,0.00464657988548769,-0.8111775665489218,0.5847814675783914
728.0,36.27970566702421,13.94422353998155,1.1036390545264276,0.03774917217635476,0.08374000074299559,0.044861309248396264,0.5331373892098372,-1.5858936346793,2.511679684235926,0.0046465798854917134,-0.8179078202641652,0.5753305196546502
729.0,36.317454839200565,14.027963540724546,1.148500363774824,0.037749172176347656,0.08328720816221136,0.04569645225245944,0.5453727772658719,-1.616223903013647,2.495235410131869,0.004646579885497435,-0.8243848372896225,0.5660106441952575
730.0,36.35520401137691,14.111250748886757,1.1941968160272833,0.03774917217635476,0.08282608693002125,0.04652702564937661,0.5576438762424086,-1.6464195683049843,2.47847125366152,0.00464657988548282,-0.8306190564189329,0.5568216881633558
731.0,36.39295318355327,14.194076835816778,1.24072384167666,0.03774917217635476,0.08235668315816191,0.04735294638250598,0.5699494590398598,-1.6764772628790876,2.4613882641680602,0.004646579885496626,-0.8366205096411332,0.5477632080955951
732.0,36.43070235572962,14.27643351897494,1.288076788059166,0.03774917217635476,0.08187904378660704,0.04817413186044983,0.5822882951100359,-1.7063936266049076,2.443987526389567,0.004646579885485153,-0.8423988295437479,0.5388345026802678
733.0,36.46845152790598,14.358312562761547,1.3362509199196158,0.03774917217635476,0.08139321657890974,0.04899049996535587,0.5946591505797536,-1.736165307267602,2.42627016041472,0.004646579885489826,-0.8479632579905976,0.5300346426351198
734.0,36.50620070008233,14.439705779340457,1.3852414198849716,0.03774917217635476,0.0808992501173833,0.04980196906109002,0.6070607883737228,-1.7657889609383874,2.4082373216311264,0.004646579885485995,-0.8533226558168695,0.5213624980424009
735.0,36.543949872258686,14.52060502945784,1.4350433889460616,0.03774917217635476,0.08039719379827126,0.05060845800142588,0.6194919683385861,-1.7952612523465519,2.389890200672445,0.004646579885493552,-0.8584855133136188,0.5128167633044185
736.0,36.58169904443504,14.601002223256112,1.4856518469474875,0.03774917217635476,0.07988709782675762,0.05140988613812647,0.6319514473665311,-1.8245788552490751,2.3712300233587547,0.004646579885504406,-0.8634599613064549,0.5043959798769444
737.0,36.619448216611396,14.68088932108287,1.537061733085614,0.037749172176347656,0.07936901321204104,0.05220617332905686,0.6444379795201574,-1.8537384528029124,2.3522580506384214,0.00464657988548562,-0.8682537826586316,0.49609855693636673
738.0,36.65719738878774,14.76025833429491,1.5892679064146709,0.03774917217635476,0.07884299176214782,0.0529972399461609,0.6569503161566508,-1.8827367379337647,2.3329755785188446,0.004646579885485154,-0.8728744240540285,0.48792279012945877
739.0,36.6949465609641,14.839101326057058,1.6422651463608318,0.03774917217635476,0.07830908607878584,0.05378300688343951,0.6694872060528229,-1.9115704137065754,2.3133839379992818,0.0046465798854962255,-0.8773290079354898,0.4798668785510177
740.0,36.73269573314045,14.917410412135844,1.6960481532442713,0.03774917217635476,0.07776734955205811,0.05456339556483902,0.6820473955299465,-1.9402361936940107,2.293484494995464,0.004646579885494957,-0.8816243444950821,0.4719289400841876
741.0,36.77044490531681,14.995177761687902,1.7506115488091103,0.03774917217635476,0.07721783635518875,0.05533832795215421,0.6946296285796895,-1.9687308023471295,2.2732786502652345,0.004646579885488039,-0.8857669436268448,0.46410702523590985
742.0,36.80819407749316,15.07239559804309,1.8059498767612645,0.03774917217635476,0.07666060143903053,0.05610772655279295,0.7072326469892602,-1.9970509753623915,2.252767839324527,0.004646579885500709,-0.8897630267703218,0.4563991295871227
743.0,36.84594324966952,15.149056199482121,1.8620576033140575,0.037749172176347656,0.07609570052661496,0.05687151442752958,0.719855190467211,-2.0251934600497363,2.2319535323640842,0.0046465798854768234,-0.8936185385833298,0.44880320497469944
744.0,36.883692421845865,15.225151900008736,1.918929117741587,0.03774917217636187,0.0755231901075657,0.05762961519822296,0.7324959967698554,-2.0531550157007286,2.2108372341593525,0.004646579885494569,-0.8973391583954917,0.4413171695112692
745.0,36.92144159402223,15.300675090116302,1.97655873293981,0.037749172176347656,0.07494312743242659,0.05838195305540994,0.7451538018268664,-2.080932413953857,2.189420483978549,0.004646579885495847,-0.9009303114027597,0.4339389165436699
746.0,36.959190766198574,15.375618217548729,2.03494068599522,0.03774917217635476,0.07435557050700403,0.05912845276594858,0.7578273398684998,-2.1085224391625523,2.1677048554857468,0.0046465798854973235,-0.904397179572494,0.4266663226418108
747.0,36.99693993837493,15.449973788055733,2.0940691387611685,0.03774917217635476,0.07376057808649072,0.05986903968048418,0.7705153435514456,-2.1359218887587725,2.1456919566402273,0.0046465798854961925,-0.9077447122340291,0.4194972547067826
748.0,37.034689110551284,15.523734366142223,2.1539381784416527,0.03774917217635476,0.07315820966964814,0.060603639740946846,0.7832165440859447,-2.1631275736185995,2.1233834295924474,0.004646579885475998,-0.9109776363390903,0.4124295762738316
749.0,37.07243828272764,15.596892575811871,2.2145418181825995,0.03774917217635476,0.07254852549278468,0.06133217948792957,0.7959296713623918,-2.1901363184251306,2.100780950573721,0.004646579885503195,-0.9141004663778052,0.4054611530877487
750.0,37.11018745490399,15.669441101304656,2.275873997670529,0.037749172176347656,0.07193158652384035,0.06205458606807701,0.8086534540787771,-2.216944962033074,2.0778862297880734,0.004646579885476445,-0.917117513943857,0.39858985801548835
751.0,37.14793662708034,15.741372687828497,2.337928583738606,0.03774917217635476,0.07130745445618203,0.06277078724132945,0.82138661986741,-2.2435503578292795,2.0547010112916615,0.0046465798854955515,-0.9200328969442952,0.39181357535906747
752.0,37.185685799256696,15.812680142284679,2.4006993709799356,0.03774917217636187,0.0706761917025105,0.0634807113881739,0.8341278954224081,-2.269949374095126,2.031227072876746,0.004646579885487245,-0.9228505484528723,0.38513020462643627
753.0,37.22343497143306,15.883356333987189,2.4641800823681095,0.037749172176347656,0.07003786138855084,0.06418428751676775,0.8468760066265824,-2.2961388943653267,2.007466225945,0.004646579885490595,-0.9255742252094452,0.3785376638107535
754.0,37.261184143609405,15.95339419537574,2.5283643698848772,0.03774917217635476,0.0693925273468281,0.06488144527010187,0.8596296786796497,-2.3221158177894363,1.9834203153821162,0.004646579885486824,-0.9282075157684926,0.37203389222791433
755.0,37.29893331578576,16.022786722722568,2.593245815154979,0.03774917217635476,0.06874025411018536,0.06557211493297643,0.8723876362250049,-2.3478770594882308,1.9590912194249066,0.004646579885515968,-0.9307538483029848,0.36561685295477264
756.0,37.336682487962115,16.091526976832753,2.6588179300879555,0.03774917217635476,0.06808110690543145,0.06625622743900861,0.8851486034775774,-2.373419550911998,1.9344808495281822,0.004646579885468088,-0.9332164980710462,0.3592845349070576
757.0,37.37443166013847,16.159608083738185,2.725074157526964,0.03774917217635476,0.06741515164670986,0.06693371437749729,0.8979113043510175,-2.39874024019518,1.909591150222382,0.0046465798854765095,-0.9355985945527424,0.3530349545955769
758.0,37.412180832314824,16.227023235384895,2.7920078719044614,0.037749172176347656,0.0667424549290061,0.06760450800033091,0.9106744625861198,-2.4238360925138145,1.8844240989744594,0.004646579885499261,-0.9379031282669983,0.34686615759157924
759.0,37.44993000449117,16.2937656903139,2.8596123799047923,0.03774917217635476,0.06606308402142247,0.06826854122870296,0.9234368018776702,-2.448704090436984,1.8589817060382496,0.004646579885511943,-0.9401329572781474,0.34077621973197086
760.0,37.48767917666753,16.359828774335323,2.9278809211334953,0.03774917217635476,0.06537710686050602,0.06892574765984838,0.9361970460023817,-2.473341234280606,1.8332660143072923,0.004646579885474984,-0.9422908134020553,0.3347632480925298
761.0,37.52542834884388,16.42520588119583,2.9968066687933437,0.03774917217635476,0.06468459204335986,0.06957606157365248,0.9489539189462822,-2.497744542457318,1.807279099155961,0.004646579885519215,-0.9443793081230589,0.32882538175204823
762.0,37.563177521020236,16.48989047323919,3.066382730366996,0.03774917217635476,0.06398560882092497,0.07021941793928699,0.9617061450329472,-2.521911051828926,1.7810230682874244,0.00464657988547608,-0.9464009382316325,0.3229607923721604
763.0,37.60092669319659,16.553876082060114,3.136602148306283,0.03774917217635476,0.06328022709093517,0.07085575242164177,0.974452449050252,-2.545837818052301,1.7545000615673583,0.004646579885468323,-0.9483580911944214,0.3171676846109034
764.0,37.638675865372946,16.61715630915105,3.207457900727925,0.03774917217635476,0.06256851739096447,0.07148500138780811,0.9871915563786056,-2.569521915928457,1.727712250859919,0.0046465798855143585,-0.9502530502667699,0.3114442963903291
765.0,37.6764250375493,16.679724826542014,3.278942902115733,0.03774917217635476,0.061850550891392686,0.07210710191339231,0.9999221931175248,-2.59296043974645,1.7006618398593312,0.004646579885474966,-0.9520879993588991,0.30578889903352696
766.0,37.714174209725655,16.741575377433406,3.3510500040291253,0.037749172176347656,0.06112639938827513,0.07272199178888306,1.0126430862143136,-2.6161505036305286,1.6733510639166402,0.004646579885509156,-0.9538650276659816,0.3001997972869799
767.0,37.751923381902,16.80270177682168,3.4237719958180084,0.03774917217635476,0.060396135296155506,0.0733296095257936,1.0253529635900793,-2.6390892418798355,1.645782189862266,0.004646579885497245,-0.9555861340727265,0.29467532924102857
768.0,37.78967255407836,16.863097912117837,3.497101605343802,0.03774917217635476,0.0596598316408361,0.07392989436286035,1.0380505542677336,-2.661773809311766,1.617957515827375,0.004646579885489281,-0.9572532313421678,0.2892138661619562
769.0,37.82742172625471,16.922757743758673,3.5710314997066623,0.03774917217635476,0.05891756205208054,0.07452278627210607,1.050734588498854,-2.6842013816008885,1.5898793710589447,0.0046465798854742205,-0.958868150099056,0.28381381224489743
770.0,37.86517089843107,16.981675305810754,3.6455542859787684,0.037749172176347656,0.058169400756202805,0.07510822596481326,1.0634037978903317,-2.706369155615997,1.5615501157310634,0.00464657988550554,-0.9604326426167036,0.27847360429969437
771.0,37.902920070607415,17.039844706566956,3.7206625119435817,0.03774917217636187,0.05741542256872734,0.07568615489752073,1.076056915532062,-2.7282743497588466,1.5329721407559567,0.004646579885503689,-0.961948386417023,0.27319171137692577
772.0,37.94066924278378,17.097260129135684,3.7963486668411024,0.037749172176347656,0.05665570288683952,0.07625651527780919,1.0886926761227143,-2.7499142042966134,1.5041478675884616,0.004646579885485698,-0.9634169876923565,0.26796663434307183
773.0,37.978418414960124,17.153915832022523,3.8726051821189116,0.03774917217635476,0.055890317681889456,0.07681925007012413,1.1013098160968424,-2.771285981695779,1.475079748026126,0.004646579885464618,-0.9648399845578732,0.26279690541125267
774.0,38.01616758713648,17.209806149704413,3.9494244321890357,0.03774917217635476,0.05511934349173231,0.077374303001434,1.113907073750704,-2.792386966952186,1.4457702640077548,0.0046465798855055375,-0.9662188501422171,0.2576810876358979
775.0,38.053916759312834,17.264925493196145,4.02679873519047,0.03774917217635476,0.054342857413157475,0.07792161856692914,1.1264831893693426,-2.8132144679226143,1.4162219274089032,0.004646579885515991,-0.9675549955251519,0.2526177743740344
776.0,38.09166593148919,17.319268350609303,4.104720353757399,0.037749172176347656,0.05356093709413301,0.07846114203550147,1.1390369053515146,-2.833765815649699,1.3864372798317026,0.004646579885476196,-0.9688497725288717,0.24760558872150162
777.0,38.129415103665536,17.372829287703436,4.1831814957929,0.03774917217635476,0.05277366072603584,0.07899281945526315,1.1515669663362598,-2.8540383646890084,1.3564188923910963,0.004646579885488674,-0.9701044763707101,0.2426431829268615
778.0,38.16716427584189,17.42560294842947,4.2621743152481635,0.03774917217636187,0.05198110703583936,0.0795165976588903,1.1640721193275188,-2.8740294934309207,1.3261693654998183,0.004646579885477046,-0.9713203481839399,0.2377292377878619
779.0,38.20491344801825,17.47758405546531,4.341690912907054,0.037749172176347656,0.051183355278254794,0.08003242426902268,1.1765511138208138,-2.893736604425275,1.295691328648544,0.004646579885512409,-0.9724985774133549,0.23286246203364036
780.0,38.2426626201946,17.528767410743566,4.4217233371760765,0.03774917217635476,0.05038048522779448,0.08054024770342316,1.1890027019269847,-2.9131571246976495,1.264987440180807,0.004646579885494479,-0.9736403040917839,0.22804159169639648
781.0,38.280411792370955,17.57914789597136,4.5022635848795,0.03774917217636187,0.04957257717080665,0.08104001718017528,1.2014256384976096,-2.9322885060689465,1.2340603870688138,0.0046465798854613445,-0.9747466210034016,0.22326538947588603
782.0,38.31816096454732,17.628720473142167,4.583303602059675,0.037749172176347656,0.04875971189740014,0.08153168272272815,1.2138186812491432,-2.9511282254692737,1.2029128846801829,0.004646579885498497,-0.9758185757399587,0.2185326440974118
783.0,38.355910136723665,17.677480185039567,4.664835284782403,0.037749172176347656,0.04794197069343653,0.08201519516495992,1.2261805908879853,-2.9696737852535033,1.1715476765458583,0.004646579885509495,-0.9768571726547572,0.21384216966800895
784.0,38.39365930890001,17.725422155733003,4.746850479947363,0.03774917217636187,0.047119435332362514,0.08249050615602016,1.2385101312332758,-2.9879227135099784,1.1399675341230076,0.0046465798854749525,-0.9778633747198382,0.20919280503138046
785.0,38.431408481076375,17.772541591065366,4.829340986103383,0.03774917217635476,0.04629218806701729,0.08295756816521571,1.250806069341484,-3.005872564371399,1.1081752565537983,0.00464657988550679,-0.9788381052912775,0.20458341312322806
786.0,38.46915765325273,17.818833779132383,4.912298554268599,0.037749172176347656,0.045460311621443594,0.08341633448670827,1.2630671756285454,-3.0235209183189338,1.0761736704211229,0.0046465798854633915,-0.9797822497870814,0.20001288032907608
787.0,38.50690682542908,17.864294090753827,4.995714888755307,0.03774917217635476,0.04462388918258853,0.08386675924427323,1.2752922239945197,-3.0408653824903187,1.0439656295013058,0.004646579885513419,-0.9806966572819871,0.19548011584635502
788.0,38.54465599760543,17.908917979936415,5.07958164799958,0.03774917217635476,0.04378300439200089,0.08430879739580543,1.2874799919446636,-3.0579035909789454,1.0115540145144868,0.00464657988550644,-0.9815821420236819,0.19098405105025962
789.0,38.58240516978179,17.952700984328416,5.163890445395386,0.03774917217635476,0.04293774133746808,0.08474240473786043,1.2996292607123343,-3.074633205134703,0.9789417328694546,0.004646579885476154,-0.9824394848740488,0.1865236388659138
790.0,38.62015434195814,17.995638725665884,5.248632850133246,0.03774917217635476,0.042088184544571305,0.08516753791004561,1.3117388153805267,-3.0910519138603814,0.9461317184055222,0.004646579885500241,-0.9832694346792855,0.18209785314727261
791.0,38.657903514134496,18.037726910210456,5.333800388043292,0.03774917217635476,0.041234418968297604,0.08558415439941935,1.3238074450041677,-3.1071574339089887,0.913126931134244,0.004646579885483984,-0.9840727095725191,0.17770568806306714
792.0,38.69565268631085,18.078961329178753,5.419384542442711,0.037749172176347656,0.04037652998449559,0.08599221254467349,1.335833942730222,-3.122947510173601,0.8799303569737577,0.004646579885471965,-0.9848499982122106,0.1733461574906596
793.0,38.7334018584872,18.11933785916325,5.505376754987385,0.03774917217635476,0.03951460338133472,0.08639167154033345,1.3478171059190138,-3.138419915978447,0.846545007480878,0.0046465798855183735,-0.9856019609595094,0.16901829441849545
794.0,38.77115103066355,18.158852462544584,5.591768426527718,0.03774917217636187,0.03864872535076813,0.0867824914408395,1.3597557362642758,-3.153572453366716,0.8129739195835183,0.0046465798854958785,-0.9863292309976041,0.16472115035733284
795.0,38.808900202839915,18.19750118789535,5.678550917968558,0.037749172176347656,0.037778982479871104,0.0871646331645044,1.3716486399125414,-3.1684029533838496,0.7792201553050027,0.004646579885482106,-0.9870324153959678,0.1604537947602661
796.0,38.84664937501626,18.235280170375223,5.765715551133062,0.037749172176347656,0.03690546174220799,0.08753805849749874,1.38349462758379,-3.1829092763624294,0.7452868014871982,0.004646579885504823,-0.9877120961220752,0.1562153144525335
797.0,38.88439854719261,18.27218563211743,5.853253609630561,0.03774917217636187,0.0360282504891245,0.0879027300975892,1.395292514688924,-3.197089312199106,0.7111769695119579,0.00464657988548574,-0.988368831003229,0.1520048130707646
798.0,38.92214771936897,18.308213882606555,5.94115633972815,0.03774917217635476,0.03514743644102225,0.08825861149793202,1.407041121449246,-3.2109409806338673,0.6768937950185568,0.004646579885471234,-0.989003154640942,0.14782141051158026
799.0,38.95989689154533,18.343361319047577,6.029414951226082,0.037749172176347656,0.03426310767856222,0.08860566711065676,1.418739273013435,-3.224462231521298,0.6424404376150165,0.0046465798854812,-0.9896155792800895,0.1436642423900274
800.0,38.997646063721675,18.37762442672614,6.118020618336739,0.03774917217636187,0.03337535263387892,0.08894386223051587,1.4303857995765623,-3.2376510451059546,0.6078200805909123,0.00464657988552574,-0.9902065956349517,0.139532459508196
801.0,39.03539523589804,18.41099977936002,6.206964480567255,0.037749172176347656,0.03248426008175542,0.08927316303827304,1.441979536495451,-3.250505432288344,0.5730359306272683,0.004646579885468398,-0.9907766736743562,0.13542522733282122
802.0,39.073144408074384,18.443484039441774,6.296237643605528,0.03774917217635476,0.031589919130688315,0.08959353660412628,1.4535193244062512,-3.263023434891413,0.5380912174960375,0.004646579885502525,-0.991326263367709,0.13134172548273923
803.0,39.11089358025074,18.475073958572462,6.385831180209654,0.03774917217635476,0.03069241921403787,0.08990495089096573,1.465004009339348,-3.2752031259233605,0.5029891937676381,0.004646579885466462,-0.9918557953937089,0.12728114722644865
804.0,39.148642752427094,18.5057663777865,6.47573613110062,0.03774917217635476,0.02979185008103613,0.09020737475764307,1.4764324428362792,-3.287042609839719,0.46773313450589016,0.004646579885522399,-0.9923656818136594,0.12324269898812827
805.0,39.18639192460345,18.535558227867536,6.565943505858263,0.037749172176347656,0.028888301787855397,0.0905007779620206,1.4878034820631012,-3.2985400227984387,0.432326336966635,0.0046465798854957345,-0.9928563167107884,0.11922559986368
806.0,39.224141096779796,18.56444652965539,6.656444283820283,0.03774917217635476,0.027981864688570113,0.0907851311640222,1.4991159899253763,-3.309693532915023,0.3967721202887814,0.004646579885481631,-0.9933280767972485,0.11522908114554829
807.0,39.26189026895615,18.592428394343962,6.7472294149843055,0.03774917217636187,0.02707262942613653,0.09106040592855003,1.5103688351814626,-3.320501340513679,0.36107382518631626,0.004646579885465314,-0.9937813219901971,0.11125238585659376
808.0,39.29963944113251,18.6195010237701,6.8382898209128555,0.037749172176347656,0.026160686923319076,0.09132657472837291,1.521560892556535,-3.3309616783772946,0.325234813634811,0.004646579885504438,-0.9942163959583631,0.10729476829245194
809.0,39.33738861330886,18.645661710693417,6.929616395641228,0.03774917217635476,0.025246128373602517,0.09158361094683087,1.5326910428541878,-3.3410728119904216,0.28925846855485415,0.004646579885516423,-0.9946336266403518,0.10335549357256545
810.0,39.375137785485215,18.67090783906702,7.021200006588059,0.03774917217635476,0.024329045232104107,0.09183148888051917,1.5437581730685508,-3.35083303978338,0.25314819349760864,0.00464657988545061,-0.9950333267359038,0.09943383719965844
811.0,39.41288695766157,18.695236884299124,7.1130314954685785,0.03774917217635476,0.023409529206336543,0.09207018374183118,1.5547611764957165,-3.3602406933696445,0.21690741231827337,0.004646579885532939,-0.9954157941713394,0.09552908462666784
812.0,39.450636129837925,18.71864641350546,7.20510167921041,0.037749172176347656,0.022487672247169854,0.09229967166150033,1.5656989528446579,-3.369294137784757,0.18053956885856248,0.004646579885460841,-0.9957813125401501,0.0916405308320719
813.0,39.48838530201427,18.74113408575263,7.29740135087191,0.03774917217636187,0.021563566539512635,0.09251992969092093,1.5765704083468992,-3.377991771716277,0.14404812661453736,0.004646579885501854,-0.9961301515198553,0.08776747990228241
814.0,39.526134474190634,18.762697652292143,7.389921280562831,0.03774917217635476,0.02063730449317447,0.09273093580448055,1.5873744558660159,-3.386332027735763,0.10743656841276927,0.00464657988548537,-0.9964625672660249,0.08390924462161865
815.0,39.56388364636699,18.783334956785318,7.4826522163673115,0.037749172176347656,0.019708978733582683,0.09293266890171736,1.5981100150058047,-3.3943133725225145,0.07070839607448809,0.004646579885489069,-0.9967788027844194,0.0800651460688579
816.0,39.60163281854334,18.8030439355189,7.575584885269029,0.03774917217635476,0.01877868209253819,0.09312510880951663,1.608776012219815,-3.401934307090762,0.033867130083386265,0.004646579885506744,-0.9970790882820265,0.0762345132210492
817.0,39.63938199071969,18.82182261761144,7.6687099940785455,0.03774917217635476,0.017846507598939354,0.09330823628403806,1.619371380916955,-3.4091933670063126,-0.0030836907503837274,0.00464657988547374,-0.9973636414978762,0.07241668256323185
818.0,39.677131162896046,18.839669125210378,7.7620182303625835,0.037749172176347656,0.016912548469449007,0.09348203301268931,1.6298950615693062,-3.416089122604746,-0.040140509631822474,0.004646579885500611,-0.9976326680143106,0.06861099770456551
819.0,39.714880335072394,18.856581673679827,7.855500263375273,0.03774917217636187,0.01597689809920766,0.09364648161594857,1.640346001817645,-3.422620179204345,-0.07729975212169182,0.00464657988548783,-0.9978863615494394,0.06481680900036041
820.0,39.752629507248756,18.872558571779035,7.949146744991221,0.03774917217635476,0.015039650052468545,0.09380156564906628,1.6507231565761922,-3.4287851773154197,-0.11455782647997037,0.004646579885488165,-0.9981249042314281,0.061033473179645525
821.0,39.79037867942511,18.887598221831503,8.042948310640288,0.037749172176347656,0.014100898053257538,0.09394726960379884,1.6610254881386772,-3.4345827928493757,-0.15191112401450946,0.0046465798854958655,-0.9983484668552414,0.057260352977930015
822.0,39.82812785160146,18.90169911988476,8.136895580244087,0.03774917217635476,0.013160735975993987,0.09408357890985641,1.6712519662802165,-3.4400117373183416,-0.18935601942912372,0.004646579885489307,-0.9985572091223839,0.0534968167752364
823.0,39.86587702377781,18.914859855860755,8.230979159153943,0.03774917217636187,0.012219257836093789,0.09421047993643583,1.6814015683618486,-3.4450707580380895,-0.2268888711750945,0.0046465798855080944,-0.998751279864197,0.04974223823870336
824.0,39.903626195954175,18.92707911369685,8.325189639090379,0.037749172176347656,0.011276557780600882,0.09432795999351207,1.6914732794311718,-3.4497586383212573,-0.2645060218041197,0.004646579885454568,-0.9989308172491879,0.04599599596962527
825.0,39.94137536813052,18.93835567147745,8.41951759908389,0.037749172176347656,0.010332730078722818,0.094436007333206,1.7014660923261178,-3.454074197673501,-0.30220379832767147,0.004646579885501998,-0.9990959489748414,0.04225747315480011
826.0,39.97912454030687,18.948688401556172,8.513953606417097,0.03774917217636187,0.009387869112448044,0.09453461115086093,1.7113790077734425,-3.458016291979556,-0.3399785125719146,0.004646579885495327,-0.9992467924443473,0.03852605722171514
827.0,40.01687371248323,18.95807627066862,8.608488217567958,0.03774917217635476,0.008442069367085026,0.09462376158619001,1.721211034490111,-3.4615838136915937,-0.3778264615392706,0.004646579885496367,-0.9993834549286169,0.0348011394972753
828.0,40.05462288465959,18.966518340035705,8.703111979154148,0.037749172176347656,0.007495425421822688,0.09470344972419298,1.730961189281034,-3.464775692007745,-0.4157439277726651,0.004646579885486455,-0.9995060337139452,0.031082114869902314
829.0,40.092372056835934,18.974013765457528,8.79781542887834,0.03774917217636187,0.0065480319402588805,0.09477366759615435,1.7406284971395312,-3.467590893055335,-0.45372717972001203,0.0046465798855186815,-0.9996146162356335,0.027368381454786372
830.0,40.130121229012296,18.980561797397787,8.892589096474495,0.037749172176347656,0.005599983660960817,0.09483440818033273,1.750211991342556,-3.4700284200620604,-0.49177247209893016,0.004646579885485966,-0.9997092801978722,0.02365934026172789
831.0,40.167870401188644,18.986161781058748,8.987423504654828,0.03774917217635476,0.004651375387965118,0.09488566540272991,1.759710713548868,-3.4720873135283714,-0.5298760462702516,0.004646579885484752,-0.9997900936801275,0.01995439486554263
832.0,40.205619573365,18.990813156446713,9.082309170057558,0.03774917217635476,0.0037023019813027247,0.0949274341376416,1.7691237138937448,-3.4737666513942913,-0.5680341306057174,0.004646579885497013,-0.9998571152302709,0.01625295107875924
833.0,40.24336874554135,18.994515458428015,9.1772366041952,0.03774917217635476,0.0027528583475309176,0.09495971020825245,1.7784500510853707,-3.475065549205541,-0.6062429408627029,0.004646579885477746,-0.9999103939446506,0.012554416626084095
834.0,40.28111791771771,18.997268316775546,9.272196314403452,0.037749172176347656,0.0018031394302155945,0.09498249038697715,1.7876887924977583,-3.475983160271003,-0.6444986805596336,0.004646579885490599,-0.9999499695352708,0.008858200820644375
835.0,40.318867089894056,18.999071456205762,9.367178804790429,0.03774917217635476,0.0008532402004668427,0.0949957723958228,1.796839014264488,-3.4765186758202713,-0.6827975413528014,0.004646579885473962,-0.9999758723842288,0.005163714241556088
836.0,40.35661626207041,18.99992469640623,9.462174577186252,0.03774917217636187,-9.674435260009773e-05,0.09499955490657364,1.8058998013706669,-3.4766713251550825,-0.7211357034159533,0.004646579885524903,-0.9999881235855248,0.0014703684125948282
837.0,40.39436543424677,18.99982795205363,9.557174132092825,0.037749172176347656,-0.0010467192313079465,0.09499383754100954,1.8148702477455347,-3.476440375801301,-0.7595093358195624,0.004646579885487506,-0.9999867349743335,-0.0022224245183149463
838.0,40.43211460642312,18.99878123282232,9.652167969633835,0.037749172176347656,-0.001996589438967078,0.09497862087085274,1.8237494563518106,-3.475825133649593,-0.7979145969168633,0.004646579885491621,-0.9999717091437998,-0.00591525209904918
839.0,40.46986377859947,18.996784643383354,9.747146590504688,0.03774917217636187,-0.0029462599893435026,0.09495390641776602,1.8325365392761477,-3.4748249430996725,-0.8363476347254147,0.004646579885477842,-0.9999430394493977,-0.009608701892986782
840.0,40.50761295077583,18.99383838339401,9.842100496922454,0.03774917217635476,-0.0038956359161765874,0.0949196966531467,1.8412306178170843,-3.4734391871954062,-0.8748045873142185,0.004646579885490616,-0.9999007100008586,-0.013303361798692959
841.0,40.545362122952184,18.989942747477834,9.9370201935756,0.037749172176347656,-0.004844622282664801,0.09487599499797206,1.849830822574569,-3.471667287761048,-0.9132815831930927,0.0046465798854940475,-0.9998446956416578,-0.016999820369890985
842.0,40.58311129512853,18.98509812519517,10.031896188573572,0.03774917217636187,-0.005793124190962118,0.09482280582236058,1.8583362935350896,-3.469508705527369,-0.9517747417014344,0.004646579885497009,-0.9997749619160106,-0.020698667136007157
843.0,40.620860467304894,18.979305001004207,10.126718994395933,0.03774917217635476,-0.006741046791670868,0.0947601344451936,1.866746180158819,-3.466962940260247,-0.9902801733984944,0.0046465798854960815,-0.9996914650233121,-0.024400492923537596
844.0,40.65860963948125,18.972563954212536,10.221479128841127,0.037749172176347656,-0.007688295293313274,0.09468798713353088,1.8750596414635374,-3.464029530878887,-1.0287939804582216,0.004646579885477457,-0.9995941517599246,-0.02810589017847294
845.0,40.696358811657596,18.964875658919222,10.316167115974658,0.03774917217635476,-0.008634774971831405,0.0946063711020706,1.8832758461105858,-3.4607080555777228,-1.0673122570632727,0.004646579885487242,-0.9994829594481865,-0.031815453290220494
846.0,40.73410798383395,18.95624088394739,10.410773487076728,0.03774917217635476,-0.009580391180058712,0.09451529451234109,1.8913939724863476,-3.456998131936882,-1.1058310898004673,0.004646579885522888,-0.9993578158524958,-0.035529778917078716
847.0,40.771857156010306,18.946660492767332,10.50528878158907,0.037749172176347656,-0.010525049357141825,0.09441476647191571,1.8994132087845523,-3.452899417032559,-1.1443465580576224,0.0046465798854567145,-0.999218639082288,-0.039249466313673105
848.0,40.80960632818665,18.93613544341019,10.599703548060985,0.03774917217636187,-0.011468655038058273,0.09430479703353534,1.9073327530887265,-3.448411607543974,-1.1828547344251323,0.0046465798854790595,-0.9990653374816983,-0.042975117660661866
849.0,40.847355500363015,18.924666788372132,10.69400834509452,0.03774917217635476,-0.012411113863038281,0.09418539719402474,1.9151518134506476,-3.443534439852874,-1.2213516850934107,0.004646579885535267,-0.9988978095056796,-0.046707338396900014
850.0,40.88510467253937,18.912255674509094,10.788193742288545,0.037749172176347656,-0.01335233158696525,0.0940565788932819,1.922869607970843,-3.438267690143341,-1.2598334702556797,0.004646579885475156,-0.9987159435823059,-0.05044673755429896
851.0,40.92285384471572,18.89890334292213,10.882250321181827,0.03774917217635476,-0.014292214088868604,0.0939183550130398,1.9304853648766749,-3.4326111744942667,-1.2982961445124106,0.0046465798855037,-0.9985196179609602,-0.054193928095917394
852.0,40.96060301689207,18.88461112883326,10.976168676194867,0.03774917217635476,-0.015230667381263885,0.0937707393755538,1.9379983225982782,-3.4265647489681172,-1.336735757272109,0.004646579885466411,-0.9983087005460946,-0.05794952725722662
853.0,40.99835218906843,18.869380461451996,11.06993941557042,0.037749172176347656,-0.01616759761962072,0.0936137467422764,1.945407729846548,-3.4201283096979997,-1.3751483531607165,0.004646579885509916,-0.9980830487161871,-0.061714156891015046
854.0,41.036101361244775,18.853212863832375,11.163553162312697,0.03774917217636187,-0.017102911111688712,0.09344739281235093,1.9527128456870568,-3.4133017929675784,-1.4135299724260264,0.004646579885485803,-0.9978425091275144,-0.06548844381625157
855.0,41.07385053342114,18.836109952720687,11.257000555125048,0.03774917217635476,-0.018036514326890796,0.09327169422098613,1.959912939613368,-3.406085175287008,-1.4518766513446244,0.004646579885486512,-0.9975869175022988,-0.06927302017112602
856.0,41.11159970559749,18.818073438393796,11.350272249346034,0.03774917217635476,-0.01896831390569531,0.09308666853793746,1.9670072916230263,-3.398478473470256,-1.4901844226342797,0.004646579885501982,-0.9973160984007946,-0.07306852377039044
857.0,41.149348877773846,18.7991051244881,11.443358917883971,0.037749172176347656,-0.019898216668917,0.09289233426560983,1.9739951922865262,-3.3904817446994198,-1.5284493158603616,0.004646579885492568,-0.9970298649767734,-0.07687559846768513
858.0,41.187098049950194,18.779206907819184,11.536251252149581,0.03774917217635476,-0.020826129627049994,0.09268871083726715,1.980875942819547,-3.3820950865909203,-1.5666673578489378,0.004646579885482089,-0.9967280187159097,-0.08069489452267073
859.0,41.22484722212655,18.758380778192134,11.628939962986848,0.03774917217635476,-0.02175195998957946,0.09247581861507648,1.9876488551527443,-3.373318637256331,-1.604834573097821,0.004646579885507329,-0.9964103491564571,-0.08452706897364388
860.0,41.2625963943029,18.736628818202554,11.721415781601925,0.037749172176347656,-0.022675615174232888,0.09225367888809188,1.9943132520006124,-3.364152575358708,-1.6429469841895477,0.004646579885481708,-0.9960766335916248,-0.08837278601551497
861.0,41.30034556647925,18.71395320302832,11.813669460490017,0.03774917217636187,-0.023597002816270418,0.09202231387009263,2.000868466928968,-3.3545971201631763,-1.6810006122066472,0.004646579885503043,-0.9957266367529563,-0.0922327173838762
862.0,41.33809473865561,18.69035620021205,11.90569177436011,0.03774917217635476,-0.02451603077768638,0.0917817466974089,2.007313844422068,-3.344652531587851,-1.7189914771430008,0.004646579885465672,-0.9953601104740212,-0.09610754274515887
863.0,41.37584391083197,18.665840169434365,11.997473521057518,0.03774917217635476,-0.025432607156453457,0.09153200142650952,2.013648739946673,-3.3343191102416494,-1.756915598323223,0.0046465798855144826,-0.9949767933336857,-0.09999795009290738
864.0,41.41359308300832,18.64040756227791,12.089005522484028,0.037749172176347656,-0.026346640295702883,0.09127310303176017,2.0198725200194456,-3.3235971974717415,-1.794768994816351,0.004646579885492958,-0.994576410278073,-0.10390463615137821
865.0,41.45134225518467,18.614060921982208,12.180278625515788,0.03774917217635476,-0.027258038792869144,0.0910050774027642,2.0259845622670234,-3.312487175390982,-1.832547685853383,0.004646579885471564,-0.9941586722204758,-0.10782830678531524
866.0,41.489091427361025,18.58680288318934,12.271283702918552,0.03774917217635476,-0.02816671150888439,0.09072795134186684,2.031984255490654,-3.3009894669135074,-1.8702476912456878,0.004646579885525333,-0.9937232756181766,-0.11176967741766373
867.0,41.52684059953738,18.558636171680455,12.362011654260419,0.03774917217635476,-0.02907256757720944,0.09044175256144449,2.0378709997257336,-3.2891045357791264,-1.907865031801146,0.004646579885456991,-0.9932699020253218,-0.11572947345415453
868.0,41.564589771713734,18.529563604103245,12.452453406821864,0.03774917217635476,-0.02997551641301044,0.0901465096811318,2.0436442063028775,-3.2768328865759098,-1.945395729746061,0.0046465798855075385,-0.992798217620708,-0.11970843071610668
869.0,41.60233894389009,18.499588087690235,12.542599916502995,0.037749172176347656,-0.03087546772214722,0.08984225222497244,2.0493032979061563,-3.2641750647586516,-1.9828358091416356,0.004646579885488808,-0.9923078727094744,-0.12370729588090434
870.0,41.64008811606644,18.468712619968088,12.632442168727968,0.03774917217635476,-0.03177233151024339,0.08952901061846141,2.0548477086312382,-3.2511316566618245,-2.0201812963062,0.004646579885491434,-0.9917985011974796,-0.12772682693076184
871.0,41.67783728824279,18.436940288457844,12.72197117934643,0.03774917217636187,-0.03266601809166758,0.08920681618550574,2.060276884041808,-3.23770328950983,-2.0574282202336147,0.004646579885482452,-0.9912697200371405,-0.13176779361003535
872.0,41.71558646041915,18.404274270366177,12.811177995531935,0.037749172176347656,-0.0335564380984934,0.08887570114524657,2.065590281224063,-3.223890631419735,-2.094572613014183,0.00464657988548724,-0.9907211286434612,-0.13583097789088555
873.0,41.7533356325955,18.370717832267683,12.900053696677181,0.03774917217635476,-0.03444350248948069,0.08853569860894517,2.070787368843561,-3.2096943914055176,-2.1316105102589296,0.0046465798855132,-0.990152308278796,-0.1399171744480989
874.0,41.791084804771856,18.336274329778202,12.988589395286127,0.03774917217635476,-0.035327122558921786,0.0881868425765635,2.075867627195618,-3.1951153193715993,-2.1685379515161407,0.004646579885497784,-0.9895628214049179,-0.144027191142875
875.0,41.82883397694821,18.30094720721928,13.07677623786269,0.03774917217635476,-0.03620720994554816,0.08782916793341755,2.080830548258721,-3.180154206105683,-2.2053509806965415,0.004646579885486925,-0.9889522110008832,-0.1481618495154291
876.0,41.866583149124565,18.264739997273733,13.164605405796108,0.037749172176347656,-0.03708367664134826,0.08746271044666365,2.085675635744637,-3.1648118832659753,-2.2420456464935654,0.004646579885474923,-0.9883199998449187,-0.15232198528744242
877.0,41.90433232130091,18.227656320632384,13.252068116242771,0.03774917217635476,-0.03795643500038892,0.08708750676175114,2.090402405148844,-3.1490892233651304,-2.2786180028071277,0.004646579885481863,-0.9876656897587172,-0.15650844887355211
878.0,41.94208149347727,18.189699885631995,13.339155623004523,0.03774917217635476,-0.038825397747555,0.08670359439873998,2.095010383798329,-3.1329871397493627,-2.315064109163563,0.004646579885477322,-0.9869887608122043,-0.1607221059025714
879.0,41.97983066565362,18.15087448788444,13.425859217403262,0.03774917217635476,-0.03969047798731751,0.08631101174855083,2.0994991108994334,-3.116506586572149,-2.3513800311409963,0.004646579885533064,-0.9862886704869128,-0.16496383774793008
880.0,42.01757983782998,18.111184009897123,13.512170229151813,0.03774917217635476,-0.040551589212334704,0.08590979806908372,2.1038681375819825,-3.0996485587631097,-2.387561840787408,0.004646579885477218,-0.9855648527957717,-0.16923454206815133
881.0,42.05532901000633,18.070632420684788,13.598080027220897,0.03774917217635476,-0.04140864531223443,0.08549999348141846,2.1081170269482277,-3.0824140919990377,-2.423605617048724,0.004646579885497941,-0.9848167173572407,-0.17353513335655205
882.0,42.09307818218269,18.029223775372554,13.683580020702315,0.03774917217635476,-0.042261560582108615,0.08508163896565257,2.112245354112249,-3.064804262659035,-2.4595074461863153,0.0046465798854957935,-0.9840436484214695,-0.17786654350026354
883.0,42.13082735435904,17.986962214790445,13.768661659667968,0.037749172176347656,-0.04311024973114641,0.08465477635689389,2.116252706244933,-3.0468201877854892,-2.4952634222018166,0.0046465798854946685,-0.9832450038459266,-0.18222972234899334
884.0,42.16857652653539,17.9438519650593,13.853316436024862,0.03774917217635476,-0.043954627891128695,0.08421944834104167,2.1201386826141406,-3.0284630250347817,-2.5308696472584926,0.004646579885469174,-0.9824201140180772,-0.1866256382924821
885.0,42.206325698711744,17.89989733716817,13.937535884365904,0.03774917217635476,-0.0447946106249546,0.08377569845053756,2.123902894625684,-3.009733972627398,-2.566322232103643,0.004646579885495752,-0.9815682807222265,-0.1910552788471972
886.0,42.2440748708881,17.855102726543215,14.021311582816441,0.037749172176347656,-0.045630113935047234,0.08332357106000465,2.127544965861518,-2.990634269290646,-2.601617296489944,0.004646579885485542,-0.9806887759478312,-0.1955196512509992
887.0,42.28182404306445,17.809472612608168,14.104635153876446,0.03774917217636897,-0.04646105427177716,0.08286311138181546,2.1310645321178123,-2.971165194198224,-2.636750969598223,0.004646579885485022,-0.9797808406360053,-0.20001978306650212
888.0,42.319573215240816,17.76301155833639,14.187498265258261,0.037749172176347656,-0.04728734854178285,0.08239436546150891,2.1344612414397823,-2.9513280669047677,-2.671719390454684,0.00464657988550677,-0.978843683361165,-0.20455672279178466
889.0,42.35732238741716,17.715724209794608,14.26989263071977,0.03774917217635476,-0.04810891411635154,0.08191738017333705,2.1377347541605913,-2.9311242472795156,-2.7065187083592197,0.004646579885494759,-0.9778764789445017,-0.2091315404774496
890.0,42.39507155959352,17.667615295678257,14.351810010893107,0.03774917217635476,-0.048925668839590486,0.08143220321540667,2.1408847429309747,-2.9105551354289916,-2.741145083297571,0.004646579885480756,-0.9768783669952998,-0.21374532835120377
891.0,42.43282073176987,17.618689626838666,14.433242214108514,0.037749172176347656,-0.04973753103672607,0.08093888310501818,2.1439108927550983,-2.889622171621602,-2.775594686367401,0.004646579885513548,-0.9758484503769305,-0.2183992014461389
892.0,42.47056990394622,17.56895209580194,14.514181097213532,0.03774917217635476,-0.05054441952220046,0.0804374691737646,2.146812901020168,-2.8683268362033814,-2.809863700194555,0.004646579885483894,-0.9747857935929476,-0.2230942982344807
893.0,42.508319076122575,17.51840767627974,14.594618566387297,0.03774917217635476,-0.05134625360784639,0.07992801156262885,2.149590477528039,-2.846670649513464,-2.843948319353303,0.004646579885483926,-0.973689421089405,-0.2278317812640441
894.0,42.54606824829893,17.467061422671893,14.674546577949926,0.03774917217635476,-0.052142953110916324,0.07941056121694423,2.152243344523212,-2.82465517179086,-2.8778447507843024,0.004646579885475085,-0.9725583154689944,-0.2326128377959393
895.0,42.583817420475285,17.414918469560977,14.75395713916687,0.037749172176347656,-0.0529344383621293,0.07888516988130867,2.154771236721184,-2.8022820030799607,-2.911549214212831,0.0046465798855011555,-0.9713914156120432,-0.23743868044317942
896.0,42.62156659265163,17.361984031198848,14.832842309048178,0.03774917217636187,-0.0537206302136255,0.07835189009443688,2.1571739013352564,-2.779552783131079,-2.945057942566223,0.004646579885488241,-0.9701876146997894,-0.24231054780694258
897.0,42.659315764827994,17.308263400985222,14.911194199142615,0.03774917217635476,-0.05450145004685325,0.07781077518382595,2.159451098100003,-2.7564691912943764,-2.978367182387203,0.0046465798854959245,-0.9689457581345016,-0.24722970510948716
898.0,42.69706493700435,17.25376195093837,14.989004974326441,0.037749172176347656,-0.0552768197804987,0.07726187926054706,2.1616025992984627,-2.733032946414587,-3.011473194254728,0.004646579885490491,-0.9676646413512415,-0.2521974448204047
899.0,42.7348141091807,17.19848513115787,15.066266853586988,0.03774917217636187,-0.05604666187823071,0.07670525721372634,2.1636281897820973,-2.709245806714418,-3.0443722531949717,0.004646579885493195,-0.9663430075152157,-0.25721508727486336
900.0,42.77256328135706,17.14243846927964,15.142972110800715,0.037749172176347656,-0.056810899356481315,0.07614096470510923,2.1655276669936305,-2.6851095696806118,-3.077060649095187,0.004646579885486536,-0.9649795450989983,-0.26228398127963926
901.0,42.810312453533406,17.085627569923158,15.219113075505824,0.03774917217635476,-0.05756945579213735,0.07556905816347026,2.167300840986786,-2.6606260719387196,-3.1095346871193814,0.004646579885496073,-0.963572885333341,-0.2674055047035267
902.0,42.84806162570976,17.02805811413102,15.294682133669294,0.03774917217635476,-0.058322255330192974,0.07498959477898914,2.1689475344457643,-2.6357971891306304,-3.141790688117795,0.0046465798855049355,-0.9621215995243897,-0.27258106505037594
903.0,42.885810797886116,16.969735858800828,15.369671728448283,0.03774917217635476,-0.05906922269131343,0.07440263249752022,2.1704675827024444,-2.6106248357820587,-3.173824989039003,0.004646579885479224,-0.9606241962313569,-0.27781210000687095
904.0,42.92355997006247,16.910666636109514,15.444074360945804,0.03774917217635476,-0.05981028317939874,0.07380823001481929,2.1718608337537613,-2.5851109651694912,-3.2056339433407763,0.004646579885475642,-0.9590791182963507,-0.28310007796406994
905.0,42.961309142238825,16.850856352930116,15.517882590960623,0.03774917217635476,-0.06054536268898758,0.07320644677059462,2.173127148274552,-2.5592575691777357,-3.2372139213963482,0.004646579885497741,-0.957484739719527,-0.2884464985046576
906.0,42.99905831441518,16.790310990241128,15.591089037731217,0.03774917217635476,-0.06127438771277127,0.07259734294271247,2.17426639963561,-2.533066678163098,-3.2685613109066907,0.004646579885494113,-0.955839362371192,-0.2938528928515091
907.0,43.036807486591535,16.729036602528357,15.66368638067393,0.037749172176347656,-0.06199728534884841,0.07198097944103132,2.1752784739123663,-2.5065403607995957,-3.2996725173029358,0.004646579885508914,-0.9541412125330003,-0.29932082426958484
908.0,43.07455665876788,16.66703931717951,15.735667360114961,0.03774917217635476,-0.06271398330805411,0.07135741790139427,2.1761632698982885,-2.4796807239301595,-3.3305439641540837,0.0046465798854857555,-0.9523884372591751,-0.304851888415332
909.0,43.11230583094424,16.604325333871454,15.807024778016356,0.03774917217635476,-0.0634244099211898,0.07072672067942953,2.176920699114415,-2.4524899124100887,-3.3611720935700315,0.004646579885493882,-0.9505791005492291,-0.3104477136240276
910.0,43.15005500312059,16.540900923950264,15.877751498695785,0.03774917217635476,-0.06412849414618904,0.07008895084433497,2.177550685818522,-2.424970108946428,-3.3915533666055784,0.004646579885497005,-0.948711179322918,-0.3161099611260067
911.0,43.18780417529695,16.476772429804075,15.94784044954012,0.037749172176347656,-0.0648261655752087,0.0694441721725596,2.1780531670122962,-2.397123533933498,-3.421684263660662,0.004646579885478776,-0.9467825591875546,-0.3218403251825862
912.0,43.225553347473294,16.411946264228867,16.01728462171268,0.03774917217636187,-0.06551735444170603,0.06879244914145488,2.1784280924486916,-2.368952445284476,-3.451561284882855,0.004646579885476982,-0.9447910299882704,-0.3276405331290245
913.0,43.263302519649656,16.34642890978716,16.086077070854135,0.03774917217635476,-0.06620199162733797,0.06813384692274127,2.1786754246343096,-2.3404591382562714,-3.481180950560935,0.004646579885499075,-0.942734281130789,-0.33351234531300655
914.0,43.30105169182601,16.280226918159823,16.154210917776876,0.037749172176347656,-0.06688000866898136,0.06746843137611691,2.178795138836948,-2.31164594527546,-3.5105398015289584,0.004646579885507933,-0.9406098966667343,-0.339457554913664
915.0,43.33880086400236,16.21334690949084,16.221679349152993,0.03774917217636187,-0.06755133776549371,0.06679626904258029,2.178787223085206,-2.2825152357538023,-3.539634399557148,0.004646579885497017,-0.9384153501304447,-0.345477987627175
916.0,43.37655003617872,16.145795571725348,16.288475618195573,0.037749172176347656,-0.0682159117845238,0.066117427137808,2.1786516781706897,-2.2530694159050237,-3.568461327746122,0.004646579885477466,-0.9361479991171121,-0.35157550120051806
917.0,43.41429920835507,16.077579659940824,16.35459304533338,0.03774917217635476,-0.06887366426921915,0.06543197354541519,2.178388517647551,-2.223310928551325,-3.597017190921839,0.00464657988548646,-0.933805079591527,-0.3577519847945357
918.0,43.45204838053142,16.008705995671605,16.420025018878796,0.03774917217635476,-0.06952452944488208,0.06473997681019839,2.177997767831803,-2.1932422529335143,-3.6252986160239473,0.004646579885481078,-0.9313836999157851,-0.3640093581579333
919.0,43.48979755270778,15.939181466226723,16.484764995688995,0.037749172176347656,-0.07016844222553686,0.06404150613124315,2.1774794677979115,-2.1628659045093657,-3.653302252496112,0.004646579885504928,-0.9288808345870221,-0.3703495705847179
920.0,43.527546724884125,15.869013024001186,16.548806501820238,0.03774917217636187,-0.0708053382204561,0.06333663135506029,2.1768336693760784,-2.132184434753639,-3.681024772674076,0.004646579885480812,-0.9262933176728996,-0.37677459963471616
921.0,43.56529589706049,15.79820768578073,16.612143133175298,0.03774917217635476,-0.07143515374053422,0.06262542296849816,2.1760604371443337,-2.1012004309487065,-3.708462872166728,0.0046465798854972715,-0.9236178359360614,-0.3832864495858868
922.0,43.60304506923684,15.726772532040195,16.674768556143796,0.03774917217635476,-0.07205782580477837,0.061907952091836194,2.1751598484263552,-2.06991651597775,-3.735613270247321,0.004646579885491817,-0.9208509216376174,-0.3898871495888501
923.0,43.6407942414132,15.654714706235417,16.736676508235632,0.037749172176347656,-0.0726732921464901,0.06118429047155871,2.1741319932799956,-2.0383353481069317,-3.762472710228366,0.004646579885480969,-0.917988945010465,-0.3965787514907239
924.0,43.678543413589544,15.582041414088927,16.79786079870719,0.03774917217635476,-0.07328149121954652,0.06045451047321748,2.1729769744897736,-2.0064596207668957,-3.7890379598450767,0.004646579885498813,-0.915028106395143,-0.40336332728978563
925.0,43.7162925857659,15.50875992286938,16.85831530918041,0.03774917217635476,-0.07388236220455191,0.05971868507420908,2.171694907556761,-1.9742920623318065,-3.81530581163187,0.004646579885500961,-0.9119644280308423,-0.4102429661819274
926.0,43.754041757942254,15.434877560664829,16.918033994254618,0.037749172176347656,-0.0744758450149039,0.05897688785645627,2.1702859206864455,-1.9418354358904448,-3.841273083298522,0.00464657988549668,-0.9087937454971614,-0.41721977115257647
927.0,43.7917909301186,15.360401715649925,16.977010882111074,0.03774917217635476,-0.07506188030281535,0.05822919299906815,2.1687501547764123,-1.9090925390160587,-3.8669366181045217,0.004646579885481345,-0.9055116988022033,-0.42429585506780026
928.0,43.829540102294956,15.28533983534711,17.035240075110142,0.03774917217635476,-0.07564040946524919,0.05747567527090425,2.167087763401981,-1.8760662035317088,-3.8922932852297625,0.004646579885499858,-0.9021137231167714,-0.4314733362095102
929.0,43.86728927447131,15.20969942588186,17.092715750381046,0.03774917217636187,-0.07621137464978744,0.056716410023113895,2.1652989128012483,-1.8427592952707148,-3.917339980145662,0.004646579885512204,-0.8985950391562086,-0.4387543331970859
930.0,43.90503844664767,15.133488051232073,17.14943216040416,0.037749172176347656,-0.07677471876033692,0.05595147318157245,2.1633837818566652,-1.8091747138338246,-3.942073624977814,0.004646579885458627,-0.8949506432142299,-0.4461409592335188
931.0,43.94278761882402,15.056713332471736,17.205383633585733,0.03774917217636187,-0.07733038546300541,0.055180941239342474,2.161342562080817,-1.7753153923426477,-3.966491168880242,0.004646579885501989,-0.8911752968585873,-0.45363531560536197
932.0,43.98053679100038,14.97938294700873,17.260564574825075,0.037749172176347656,-0.07787831919156929,0.054404891248978515,2.159175457593734,-1.7411842971900358,-3.9905895883881626,0.004646579885475339,-0.8872635163010859,-0.46123948436403495
933.0,44.01828596317673,14.901504627817161,17.314969466074054,0.037749172176347656,-0.07841846515311168,0.05362340081482486,2.156882685103928,-1.7067844277819728,-4.014365887785191,0.004646579885495843,-0.8832095614625741,-0.4689555201044713
934.0,44.05603513535308,14.82308616266405,17.36859286688888,0.03774917217636187,-0.07895076933348655,0.05283654808527061,2.154464473886692,-1.6721188162821354,-4.037817099458692,0.004646579885505412,-0.8790074247558816,-0.4767854407586298
935.0,44.09378430752944,14.744135393330563,17.42142941497415,0.037749172176347656,-0.07947517850272234,0.05204441174494434,2.151921065761351,-1.637190527349881,-4.060940284255656,0.004646579885476956,-0.8746508196227164,-0.4847312173036501
936.0,44.13153347970579,14.66466021482784,17.473473826719093,0.03774917217635476,-0.07999164022033689,0.051247071006812916,2.1492527150664538,-1.6020026578701763,-4.083732531837653,0.00464657988548571,-0.8701331688640811,-0.4927947622874257
937.0,44.16928265188214,14.584668574607504,17.524720897725906,0.03774917217635476,-0.0805001028406025,0.050444605604297976,2.1464596886352654,-1.5665583366881377,-4.106190961030081,0.004646579885491011,-0.865447592815685,-0.5009779170631217
938.0,44.2070318240585,14.504168471766901,17.575165503330204,0.03774917217636187,-0.08100051551763876,0.04963709578323261,2.1435422657668037,-1.5308607243299361,-4.128312720169089,0.004646579885520731,-0.8605868974341319,-0.5092824376120408
939.0,44.24478099623486,14.423167956249262,17.624802599113437,0.037749172176347656,-0.0814928282106333,0.048824622293967224,2.140500738202196,-1.4949130127323933,-4.1500949874520945,0.004646579885472376,-0.8555435623669186,-0.5177099788374668
940.0,44.282530168411206,14.341675128038629,17.673627221407404,0.03774917217635476,-0.08197699168872497,0.04800726638316277,2.1373354100914685,-1.45871842495374,-4.171534971277233,0.004646579885488477,-0.8503097291014572,-0.5262620771923187
941.0,44.32027934058756,14.259698136349904,17.721634487790567,0.03774917217635476,-0.08245295753595627,0.04718510978571899,2.1340465979644163,-1.422280214893325,-4.192629910583104,0.004646579885496495,-0.8448771892981747,-0.53494013150911
942.0,44.358028512763916,14.177245178813948,17.768819597576286,0.037749172176347656,-0.08292067815614779,0.04635823471662448,2.1306346306998645,-1.3856016670020628,-4.213377075189467,0.0046465798854714415,-0.8392373734401287,-0.5437453818807862
943.0,44.39577768494026,14.0943245006578,17.81517783229291,0.03774917217635476,-0.08338010677762142,0.04552672386268952,2.127099849491484,-1.3486860959880251,-4.233773766130608,0.004646579885490477,-0.8333813399460558,-0.5526788864477131
944.0,44.43352685711662,14.010944393880179,17.8607045561556,0.03774917217635476,-0.08383119745790246,0.0446906603743038,2.1234426078144932,-1.3115368465225838,-4.253817315987871,0.004646579885517453,-0.8272997649235131,-0.5617414959328423
945.0,44.47127602929297,13.927113196422276,17.905395216529904,0.03774917217636187,-0.08427390508830968,0.04385012785712661,2.119663271390307,-1.274157292939473,-4.273505089220083,0.004646579885507078,-0.8209829327651811,-0.5709338257658675
946.0,44.509025201469335,13.842839291333966,17.94924534438703,0.037749172176347656,-0.08470818539840863,0.04300521036369531,2.115762218148504,-1.2365508389314324,-4.292834482486583,0.0046465798854737235,-0.8144207278201052,-0.5802562256385861
947.0,44.54677437364568,13.758131105935558,17.992250554750726,0.03774917217635476,-0.08513399496057161,0.0421559923850765,2.111739838192194,-1.1987209172437288,-4.311802924978496,0.004646579885475586,-0.8076026274088518,-0.5897087463296498
948.0,44.58452354582204,13.672997110974986,18.034406547135802,0.03774917217635476,-0.08555129119418226,0.04130255884234302,2.1075965337555127,-1.1606709893629334,-4.330407878731492,0.004646579885512753,-0.8005176964857793,-0.5992911036453565
949.0,44.62227271799839,13.587445819780804,18.075709105978145,0.037749172176347656,-0.08596003236996808,0.040444995078143364,2.103332719165582,-1.1224045452038718,-4.348646838948386,0.004646579885501541,-0.793154584295523,-0.6090026393262705
950.0,44.66002189017474,13.501485787410836,18.11615410105629,0.03774917217636187,-0.08636017761414827,0.03958338684814322,2.098948820800292,-1.0839251027910533,-4.366517334312915,0.0046465798854759465,-0.7855015234116779,-0.6188422787862033
951.0,44.6977710623511,13.415125609796688,18.15573748790443,0.037749172176347656,-0.08675168691253354,0.038717820312442086,2.0944452770457818,-1.0452362079393094,-4.384016927300731,0.004646579885488055,-0.777546331595799,-0.628808485563994
952.0,44.73552023452745,13.328373922884154,18.194455308216874,0.037749172176347656,-0.08713452111452114,0.037848382026979266,2.089822538252782,-1.006341433927315,-4.401143214490216,0.004646579885477697,-0.769276416965206,-0.6388992123931149
953.0,44.7732694067038,13.241239401769633,18.232303690243853,0.03774917217636187,-0.08750864193700991,0.036975158934847485,2.0850810666911705,-0.9672443811708844,-4.417893826866352,0.004646579885508813,-0.7606787870079428,-0.6491118488299934
954.0,44.81101857888016,13.153730759832623,18.2692788491787,0.03774917217635476,-0.08787401196824263,0.036098238357645585,2.0802213365046236,-0.9279486768938175,-4.434266430123993,0.004646579885478822,-0.7517400620445216,-0.6594431654150845
955.0,44.84876775105651,13.06585674786438,18.305377087536346,0.03774917217635476,-0.0882305946714741,0.03521770798667134,2.0752438336608754,-0.8884579747882421,-4.450258724965265,0.004646579885498533,-0.7424464937865315,-0.6698892543991534
956.0,44.88651692323287,12.977626153192906,18.340594795523018,0.037749172176347656,-0.08857835438878503,0.03433365587426351,2.0701490559075117,-0.8487759546837585,-4.465868447401469,0.004646579885467363,-0.7327839896992029,-0.6804454671286203
957.0,44.924266095409216,12.889047798804121,18.37492845139728,0.03774917217636187,-0.08891725634446601,0.0334461704248703,2.064937512717216,-0.808906322199153,-4.481093369038919,0.004646579885514633,-0.722738143935113,-0.6911063482537223
958.0,44.96201526758558,12.800130542459655,18.40837462182215,0.037749172176347656,-0.08924726664861282,0.03255534038630614,2.0596097252402465,-0.7688528084046691,-4.495931297372247,0.004646579885499009,-0.7122942756456769,-0.7018655670267405
959.0,44.999764439761925,12.710883275811042,18.440929962208457,0.037749172176347656,-0.089568352300466,0.03166125484083793,2.0541662262509046,-0.7286191694696033,-4.510380076070628,0.004646579885472386,-0.7014374755343201,-0.7127158460504495
960.0,45.03751361193827,12.621314923510576,18.472591217049295,0.03774917217636187,-0.08988048119173087,0.03076400319626771,2.0486075600945126,-0.6882091863136757,-4.524437585259827,0.004646579885497523,-0.6901526615362513,-0.7236488879766183
961.0,45.075262784114635,12.531434442318846,18.503355220245563,0.037749172176347656,-0.0901836221097767,0.029863675177011828,2.0429342826330186,-0.6476266642540784,-4.538101741801183,0.004646579885496587,-0.6784246445443765,-0.7346553007841189
962.0,45.11301195629098,12.441250820209069,18.533218895422575,0.03774917217636187,-0.09047774474077919,0.028960360815133868,2.037146961189864,-0.6068754326461252,-4.551370499570391,0.004646579885471994,-0.6662382050956038,-0.7457245224386522
963.0,45.150761128467344,12.35077307546829,18.56217925623771,0.03774917217635476,-0.09076281967267086,0.02805415044129589,2.031246174491189,-0.5659593445249593,-4.5642418497238575,0.004646579885491244,-0.6535781819166239,-0.7568447459141989
964.0,45.1885103006437,12.260010255795619,18.590233406679005,0.03774917217635476,-0.09103881839825334,0.027145134675798488,2.0252325126120354,-0.5248822762423325,-4.5767138209778055,0.004646579885499547,-0.6404295731866407,-0.7680028457521136
965.0,45.226259472820054,12.168971437397365,18.617378541354803,0.037749172176347656,-0.09130571331785475,0.026233404419450324,2.0191065769129075,-0.483648127099642,-4.58878447986359,0.004646579885501639,-0.6267776512866695,-0.7791843075569054
966.0,45.2640086449964,12.07766572407951,18.643611945774254,0.03774917217635476,-0.09156347774221629,0.02531905084452646,2.0128689799825823,-0.44226081897957237,-4.60045193099635,0.004646579885481267,-0.6126080916922948,-0.7903731620497325
967.0,45.301757817172756,11.986102246337294,18.66893099661878,0.03774917217635476,-0.09181208589510526,0.024402165385613017,2.0065203455753466,-0.4007242959737882,-4.6117143173299,0.004646579885499594,-0.5979071164951745,-0.8015519255418164
968.0,45.33950698934911,11.89429016044219,18.693333162004393,0.037749172176347656,-0.09205151291591385,0.02348283973050158,2.000061308549474,-0.3590425240085081,-4.622569820413206,0.0046465798854804855,-0.5826616528200281,-0.8127015489270344
969.0,45.37725616152546,11.802238647526275,18.716816001734895,0.03774917217636187,-0.09228173486214075,0.022561165810977002,1.9934925148031342,-0.3172194904645782,-4.633016660641316,0.0046465798855152484,-0.5668595061222909,-0.8238013775262579
970.0,45.41500533370182,11.709956912664135,18.73937716754587,0.03774917217635476,-0.09250272871179988,0.021637235793686926,1.9868146212108206,-0.27525920380151536,-4.643053097502218,0.004646579885463944,-0.5504895480072544,-0.8348291243303247
971.0,45.452754505878175,11.617454183952335,18.76101440333956,0.03774917217635476,-0.09271447236563546,0.020711142070830135,1.980028295554911,-0.23316569316707092,-4.652677429818184,0.004646579885512755,-0.5335419178023342,-0.8457608593705285
972.0,45.49050367805453,11.5247397115867,18.78172554541039,0.037749172176347656,-0.09291694464952016,0.01978297725104028,1.9731342164638561,-0.190943008018713,-4.661887995992863,0.004646579885470473,-0.5160082366231408,-0.8565710180904118
973.0,45.52825285023088,11.431822766937179,18.80150852266143,0.03774917217635476,-0.09311012531636642,0.01885283415000316,1.9661330733390339,-0.14859521772766382,-4.6706831742388975,0.004646579885517087,-0.4978818321434576,-0.8672324316564972
974.0,45.56600202240723,11.338712641620813,18.820361356811432,0.03774917217635476,-0.09329399504827407,0.017920805781262317,1.9590255662891247,-0.10612641119267752,-4.679061382814861,0.004646579885496162,-0.47915797165114266,-0.8777163821523046
975.0,45.60375119458359,11.245418646572539,18.838282162592694,0.037749172176347656,-0.09346853545842038,0.016986985346878924,1.95181240605887,-0.06354069644277316,-4.687021080252494,0.004646579885480181,-0.45983410033733874,-0.8879926854779367
976.0,45.641500366759935,11.151950111114118,18.855269147939573,0.03774917217636187,-0.09363372909290923,0.016051466228120148,1.9444943139582924,-0.0208422002405656,-4.694560765581762,0.004646579885478879,-0.4399100810615537,-0.8980298045587268
977.0,45.6792495389363,11.058316382021209,18.871320614167693,0.037749172176347656,-0.09378955943252265,0.015114341976108392,1.9370720217905408,0.021964932315800212,-4.701678978550544,0.004646579885515857,-0.41938843115238866,-0.9077949950902494
978.0,45.716998711112645,10.964526822588686,18.886434956143802,0.03774917217635476,-0.09393601089434256,0.01417570630249898,1.9295462717785057,0.06487653819654027,-4.708374299841882,0.004646579885482451,-0.3982745511250159,-0.917254485528163
979.0,45.754747883289,10.870590811694344,18.9006106624463,0.03774917217636187,-0.09407306883337441,0.01323565307006902,1.9219178164913875,0.10788843684337823,-4.714645351287765,0.0046465798855064595,-0.37657693957911725,-0.9263736923469887
980.0,45.79249705546536,10.77651774286097,18.91384631551637,0.037749172176347656,-0.09420071954388298,0.012294276283363104,1.9141874187673593,0.15099643057642365,-4.720490796072704,0.004646579885471361,-0.35430738802804485,-0.9351174707405014
981.0,45.83024622764171,10.682317023317086,18.926140591799733,0.03774917217635476,-0.09431895026095383,0.011351670079275067,1.9063558516406975,0.19419630500561558,-4.725909338947807,0.004646579885491026,-0.33148114903046405,-0.9434503999325088
982.0,45.867995399818064,10.587998073056132,18.937492261879008,0.03774917217635476,-0.09442774916159813,0.01040792871763685,1.8984238982612611,0.23748382943985535,-4.730899726422066,0.0046465798854997955,-0.3081170708119912,-0.9513371011211568
983.0,45.90574457199442,10.493570323894534,18.947900190596645,0.03774917217635476,-0.09452710536601394,0.009463146571800252,1.8903923518177521,0.28085475730281095,-4.7354607469636205,0.004646579885489062,-0.28423769161513945,-0.9587425848269517
984.0,45.94349374417077,10.39904321852852,18.957363337168445,0.037749172176347656,-0.09461700893866798,0.00851741811919382,1.882262015458218,0.32430482654868414,-4.739591231191357,0.004646579885481556,-0.2598692873304892,-0.9656326231014108
985.0,45.98124291634712,10.304426209589852,18.96588075528764,0.03774917217635476,-0.09469745088927084,0.007570837931876184,1.8740337022094002,0.3678297600816725,-4.743290052062764,0.0046465798854872335,-0.2350418665900174,-0.9719741407286762
986.0,46.018992088523476,10.209728758700582,18.973451593219515,0.03774917217635476,-0.09476842317370604,0.006623500667064519,1.8657082348958551,0.41142526617620395,-4.746556125058692,0.004646579885521351,-0.20978910843987997,-0.9777356182912474
987.0,46.05674126069983,10.114960335526876,18.98007509388658,0.03774917217635476,-0.09482991869480806,0.005675501057719856,1.857286446057693,0.4550870388990356,-4.74938840836278,0.004646579885455801,-0.18414823896736354,-0.9828874988423582
988.0,46.094490432876185,10.020130416832068,18.9857505949443,0.03774917217635476,-0.0948819313030338,0.004726933902983177,1.8487691778656745,0.49881075853798607,-4.75178590303503,0.004646579885524456,-0.15815984480542045,-0.987402589011439
989.0,46.13223960505254,9.925248485529034,18.990477528847283,0.03774917217635476,-0.09492445579721753,0.0037778940588069077,1.8401572820407792,0.5425920920242675,-4.753747653189797,0.004646579885454984,-0.13186762323139578,-0.9912564447400434
990.0,46.169988777228895,9.830324029731816,18.99425542290609,0.03774917217635476,-0.09495748792491554,0.00282847642837325,1.831451619764734,0.5864266933662927,-4.755272746154902,0.0046465798854878875,-0.10531807056662146,-0.9944277315659956
991.0,46.20773794940525,9.7353665418069,18.997083899334463,0.037749172176347656,-0.09498102438296208,0.001878775952643963,1.8226530615967844,0.6303102040790821,-4.756360312640505,0.004646579885526676,-0.07856011264153959,-0.9968985495009591
992.0,46.2454871215816,9.640385517423939,18.998962675287107,0.03774917217636187,-0.09499506281771808,0.0009288876008923808,1.8137624873853373,0.6742382536172203,-4.757009526894358,0.004646579885466232,-0.05164468317698927,-0.9986547130990353
993.0,46.28323629375796,9.54539045460622,18.999891562888,0.0,-0.04539045460622049,0.0,0.8624137155083793,0.0,-2.100817136020797,0.004646579885478114,-0.024624257872397106,-0.9996859783049883
994.0,46.28323629375796,9.5,18.999891562888,0.21884726742107574,-0.5402117505497266,0.0,10.263964681442706,4.1580743498347905,-27.081797139857848,nan,nan,nan
995.0,46.502083561179035,8.959788249450273,18.999891562888,0.21884726742107574,-0.5193997121478908,0.0,9.868538208605166,4.1580743498347905,-26.113993991017214,0.029706470131945543,0.012034502778746296,-0.9994862162006879
996.0,46.72093082860011,8.440388537302383,18.999891562888,0.21884726742107574,-0.4989950001346557,0.0,9.48085089298174,4.1580743498347905,-25.16066685246935,0.059043173205351504,0.024877636266731853,-0.9979453927503363
997.0,46.939778096021186,7.941393537167727,18.999891562888,0.21884726742107574,-0.47899761451002476,0.0,9.100902734572498,4.1580743498347905,-24.22199400874861,0.08793741535876697,0.03856724626528319,-0.9953791129491982
998.0,47.15862536344226,7.462395922657702,18.999891562888,0.21884726742107574,-0.45940755527399446,0.0,8.72869373337737,4.1580743498347905,-23.298153744389015,0.11631231196997924,0.05314145805944281,-0.9917900138232462
999.0,47.37747263086334,7.002988367383708,18.999891562888,0.21884726742107574,-0.44022482242657013,0.0,8.364223889396458,4.1580743498347905,-22.389324343925004,0.14408648814011624,0.06863825777300761,-0.9871817834144501
1000.0,47.59631989828441,6.5627635449571375,18.999891562888,0.21884726742107574,-0.42144941596775,0.0,8.007493202629728,4.1580743498347905,-21.495684091890684,0.17117379408611944,0.08509496780157971,-0.9815591569910653
1001.0,47.81516716570549,6.1413141289893876,18.999891562888,0.21884726742107574,-0.4030813358975287,0.0,7.65850167307708,4.1580743498347905,-20.61741127281999,0.19748305175339703,0.10254760025937011,-0.9749279121818236
1002.0,48.034014433126565,5.738232793091859,18.999891562888,0.21884726742107574,-0.38512058221591694,0.0,7.317249300738714,4.1580743498347905,-19.75468417124762,0.2229178538560779,0.12103007217425583,-0.9672948630390295
1003.0,48.25286170054764,5.353112210875942,18.999891562888,0.21884726742107574,-0.3675671549229014,0.0,6.98373608561438,4.1580743498347905,-18.90768107170712,0.24737644224015878,0.14057326694176572,-0.9586678530366607
1004.0,48.471708967968716,4.9855450559530405,18.999891562888,0.21884726742107574,-0.3504210540184909,0.0,6.657962027704245,4.1580743498347905,-18.076580258733113,0.27075169885038225,0.16120392872276298,-0.9490557470106686
1005.0,48.69055623538979,4.63512400193455,18.999891562888,0.21884726742107574,-0.3336822795026855,0.0,6.339927127008309,4.1580743498347905,-17.26156001685978,0.29293128943685254,0.1829433805424391,-0.9384684220497604
1006.0,48.90940350281087,4.301441722431864,18.999891562888,0.21884726742107574,-0.3173508313754829,0.0,6.02963138352653,4.1580743498347905,-16.462798630621204,0.31379800704713484,0.20580606338099608,-0.9269167573460217
1007.0,49.12825077023194,3.9840908910563813,18.999891562888,0.21884726742107574,-0.30142670963688234,0.0,5.727074797258892,4.1580743498347905,-15.680474384551534,0.33323036865436695,0.22979790311448942,-0.9144126230158125
1008.0,49.34709803765302,3.682664181419499,18.999891562888,0.21884726742107574,-0.2859099142868855,0.0,5.432257368205427,4.1580743498347905,-14.914765563185039,0.3511035230135545,0.25491452527877556,-0.9009688679024193
1009.0,49.565945305074095,3.3967542671326134,18.999891562888,0.21884726742107574,-0.27080044532549197,0.0,5.145179096366128,4.1580743498347905,-14.165850451055894,0.36729052972608234,0.28113935461341755,-0.8865993063730001
1010.0,49.78479257249517,3.1259538218071214,18.999891562888,0.21884726742107574,-0.25609830275270173,0.0,4.8658399817409945,4.1580743498347905,-13.433907332698281,0.3816640669118838,0.30844165716228833,-0.8713187041233894
1011.0,50.00363983991625,2.8698555190544197,18.999891562888,0.21884726742107574,-0.24180348656851436,0.0,4.594240024330017,4.1580743498347905,-12.71911449264637,0.3940986159824459,0.33677460676289583,-0.8551427630053461
1012.0,50.22248710733732,2.6280520324859054,18.999891562888,0.21884726742107574,-0.22791599677292984,0.0,4.330379224133198,4.1580743498347905,-12.021650215434347,0.40447315486438207,0.36607348365165243,-0.8380881048918407
1013.0,50.4413343747584,2.4001360357129755,18.999891562888,0.21884726742107574,-0.2144358333659495,0.0,4.074257581150561,4.1580743498347905,-11.341692785596472,0.4126743640007149,0.39625413825719435,-0.8201722545969559
1014.0,50.660181642179474,2.185700202347026,18.999891562888,0.21884726742107574,-0.2013629963475716,0.0,3.825875095382073,4.1580743498347905,-10.679420487666837,0.41860031165088585,0.42721187456608095,-0.8014136218679567
1015.0,50.87902890960055,1.9843372059994544,18.999891562888,0.21884726742107574,-0.18869748571779743,0.0,3.585231766827758,4.1580743498347905,-10.035011606179705,0.42216453683607424,0.4588209202508379,-0.7818314824680298
1016.0,51.097876177021625,1.795639720281657,18.999891562888,0.21884726742107574,-0.17643930147662523,0.0,3.352327595487584,4.1580743498347905,-9.40864442566917,0.42330039207335657,0.4909346499829208,-0.7614459583691344
1017.0,51.3167234444427,1.6192004188050317,18.999891562888,0.21884726742107574,-0.164588443624057,0.0,3.1271625813615875,4.1580743498347905,-8.800497230669524,0.4219654485410682,0.5233867091202205,-0.7402779970753155
1018.0,51.53557071186378,1.4546119751809747,18.999891562888,0.21884726742107574,-0.15314491216009185,0.0,2.9097367244497527,4.1580743498347905,-8.21074830571491,0.41814571074696727,0.55599314366104,-0.7183493500977276
1019.0,51.75441797928485,1.3014670630208829,18.999891562888,0.21884726742107574,-0.14210870708473,0.0,2.7000500247520836,4.1580743498347905,-7.639575935339528,0.41185934537302715,0.5885555780168336,-0.6956825506034864
1020.0,51.97326524670593,1.1593583559361529,18.999891562888,0.21884726742107574,-0.131479828397971,0.0,2.4981024822685716,4.1580743498347905,-7.0871584040775435,0.40315960977492254,0.6208653976507089,-0.6723008902613168
1021.0,52.192112514127004,1.0278785275381819,18.999891562888,0.21884726742108285,-0.12125827609981554,0.0,2.3038940969992288,4.1580743498349255,-6.553673996463187,0.39213667849525197,0.6527087963980576,-0.6482283953077883
1022.0,52.41095978154809,0.9066202514383663,18.999891562888,0.21884726742106864,-0.11144405019026338,0.0,2.117424868944052,4.1580743498346555,-6.039300997030609,0.3789181164839539,0.6838724500799911,-0.6234898018587335
1023.0,52.629807048969155,0.795176201248103,18.999891562888,0.21884726742108285,-0.10203715066931351,0.0,1.9386947981030214,4.1580743498349255,-5.544217690313989,0.3636678352215493,0.7141494934121204,-0.598110530491216
1024.0,52.84865431639024,0.6931390505787894,18.999891562888,0.21884726742106864,-0.09303757753696751,0.0,1.767703884476167,4.1580743498346555,-5.068602360847551,0.34658348541700634,0.7433454209496778,-0.5721166601221697
1025.0,53.06750158381131,0.6001014730418219,18.999891562888,0.21884726742108285,-0.08444533079322436,0.0,1.6044521280634696,4.1580743498349255,-4.612633293165473,0.3278923736120005,0.7712835165412815,-0.5455349012105487
1026.0,53.28634885123239,0.5156561422485976,18.999891562888,0.21884726742106864,-0.07626041043808451,0.0,1.4489395288649378,4.1580743498346555,-4.176488771801931,0.3078461215797658,0.797809445010971,-0.518392568310525
1027.0,53.50519611865346,0.43939573181051306,18.999891562888,0.21884726742108285,-0.06848281647154786,0.0,1.3011660868805695,4.1580743498349255,-3.7603470812911373,0.2867143976441379,0.8227947121480678,-0.49071755200393785
1028.0,53.72404338607454,0.3709129153389652,18.999891562888,0.21884726742106864,-0.06111254889361439,0.0,1.1611318021103645,4.1580743498346555,-3.364386506167256,0.26477812188729477,0.8461388043524075,-0.46253829024083526
1029.0,53.94289065349561,0.3098003664453508,18.999891562888,0.21884726742108285,-0.05414960770428401,0.0,1.0288366745543207,4.1580743498349255,-2.988785330964491,0.24232257320741116,0.8677699415418267,-0.4338837391175581
1030.0,54.16173792091669,0.2556507587410668,18.999891562888,0.21884726742106864,-0.04759399290355676,0.0,0.9042807042124393,4.1580743498346555,-2.6337218402170155,0.21963080424908019,0.8876444980709116,-0.40478334312239383
1031.0,54.38058518833776,0.20805676583751004,18.999891562888,0.21884726742108285,-0.0414457044914327,0.0,0.7874638910847214,4.1580743498349255,-2.299374318459036,0.1969777073649384,0.9057452499738082,-0.37526700487937414
1032.0,54.599432455758844,0.16661106134607734,18.999891562888,0.21884726742106864,-0.03570474246791194,0.0,0.6783862351711689,4.1580743498346555,-1.9859210502247355,0.17462498383705177,0.9220786811354423,-0.3453650544213076
1033.0,54.81827972317991,0.1309063188781654,18.999891562888,0.21884726742108285,-0.0303711068329941,0.0,0.5770477364717747,4.1580743498349255,-1.6935403200482906,0.15281716508292523,0.9366716206814404,-0.3151082180236207
1034.0,55.037126990600996,0.1005352120451713,18.999891562888,0.21884726742107574,-0.02544479758667953,0.0,0.4834483949865453,4.1580743498347905,-1.4224104124639032,0.13177873327447626,0.9495674899144845,-0.28452758663103245
1035.0,55.25597425802207,0.07509041445849177,18.999891562888,0.21884726742107574,-0.020925814728968158,0.0,0.3975882107154795,4.1580743498347905,-1.1727096120057605,0.11171230129090759,0.9608224153307333,-0.25365458390950735
1036.0,55.47482152544315,0.05416459972952361,18.999891562888,0.21884726742107574,-0.016814158259859935,0.0,0.31946718365857635,4.1580743498347905,-0.9446162032080482,0.09279774527365524,0.9705014231949046,-0.2225209339563144
1037.0,55.69366879286422,0.037350441469663674,18.999891562888,0.21884726742107574,-0.013109828179354861,0.0,0.24908531381583576,4.1580743498347905,-0.7383084706049545,0.0751921397584773,0.9786748800247979,-0.19115862870137232
1038.0,55.9125160602853,0.024240613290308813,18.999891562888,0.21884726742107574,-0.009812824487452933,0.0,0.18644260118725775,4.1580743498347905,-0.5539646987306681,0.059030324176384416,0.985415290287788,-0.15959989503337924
1039.0,56.131363327706374,0.01442778880285588,18.999891562888,0.21884726742107574,-0.00692314718415419,0.0,0.131539045772843,4.1580743498347905,-0.39176317211937955,0.04442592672740022,0.9907945137887707,-0.127877161684506
1040.0,56.35021059512745,0.007504641618701689,18.999891562888,0.21884726742107574,-0.004440796269458602,0.0,0.08437464757259099,4.1580743498347905,-0.25188217530527585,0.031472682357750414,0.9948814244726559,-0.09602302590768176
1041.0,56.569057862548526,0.0030638453492430875,18.999891562888,0.21884726742107574,-0.002365771743366176,0.0,0.04494940658650184,4.1580743498347905,-0.13449999282254613,0.020245900843803805,0.9977400014085062,-0.06407021998071291
1042.0,56.7879051299696,0.0006980736058769115,18.999891562888,0.21884726742107574,-0.0006980736058769115,0.0,0.013263322814575533,4.1580743498347905,-0.03979490920537878,0.010803964462989778,0.9994278216695044,-0.03205157757165517
1043.0,57.00675239739068,0.0,18.999891562888,0.21884726742107574,-0.0006980736058769115,0.0,0.013263322814575533,4.1580743498347905,-0.03979490920537878,0.0031897590625513733,0.9999949127056211,0.0
