Index,X,Y,Z,Fx,Fy,Fz,Lx,Ly,Lz,Nx,Ny,Nz
1.0,0.0,0.0,0.0,0.16081374451025707,0.0006225056759121669,0.0,0.0,0.0,0.0,0.0,1.0,0.0
2.0,0.16081374451025707,0.0006225056759121669,0.0,0.16081374451025707,0.0020065342383478735,0.0,0.0,0.0,0.00022257081563443413,-0.0038689552499208127,0.9994787279179294,0.03205157757165517
3.0,0.32162748902051413,0.0026290399142600406,0.0,0.16081374451025704,0.0035990886167006405,0.0,0.0,0.0,0.0007347800814726605,-0.012450774963968993,0.9978677192466042,0.06407021998071291
4.0,0.4824412335307712,0.006228128530960681,0.0,0.1608137445102571,0.005400168810970468,0.0,0.0,0.0,0.0016036954320840366,-0.02227148420296114,0.9951299209082852,0.09602302590768176
5.0,0.6432549780410283,0.01162829734193115,0.0,0.1608137445102571,0.007409774821157355,0.0,0.0,0.0,0.002896384502037921,-0.033285813698293476,0.9912312979955573,0.127877161684506
6.0,0.8040687225512854,0.019038072163088504,0.0,0.16081374451025698,0.009627906647261295,0.0,0.0,0.0,0.004679914925903668,-0.0454379206679568,0.986135522568124,0.15959989503337924
7.0,0.9648824670615423,0.0286659788103498,0.0,0.1608137445102571,0.012054564289282307,0.0,0.0,0.0,0.007021354338250643,-0.0586608339063992,0.9798047179098581,0.19115862870137232
8.0,1.1256962115717994,0.040720543099632106,0.0,0.1608137445102571,0.014689747747220372,0.0,0.0,0.0,0.0099877703736482,-0.07287593314771247,0.9722003560578754,0.2225209339563144
9.0,1.2865099560820565,0.05541029084685248,0.0,0.1608137445102571,0.017533457021075505,0.0,0.0,0.0,0.013646230666665702,-0.08799250114734448,0.9632843151445629,0.25365458390950735
10.0,1.4473237005923136,0.07294374786792798,0.0,0.1608137445102571,0.02058569211084768,0.0,0.0,0.0,0.01806380285187248,-0.10390739280377168,0.9530200974620855,0.28452758663103245
11.0,1.6081374451025707,0.09352943997877566,0.0,0.1608137445102571,0.023846453016536942,0.0,0.0,0.0,0.023307554563837957,-0.12050487059130684,0.9413742014192608,0.3151082180236207
12.0,1.7689511896128278,0.1173758929953126,0.0,0.16081374451025687,0.027315739738143205,0.0,0.0,0.0,0.029444553437131364,-0.13765665883994285,0.9283176306962995,0.3453650544213076
13.0,1.9297649341230847,0.1446916327334558,0.0,0.1608137445102571,0.030993552275666608,0.0,0.0,0.0,0.03654186710632224,-0.15522227010336984,0.9138275121229499,0.37526700487937414
14.0,2.090578678633342,0.17568518500912242,0.0,0.1608137445102571,0.03487989062910701,0.0,0.0,0.0,0.04466656320597977,-0.17304965408540537,0.8978887806134901,0.40478334312239383
15.0,2.251392423143599,0.21056507563822943,0.0,0.1608137445102571,0.038974754798464545,0.0,0.0,0.0,0.05388570937067351,-0.1909762125032555,0.8804958757355303,0.4338837391175581
16.0,2.412206167653856,0.24953983043669398,0.0,0.1608137445102571,0.043278144783739037,0.0,0.0,0.0,0.06426637323497247,-0.20883021123151665,0.8616543813723023,0.46253829024083526
17.0,2.573019912164113,0.292817975220433,0.0,0.1608137445102571,0.04779006058493068,0.0,0.0,0.0,0.07587562243344648,-0.2264326038690236,0.8413825289726169,0.49071755200393785
18.0,2.73383365667437,0.3406080358053637,0.0,0.1608137445102571,0.052510502202039344,0.0,0.0,0.0,0.08878052460066452,-0.24359925884515848,0.8197124777691913,0.518392568310525
19.0,2.8946474011846273,0.39311853800740304,0.0,0.1608137445102571,0.05743946963506508,0.0,0.0,0.0,0.10304814737119614,-0.26014355637477143,0.7966912837717525,0.5455349012105487
20.0,3.0554611456948844,0.4505580076424681,0.0,0.1608137445102571,0.06257696288400783,0.0,0.0,0.0,0.11874555837961048,-0.27587929376700787,0.7723814747139336,0.5721166601221697
21.0,3.2162748902051415,0.5131349705264759,0.0,0.1608137445102571,0.0679229819488677,0.0,0.0,0.0,0.13593982526047727,-0.29062381024406464,0.7468611612841694,0.598110530491216
22.0,3.3770886347153986,0.5810579524753436,0.0,0.1608137445102571,0.07347752682964459,0.0,0.0,0.0,0.1546980156483655,-0.3042012184241239,0.7202236358850185,0.6234898018587335
23.0,3.5379023792256556,0.6545354793049882,0.0,0.1608137445102571,0.07924059752633861,0.0,0.0,0.0,0.17508719717784493,-0.3164456119419366,0.6925764378026319,0.6482283953077883
24.0,3.6987161237359127,0.7337760768313268,0.0,0.16081374451025665,0.08521219403894931,0.0,0.0,0.0,0.1971744374834836,-0.32720410992274346,0.6640398959426353,0.6723008902613168
25.0,3.8595298682461694,0.8189882708702761,0.0,0.1608137445102571,0.09139231636747769,0.0,0.0,0.0,0.22102680419985354,-0.3363396009574828,0.6347451942422163,0.6956825506034864
26.0,4.0203436127564265,0.9103805872377538,0.0,0.1608137445102571,0.09778096451192286,0.0,0.0,0.0,0.24671136496152193,-0.3437330624076257,0.6048320370334624,0.7183493500977276
27.0,4.181157357266684,1.0081615517496767,0.0,0.1608137445102571,0.10437813847228505,0.0,0.0,0.0,0.27429518740305847,-0.3492853544539732,0.5744460185344846,0.7402779970753155
28.0,4.341971101776941,1.1125396902219618,0.0,0.1608137445102571,0.11118383824856415,0.0,0.0,0.0,0.3038453391590321,-0.35291842010384755,0.543735819341263,0.7614459583691344
29.0,4.502784846287198,1.223723528470526,0.0,0.1608137445102571,0.1181980638407607,0.0,0.0,0.0,0.3354288878640146,-0.35457585914348055,0.5128503613477381,0.7818314824680298
30.0,4.663598590797455,1.3419215923112866,0.0,0.1608137445102571,0.12542081524887405,0.0,0.0,0.0,0.36911290115257234,-0.3542228819661611,0.4819360502972057,0.8014136218679567
31.0,4.824412335307712,1.4673424075601607,0.0,0.1608137445102571,0.1328520924729042,0.0,0.0,0.0,0.40496444665927456,-0.3518456845419801,0.4511342228855306,0.8201722545969559
32.0,4.985226079817969,1.6001945000330648,0.0,0.1608137445102571,0.1404918955128518,0.0,0.0,0.0,0.443050592018694,-0.34745031531097614,0.42057889489263045,0.8380881048918407
33.0,5.146039824328226,1.7406863955459166,0.0,0.1608137445102571,0.14834022436871663,0.0,0.0,0.0,0.48343840486539885,-0.3410611262443555,0.39039488091484287,0.8551427630053461
34.0,5.306853568838483,1.8890266199146333,0.0,0.1608137445102571,0.15639707904049827,0.0,0.0,0.0,0.5261949528339562,-0.33271891267400994,0.3606963279460468,0.8713187041233894
35.0,5.46766731334874,2.0454236989551315,0.0,0.1608137445102571,0.1646624595281967,0.0,0.0,0.0,0.5713873035589354,-0.32247884984790354,0.3315856772233813,0.8865993063730001
36.0,5.628481057858997,2.2100861584833282,0.0,0.1608137445102571,0.1731363658318128,0.0,0.0,0.0,0.6190825246749105,-0.3104083296028783,0.3031530438306433,0.9009688679024193
37.0,5.7892948023692545,2.383222524315141,0.0,0.1608137445102571,0.18181879795134526,0.0,0.0,0.0,0.6693476838164436,-0.2965847897866894,0.2754759832299848,0.9144126230158125
38.0,5.950108546879512,2.5650413222664863,0.0,0.1608137445102571,0.1907097558867954,0.0,0.0,0.0,0.7222498486181117,-0.28109361414534095,0.2486195990621947,0.9269167573460217
39.0,6.110922291389769,2.7557510781532817,0.0,0.1608137445102571,0.19980923963816188,0.0,0.0,0.0,0.7778560867144763,-0.264026163351269,0.22263693736988427,0.9384684220497604
40.0,6.271736035900026,2.9555603177914436,0.0,0.1608137445102571,0.20911724920544605,0.0,0.0,0.0,0.8362334657401147,-0.24547798046850472,0.19756960841973178,0.9490557470106686
41.0,6.432549780410283,3.1646775669968896,0.0,0.1608137445102571,0.21863378458864746,0.0,0.0,0.0,0.8974490533295936,-0.22554719782943847,0.17344857769773644,0.9586678530366607
42.0,6.59336352492054,3.383311351585537,0.0,0.1608137445102571,0.22835884578776522,0.0,0.0,0.0,0.9615699171174765,-0.20433315798792342,0.15029507139286905,0.9672948630390295
43.0,6.754177269430797,3.6116701973733023,0.0,0.1608137445102571,0.23829243280280066,0.0,0.0,0.0,1.0286631247383418,-0.1819352496446141,0.12812154770194742,0.9749279121818236
44.0,6.914991013941054,3.849962630176103,0.0,0.1608137445102571,0.2484345456337529,0.0,0.0,0.0,1.0987957438267528,-0.15845195038281532,0.10693269260086431,0.9815591569910653
45.0,7.075804758451311,4.098397175809856,0.0,0.1608137445102571,0.25878518428062236,0.0,0.0,0.0,1.1720348420172817,-0.1339800616060284,0.0867264065133021,0.9871817834144501
46.0,7.236618502961568,4.357182360090478,0.0,0.1608137445102571,0.26934434874340774,0.0,0.0,0.0,1.2484474869444888,-0.10861411695172615,0.06749475593912492,0.9917900138232462
47.0,7.3974322474718255,4.626526708833886,0.0,0.1608137445102571,0.2801120390221117,0.0,0.0,0.0,1.3281007462429621,-0.08244594329173263,0.049224871144612575,0.9953791129491982
48.0,7.558245991982083,4.906638747855998,0.0,0.1608137445102562,0.29108825511673064,0.0,0.0,0.0,1.4110616875472495,-0.05556435280719754,0.031899777201325835,0.9979453927503363
49.0,7.719059736492339,5.197727002972728,0.0,0.16081374451025798,0.30227299702727173,0.0,0.0,0.0,1.4973973784919563,-0.028054945148240914,0.015499150865806112,0.9994862162006879
50.0,7.879873481002597,5.5,0.0,0.0,0.0,0.0,0.0,0.0,0.0,-5.4058100211706435e-17,2.875971589142961e-17,1.0
51.0,7.879873481002597,5.5,0.0,0.028722813232690214,0.05499908333791659,0.00027499770834105153,0.0015124873958757834,-0.0021669471492931384,0.27541034549410454,0.0,6.123233995736766e-17,1.0
52.0,7.908596294235287,5.554999083337917,0.00027499770834105153,0.028722813232690214,0.05499358347541605,0.0008249656254812887,0.0045675601839046485,-0.006516421380736718,0.27536684930191396,0.004432003878220744,-0.013114937290707973,0.9999041732893629
53.0,7.937319107467977,5.609992666813333,0.0010999633338223402,0.028722813232690214,0.05498258430039371,0.0013748510467461728,0.007652425463477435,-0.01088103744186056,0.2752795453398428,0.004432003878221555,-0.034701954646787304,0.9993878784962902
54.0,7.966041920700667,5.664975251113726,0.002474814380568513,0.028722813232690214,0.054966086912761725,0.0019245989840529498,0.0107667747506433,-0.015260352556265068,0.2751481264583843,0.004432003878226172,-0.05624911886884536,0.9984069280449239
55.0,7.994764733933358,5.719941338026488,0.004399413364621463,0.028722813232689326,0.05494409296224312,0.0024741544630639822,0.013910296613057305,-0.019653919319202327,0.2749722899984234,0.004432003878217495,-0.07773084157887955,0.9969645297647567
56.0,8.023487547166047,5.774885430988731,0.006873567827685445,0.028722813232690214,0.05491660464821457,0.0030234625286915118,0.01708267670116527,-0.024061285743322676,0.2747517378531177,0.004432003878227594,-0.09912191818044176,0.9950654263302756
57.0,8.052210360398737,5.829802035636946,0.009897030356376957,0.028722813232690214,0.05488362471948438,0.0035724682505853256,0.020283597779593952,-0.02848199530507423,0.2744861765293112,0.004432003878221073,-0.12039767250082972,0.9927158494745645
58.0,8.080933173631427,5.88468566035643,0.013469498606962282,0.028722813232690214,0.054845156474018886,0.004121116728630803,0.023512739758903257,-0.03291558699197432,0.2741753172083976,0.0044320038782203015,-0.1415340942750271,0.9899234604247801
59.0,8.109655986864118,5.939530816830449,0.017590615335593085,0.028722813232690214,0.054801203758611194,0.004669353098438411,0.026769779727592497,-0.03736159535060125,0.2738188758067527,0.004432003878225099,-0.16250796774041776,0.9866972776705643
60.0,8.138378800096808,5.99433202058906,0.022259968434031496,0.028722813232690214,0.05475177096849482,0.005217122536826491,0.030054391984369846,-0.041819550535319716,0.27341657303563993,0.004432003878219385,-0.1832969898208161,0.9830475933871416
61.0,8.167101613329498,6.049083791557555,0.027477090970857987,0.028722813232690214,0.054696863046906685,0.0057643702673095265,0.033366248070757935,-0.04628897835783863,0.27296813446065293,0.00443200387822629,-0.2038798766196479,0.9789858800060297
62.0,8.195824426562188,6.103780654604462,0.03324146123816751,0.028722813232690214,0.0546364854845951,0.00631104156556811,0.03670501680389341,-0.05076940033740679,0.2724732905606434,0.004432003878214206,-0.22423645720469412,0.9745246885543284
63.0,8.224547239794878,6.158417140089057,0.03955250280373562,0.028722813232690214,0.054570644319265504,0.006857081764929884,0.04007036430969691,-0.055260333751884716,0.271931776786067,0.004432003878225102,-0.2443477539404377,0.9696775404668743
64.0,8.253270053027569,6.212987784408322,0.04640958456866551,0.028722813232690214,0.05449934613497831,0.007402436261830347,0.043461954056224904,-0.059761291689437224,0.27134333361685425,0.004432003878227002,-0.26419604890386506,0.9644588146132574
65.0,8.281992866260259,6.267487130543301,0.053812020830495855,0.028722813232690214,0.054422598061495187,0.007947050521271815,0.046879446887313644,-0.06427178310099507,0.2707077066197678,0.004432003878211433,-0.2837649361911389,0.958883631276529
66.0,8.310715679492949,6.321909728604796,0.06175907135176767,0.028722813232690214,0.054340407773556976,0.008490870082284219,0.05032250105654075,-0.06879131285351583,0.27002464650509767,0.00443200387822327,-0.30303936018463445,0.9529677347741164
67.0,8.33943849272564,6.376250136378353,0.07024994143405189,0.028722813232690214,0.0542527834901243,0.009033840563363926,0.053790772261354,-0.0733193817838457,0.2692939091829417,0.004432003878223875,-0.32200564009068416,0.9467273763293275
68.0,8.36816130595833,6.430502919868477,0.07928378199741581,0.028722813232690214,0.054159733973556,0.009575907667916217,0.057283913677528726,-0.07785548675339306,0.2685152558188567,0.0044320038782256635,-0.3406514812741478,0.9401791986889267
69.0,8.39688411919102,6.484662653842033,0.08885968966533203,0.028722813232690214,0.05406126852872006,0.010117017189681277,0.0608015759938278,-0.08239912070344513,0.26768845288882476,0.004432003878223655,-0.35896597410493947,0.9333401238436689
70.0,8.42560693242371,6.538723922370753,0.09897670685501331,0.028722813232690214,0.05395739700208413,0.010657115018157748,0.06434340744694984,-0.08694977271124348,0.2668132722339196,0.0044320038782176266,-0.3769395811865274,0.9262272450519627
71.0,8.4543297456564,6.592681319372837,0.10963382187317106,0.028722813232690214,0.053848129780710074,0.011196147144013457,0.0679090538567053,-0.09150692804672982,0.2658894911140317,0.004432003878224525,-0.3945641139606136,0.9188577241967872
72.0,8.48305255888909,6.646529449153547,0.12082996901718451,0.028722813232690214,0.053733477791234385,0.011734059664485152,0.07149815866142493,-0.09607006822997569,0.26491689226132825,0.004432003878221884,-0.4118326997719205,0.9112486953297627
73.0,8.51177537212178,6.700262926944782,0.13256402868166967,0.028722813232690214,0.05361345249875438,0.012270798788768467,0.07511036295361609,-0.10063867108930462,0.2638952639327652,0.004432003878224631,-0.42873974053582864,0.9034171750785425
74.0,8.54049818535447,6.753876379443536,0.14483482747043813,0.028722813232688438,0.05348806590570465,0.012806310843399338,0.07874530551586627,-0.10521221082011528,0.2628243999623682,0.004432003878221939,-0.4452808641801798,0.8953799804198079
75.0,8.56922099858716,6.807364445349241,0.15764113831383747,0.028722813232690214,0.05335733055063585,0.013340542277616496,0.08240262285693499,-0.10979015804431401,0.26170409981244286,0.004432003878215754,-0.46145287003393937,0.8871536541541515
76.0,8.59794381181985,6.860721775899877,0.17098168059145397,0.028722813232690214,0.05322125950697654,0.013873439668723342,0.08608194924814666,-0.11437197987051605,0.26053416862464435,0.004432003878222204,-0.4772536693124097,0.8787543982646486
77.0,8.62666662505254,6.913943035406853,0.1848551202601773,0.028722813232690214,0.0530798663817178,0.014404949727424787,0.08978291675992787,-0.11895713995479554,0.25931441726996296,0.004432003878224054,-0.4926822218067638,0.8701980151995142
78.0,8.65538943828523,6.967022901788571,0.1992600699876021,0.028722813232690214,0.05293316531405434,0.014935019303157993,0.09350515529861234,-0.12354509856215305,0.25804466239832347,0.004432003878222687,-0.5077384698239004,0.8614998569950593
79.0,8.68411225151792,7.019956067102625,0.2141950892907601,0.028722813232690214,0.052781170973970504,0.015463595389405393,0.09724829264343608,-0.1281353126285935,0.25672472648744005,0.0044320038782161494,-0.5224232703519134,0.8526747820455551
80.0,8.71283506475061,7.072737238076596,0.22965868468016548,0.028722813232690214,0.0526238985607721,0.015990625129001623,0.10101195448380378,-0.1327272358239139,0.255354437891007,0.004432003878230962,-0.5367383263423419,0.8437371192361071
81.0,8.7415578779833,7.125361136637368,0.2456493098091671,0.028722813232690214,0.05246136380157118,0.016516055819409292,0.10479576445664882,-0.13732031861498126,0.2539336308862682,0.004432003878216638,-0.5506861179125883,0.8347006390796561
82.0,8.77028069121599,7.177822500438939,0.2621653656285764,0.028722813232690214,0.05229358294970776,0.01703983491799904,0.1085993441841402,-0.14191400832980547,0.2524621457208146,0.004432003878222058,-0.5642698341789744,0.8255785314415923
83.0,8.799003504448681,7.230116083388647,0.27920520054657544,0.028722813232690214,0.05212057278312887,0.017561910047296014,0.1124223133114637,-0.14650774922207502,0.2509398286587817,0.0044320038782166855,-0.5774933063393062,0.8163833893918467
84.0,8.827726317681371,7.282236656171776,0.29676711059387145,0.028722813232690214,0.05194235060270369,0.018082229000224492,0.1162642895449089,-0.15110098253643017,0.24936653202624778,0.0044320038782319346,-0.5903609425310822,0.8071271986963613
85.0,8.856449130914061,7.334179006774479,0.31484933959409594,0.028722813232690214,0.05175893423050315,0.01860073974532017,0.12012488869003472,-0.1556931465742024,0.2477421142560769,0.004432003878218104,-0.6028776649047576,0.797821332442678
86.0,8.885171944146752,7.385937941004983,0.3334500793394161,0.028722813232690214,0.05157034200801203,0.019117390431942438,0.12400372469015683,-0.1602836767599027,0.24606643993191452,0.004432003878221994,-0.615048849266964,0.7884765502898656
87.0,8.913894757379442,7.437508283012995,0.35256746977135855,0.028722813232690214,0.05137659279429663,0.019632129395451836,0.12790040966489735,-0.16487200570814806,0.2443393798315304,0.004432003878218212,-0.6268802675720783,0.7791030018363316
88.0,8.942617570612132,7.488884875807291,0.3721995991668104,0.028722813232690214,0.051177705964112974,0.020144905162383264,0.13181455394902453,-0.16945756329129316,0.24256081096936669,0.004432003878234146,-0.6383780334682156,0.7697102336118942
89.0,8.971340383844822,7.540062581771404,0.39234450432919366,0.028722813232690214,0.05097370140598301,0.020655666455584976,0.1357457661313523,-0.17403977670749848,0.2407306166385269,0.004432003878212267,-0.6495485510405655,0.7603071992180038
90.0,9.000063197077512,7.591036283177387,0.41300017078477863,0.028722813232690214,0.050764599520190856,0.021164362199353304,0.1396936530939392,-0.1786180705494978,0.23884868645176946,0.004432003878216295,-0.6603984668368347,0.7509022721640823
91.0,9.028786010310203,7.641800882697578,0.43416453298413193,0.028722813232690214,0.05055042121674802,0.02167094152453991,0.14365782005139613,-0.183191866873855,0.23691491638193285,0.004432003878235432,-0.6709346252104077,0.7415032609742139
92.0,9.057508823542893,7.692351303914326,0.45583547450867185,0.028722813232690214,0.050331187913309705,0.022175353773632778,0.1476378705903169,-0.18776058527071676,0.23492920880162585,0.004432003878220265,-0.6811640269727939,0.7321174261686647
93.0,9.086231636775583,7.742682491827636,0.4780108282823046,0.028722813232690214,0.050106921533022764,0.022677548505827427,0.1516334067089653,-0.19232364293420584,0.2328914725219975,0.004432003878216645,-0.691093791310699,0.7227514987555733
94.0,9.114954450008273,7.792789413360659,0.500688376788132,0.028722813232690214,0.049877644502339,0.0231774755020695,0.1556440288570616,-0.19688045473328178,0.23080162283088185,0.004432003878217877,-0.7007311208927649,0.7134116998998493
95.0,9.143677263240964,7.842667057862998,0.5238658522902016,0.028722813232690214,0.04964337974876809,0.023675084770075516,0.1596693359757307,-0.20143043328312638,0.2286595815300768,0.004432003878222987,-0.7100832700657647,0.7041037614686728
96.0,9.172400076473654,7.892310437611766,0.5475409370602771,0.028722813232690214,0.04940415069859316,0.024170326549334487,0.1637089255376225,-0.20597298901707428,0.22646527697195756,0.004432003878223377,-0.7191575160207955,0.6948329471840141
97.0,9.201122889706344,7.941714588310359,0.5717112636096116,0.028722813232690214,0.04915998127451626,0.0246631513160791,0.16776239358713269,-0.21050753025898236,0.22421864409511713,0.004432003878222642,-0.7279611327949949,0.6856040741429789
98.0,9.229845702939034,7.990874569584875,0.5963744149256907,0.028722813232690214,0.04891089589328068,0.025153509788246486,0.17182933478085646,-0.21503346329621625,0.22191962445945496,0.004432003878225999,-0.736501367963319,0.6764215344958964
99.0,9.258568516171724,8.039785465478156,0.6215279247139371,0.028722813232690214,0.048656919463214265,0.025641352930394934,0.17590934242804018,-0.21955019245294216,0.21956816628019235,0.004432003878219045,-0.7447854218680368,0.6672893170990183
100.0,9.287291329404415,8.08844238494137,0.6471692776443321,0.028722813232690214,0.04839807738174606,0.026126631958617752,0.1800020085313285,-0.22405712016409776,0.21716422446128775,0.004432003878228063,-0.7528204292288826,0.6582110289848268
101.0,9.316014142637105,8.136840462323116,0.6732959096029498,0.028722813232688438,0.04813439553287502,0.02660929834541803,0.18410692382752974,-0.22855364704970588,0.21470776062806285,0.004432003878220071,-0.7606134429761336,0.6491899165156644
102.0,9.344736955869793,8.184974857855991,0.6999052079483679,0.028722813232690214,0.04786590028456139,0.027089303824557875,0.18822367782852656,-0.23303917198964275,0.21219874315865653,0.004432003878223663,-0.7681714201487763,0.6402288861088945
103.0,9.373459769102483,8.232840758140552,0.7269945117729257,0.028722813232690214,0.047592618486104854,0.027566600395888652,0.19235185886234468,-0.23751309219894234,0.20963714721519622,0.004432003878222164,-0.7755012097028985,0.631330524441013
104.0,9.402182582335174,8.280433376626657,0.7545611121688144,0.028722813232690214,0.04731457746546397,0.028041140330152703,0.19649105411433027,-0.24197480330350227,0.2070229547737518,0.004432003878213402,-0.7826095420797743,0.6224971180554248
105.0,9.430905395567864,8.327747954092121,0.7826022524989671,0.028722813232690214,0.047031805026504614,0.028512876173751645,0.2006408496684075,-0.24642369941618228,0.20435615465345208,0.004432003878224643,-0.7895030203872652,0.6137306723156414
106.0,9.459628208800554,8.374779759118626,0.8111151286727187,0.028722813232690214,0.04674432944623241,0.02898176075349268,0.20480083054846832,-0.2508591732133722,0.2016367425449679,0.004432003878226645,-0.7961881130553337,0.6050329296583871
107.0,9.488351022033244,8.421524088564858,0.8400968894262114,0.028722813232690214,0.046452179471973665,0.029447747181310713,0.20897058075990288,-0.255280616012013,0.19886472103812292,0.004432003878217449,-0.8026711478324253,0.5964053871143353
108.0,9.517073835265935,8.467976268036832,0.8695446366075221,0.028722813232690214,0.04615538431847277,0.02991078885894982,0.2131496833311606,-0.25968741784690985,0.19604009964830577,0.004432003878234544,-0.8089583069968932,0.5878493130746547
109.0,9.545796648498625,8.514131652355305,0.899455425466472,0.028722813232690214,0.045853973665005654,0.03037083948262853,0.21733772035546375,-0.26407896754856175,0.19316289484261762,0.004432003878215165,-0.815055623664797,0.579365763291215
110.0,9.574519461731315,8.55998562602031,0.9298262649491005,0.028722813232690214,0.045547977652383054,0.030827853047668663,0.22153427303260975,-0.2684546528213137,0.19023313006455037,0.004432003878222104,-0.8209689790832395,0.5709555961059029
111.0,9.603242274964005,8.605533603672693,0.9606541179967691,0.028722813232690214,0.0452374268799538,0.031281783853093215,0.2257389217108142,-0.2728138603218752,0.18725083575823506,0.004432003878215277,-0.8267041008055492,0.5626194869118132
112.0,9.631965088196695,8.650771030552647,0.9919359018498624,0.028722813232690214,0.04492235240253173,0.031732586506201255,0.22995124592872904,-0.27715597573827827,0.1842160493915238,0.004432003878235112,-0.8322665616522126,0.554357941854563
113.0,9.660687901429386,8.695693382955179,1.0236684883560636,0.028722813232690214,0.04460278572730303,0.032180215927101186,0.23417082445742493,-0.28148038386909013,0.18112881547844192,0.004432003878222324,-0.8376617793686897,0.5461713107867384
114.0,9.689410714662076,8.740296168682482,1.0558487042831648,0.028722813232690214,0.044278758810675,0.03262462735322624,0.23839723534257906,-0.2857864687031045,0.17798918560062732,0.00443200387821055,-0.8428950168980397,0.5380597994926556
115.0,9.718133527894766,8.784574927493157,1.088473331636391,0.028722813232690214,0.04395030405506084,0.03306577634380159,0.24263005594661133,-0.29007361349921174,0.1747972184276969,0.004432003878227927,-0.8479713831932744,0.5300234812033411
116.0,9.746856341127456,8.828525231548218,1.1215391079801926,0.028722813232690214,0.04361745430566799,0.033503618784299416,0.24686886299101451,-0.29434120086679266,0.17155297973718453,0.004432003878226899,-0.8528958345003791,0.5220623074246266
117.0,9.775579154360146,8.872142685853886,1.155042726764492,0.028722813232690214,0.04328024284719234,0.0339381108908372,0.2511132325985889,-0.2985886128461975,0.16825654243309857,0.004432003878214904,-0.8576731760494081,0.5141761181024889
118.0,9.804301967592837,8.915422928701078,1.1889808376553292,0.028722813232690214,0.04293870340049821,0.0343692092145671,0.25536274033591777,-0.3028152309897685,0.16490798656386474,0.004432003878218106,-0.8623080640962686,0.5063646511518836
119.0,9.833024780825527,8.958361632101576,1.2233500468698963,0.028722813232690214,0.04259287011924684,0.03479687064601755,0.2596169612557812,-0.3070204364430241,0.16150739933928582,0.004432003878222441,-0.8668050082636877,0.49862755137538434
120.0,9.861747594058217,9.000954502220823,1.258146917515914,0.028722813232690214,0.042242777586476876,0.03522105241939988,0.2638754699396167,-0.31120361002612057,0.15805487514654387,0.004432003878219706,-0.8711683741343379,0.4909643787992747
121.0,9.890470407290907,9.0431972798073,1.2933679699353138,0.028722813232690214,0.04188846081115116,0.035641712116891267,0.26813784054011247,-0.3153641323156991,0.1545505155653782,0.0044320038782203475,-0.8754023860540411,0.4833746164544792
122.0,9.919193220523598,9.085085740618451,1.329009682052205,0.028722813232688438,0.041529955224650195,0.036058807672872284,0.2724036468237605,-0.3195013837268989,0.1509944293822541,0.004432003878226209,-0.879511130107227,0.4758576776297006
123.0,9.947916033756286,9.126615695843102,1.3650684897250773,0.028722813232690214,0.0411672966772354,0.03647229737813529,0.2766724622134888,-0.3236147445956755,0.1473867326036315,0.004432003878220939,-0.8834985572306334,0.4684129126241214
124.0,9.976638846988976,9.167782992520337,1.4015407871032126,0.028722813232690214,0.04080052143446089,0.036882139884053755,0.2809438598313082,-0.32770359526136894,0.14372754846845348,0.004432003878215519,-0.8873684864350059,0.4610396150263772
125.0,10.005361660221666,9.208583513954798,1.4384229269872664,0.028722813232690214,0.04042966617353905,0.03728829420671875,0.2852174125410264,-0.3317673161494947,0.14001700745933454,0.004432003878235084,-0.8911246081080193,0.4537370275456392
126.0,10.034084473454357,9.249013180128337,1.4757112211939851,0.028722813232690214,0.04005476797969543,0.037690719731036326,0.28949269299092006,-0.3358052878547713,0.1362552473133622,0.004432003878209608,-0.8947704873742605,0.44650434742077477
127.0,10.062807286687047,9.289067948108032,1.5134019409250214,0.028722813232690214,0.039675864342429534,0.038089376214789805,0.2937692736565217,-0.33981689122437087,0.1324424130313308,0.004432003878233804,-0.8983095674915057,0.43934073143159325
128.0,10.091530099919737,9.328743812450462,1.5514913171398113,0.028722813232690214,0.039292993151793354,0.038484223792663474,0.2980467268833268,-0.34380150744136345,0.1285786568866336,0.004432003878221373,-0.9017451732645854,0.432245300536219
129.0,10.120252913152427,9.368036805602255,1.5899755409324747,0.028722813232690214,0.03890619269458817,0.03887522298022694,0.30232462492955964,-0.34775851810834285,0.12466413843279417,0.004432003878210946,-0.9050805144606577,0.4252171441572583
130.0,10.148975726385117,9.406942998296843,1.6288507639127017,0.028722813232690214,0.03851550165053119,0.039262334677888644,0.3066025400090033,-0.35168730533131115,0.12069902451014386,0.004432003878235985,-0.9083186892117537,0.4182553241385755
131.0,10.177698539617808,9.445458499947375,1.6681130985905903,0.028722813232690214,0.038120959088409734,0.039645520174801385,0.3108800443337006,-0.35558725180364276,0.1166834892518232,0.004432003878211076,-0.9114626873923686,0.41135887839343527
132.0,10.206421352850498,9.483579459035784,1.7077586187653917,0.028722813232690214,0.03772260446214304,0.04002474115273413,0.3151567101567911,-0.3594577408902644,0.11261771408828808,0.00443200387823285,-0.9145153939614908,0.4045268242639567
133.0,10.235144166083188,9.521302063497927,1.7477833599181258,0.028722813232690214,0.03732047760686896,0.040399959689905396,0.3194321098152467,-0.36329815671199905,0.10850188775150421,0.00443200387821544,-0.9174795922601087,0.3977581616106051
134.0,10.263866979315878,9.558622541104796,1.7881833196080312,0.028722813232690214,0.03691461873493118,0.04077113826477419,0.32370581577267676,-0.3671078842300244,0.10433620627755963,0.004432003878238958,-0.9203579672565093,0.3910518756496244
135.0,10.292589792548569,9.595537159839727,1.8289544578728054,0.028722813232690214,0.03650506843188239,0.04113823975979258,0.32797740066204273,-0.37088630933048006,0.10012087300886452,0.004432003878223104,-0.9231531087329609,0.3844069395553277
136.0,10.321312605781259,9.63204222827161,1.870092697632598,0.028722813232690214,0.0360918676524129,0.04150122746511653,0.3322464373284084,-0.3746328189091837,0.09585609859500738,0.004432003878208932,-0.9258675144084422,0.37782231684319123
137.0,10.350035419013949,9.668134095924023,1.9115939250977145,0.028722813232690214,0.03567505771625612,0.041860065082278686,0.3365124988716716,-0.3783468009564866,0.09154210099278781,0.00443200387821792,-0.9285035929930722,0.3712969635488271
138.0,10.37875823224664,9.703809153640279,1.9534539901799932,0.028722813232690214,0.03525468030405321,0.04221471672781574,0.340775158689237,-0.3820276446421841,0.08717910546523627,0.00443200387823955,-0.9310636671707581,0.36482983021699755
139.0,10.40748104547933,9.739063833944332,1.995668706907809,0.028722813232690214,0.03483077745319818,0.04256514693685798,0.34503399051866224,-0.3856747404005546,0.08276734457983792,0.004432003878219256,-0.9335499765073256,0.3584198637140458
140.0,10.43620385871202,9.77389461139753,2.038233853844667,0.028722813232690214,0.03440339155362793,0.04291132066667913,0.3492885684803285,-0.3892874800154988,0.0783070582055837,0.0044320038782007,-0.9359646802821052,0.3520660088762334
141.0,10.46492667194471,9.808298002951158,2.081145174511346,0.028722813232690214,0.03397256534356963,0.043253203300190446,0.35353846711995707,-0.39286525670560607,0.07379849350897177,0.0044320038782213,-0.9383098602415254,0.34576721000573835
142.0,10.4936494851774,9.842270568294728,2.1243983778115365,0.028722813232690214,0.0335383419052846,0.04359076064941814,0.3577832614512728,-0.39640746520954706,0.06924190494936011,0.004432003878240496,-0.9405875232737521,0.33952241222542595
143.0,10.52237229841009,9.875808910200012,2.1679891384609546,0.028722813232690214,0.033100764660762394,0.04392395895890511,0.36202252699832965,-0.39991350187116986,0.06463755427318502,0.004432003878203146,-0.942799604003987,0.3333305627024757
144.0,10.55109511164278,9.908909674860775,2.2119130974198598,0.028722813232690214,0.03265987736735276,0.04425276490910024,0.36625583983814874,-0.40338276472495277,0.059985710506905265,0.004432003878239568,-0.9449479673102287,0.32719061175084224
145.0,10.57981792487547,9.941569552228128,2.25616586232896,0.028722813232690214,0.03221572411342777,0.04457714561968107,0.37048277664293716,-0.4068146535812397,0.055286649949637834,0.004432003878200885,-0.947034410759902,0.3211015138212039
146.0,10.608540738108161,9.973785276341555,2.300743007948641,0.028722813232690214,0.03176834931393557,0.04489706865284715,0.3747029147225556,-0.41020857011164114,0.050540656164021924,0.004432003878231332,-0.9490606669678016,0.31506222838711556
147.0,10.637263551340851,10.005553625655491,2.345640076601488,0.028722813232690214,0.03131779770598442,0.045212502016562794,0.37891583206672086,-0.4135639179343704,0.045748019966765086,0.004432003878235332,-0.9510284058762531,0.3090717207350035
148.0,10.665986364573541,10.036871423361475,2.390852578618051,0.028722813232690214,0.030864114344362648,0.04552341416775363,0.3831211073871935,-0.41688010269955206,0.04090903941787338,0.004432003878218066,-0.9529392369584749,0.3031289626654361
149.0,10.694709177806232,10.067735537705838,2.4363759927858046,0.028722813232688438,0.030407344597024988,0.045829774015464064,0.3873183201599583,-0.4201565321745765,0.03602401980889497,0.004432003878227033,-0.9547947113463643,0.29723293311246035
150.0,10.72343199103892,10.098142882302863,2.4822057668012687,0.02872281323269199,0.029947534140568166,0.046131550923962816,0.39150705066721103,-0.42339261632932,0.03109327365027581,0.0044320038782130035,-0.9565963238840913,0.29138261868729626
151.0,10.752154804271612,10.128090416443431,2.5283373177252315,0.028722813232690214,0.02948472895565324,0.046428714715813335,0.39568688003942337,-0.42658776742152565,0.026117120657868975,0.004432003878228537,-0.9583455151089252,0.28557701415245673
152.0,10.780877617504302,10.157575145399084,2.574766032441045,0.028722813232688438,0.029018975322411933,0.046721235674882955,0.39985739029713296,-0.4297414000818148,0.02109588773800447,0.004432003878229097,-0.96004367316102,0.279815122831344
153.0,10.80960043073699,10.186594120721496,2.621487268115928,0.02872281323269199,0.02855031981582279,0.04700908454931785,0.4040181643927636,-0.4328529313988841,0.01602990897207507,0.004432003878209342,-0.9616921356235699,0.2740959569592382
154.0,10.838323243969683,10.215144440537319,2.6684963526652457,0.028722813232688438,0.028078809301042895,0.047292232554473124,0.4081687862524082,-0.4359217810046516,0.01091952559999626,0.004432003878229757,-0.9632921912953387,0.26841853797949217
155.0,10.867046057202371,10.243223249838362,2.7157885852197188,0.028722813232690214,0.02760449092873074,0.047570651375782536,0.41230884081732266,-0.43894737115900817,0.005765086002284647,0.004432003878225739,-0.9648450818971976,0.26278189678973923
156.0,10.895768870435061,10.270827740767093,2.7633592365955013,0.028722813232690214,0.027127412130331763,0.047844313171597985,0.41643791408551184,-0.44192912683488145,0.0005669456819444862,0.004432003878210336,-0.9663520037143476,0.25718507394265533
157.0,10.924491683667751,10.297955152897424,2.8112035497670993,0.028722813232690214,0.02664762061332482,0.04811319057596286,0.4205555931530469,-0.4448664758027918,-0.004674532755492178,0.0044320038782164764,-0.9678141091763454,0.25162711980392855
158.0,10.953214496900442,10.32460277351075,2.859316740343062,0.028722813232690214,0.026165164356463322,0.04837725670136761,0.42466146625551837,-0.44775884871571536,-0.009958979622267827,0.004432003878236122,-0.9692325083764214,0.24610709467216388
159.0,10.981937310133132,10.350767937867213,2.9076939970444298,0.028722813232690214,0.025680091604968425,0.04863648514141561,0.428755122809002,-0.45060567919332606,-0.015286018170038607,0.004432003878237221,-0.9706082705321598,0.24062406886301538
160.0,11.010660123365822,10.376448029472181,2.9563304821858454,0.028722813232690214,0.02519245086571331,0.0488908499734797,0.43283615345125603,-0.4534064039065208,-0.020655264612283508,0.0044320038782166065,-0.9719424253891797,0.23517712276116942
161.0,11.039382936598512,10.401640480337894,3.005221332159325,0.028722813232690214,0.024702290902368418,0.04914032576128813,0.4369041500826029,-0.4561604626615477,-0.02606632814783688,0.004432003878199919,-0.9732359645697174,0.22976534684254576
162.0,11.068105749831203,10.426342771240263,3.054361657920613,0.028722813232690214,0.02420966073051467,0.04938488755747006,0.4409587059067908,-0.45886729848405794,-0.03151881098547171,0.004432003878232675,-0.9744898428678024,0.22438784166952783
163.0,11.096828563063893,10.450552431970777,3.1037465454780833,0.028722813232690214,0.023714609612765614,0.0496245109060518,0.4449994154716174,-0.4615263577029769,-0.037012308369086144,0.004432003878214581,-0.9757049794928009,0.21904371786147298
164.0,11.125551376296583,10.474267041583543,3.153371056384135,0.028722813232690214,0.023217187053814925,0.04985917184489619,0.4490258747094898,-0.46413709003410014,-0.04254640860442094,0.004432003878229849,-0.976882259263012,0.21373209604272558
165.0,11.154274189529273,10.497484228637358,3.2032302282290313,0.028722813232690214,0.022717442795507026,0.05008884690810378,0.45303768097781855,-0.466698948663615,-0.04812069308623018,0.0044320038782120685,-0.9780225337509871,0.2084521067701711
166.0,11.182997002761963,10.520201671432865,3.253319075137135,0.028722813232688438,0.022215426811852623,0.05031351312836252,0.45703443309934566,-0.46921139033139614,-0.05373473632675724,0.004432003878211712,-0.9791266223822055,0.203202890442133
167.0,11.211719815994652,10.542417098244718,3.3036325882654975,0.02872281323269199,0.021711189304028267,0.05053314803923614,0.46101573140218555,-0.47167387541391037,-0.059388105985236805,0.004432003878230557,-0.9801953134886884,0.19798359719036066
168.0,11.240442629227344,10.564128287548746,3.3541657363047337,0.028722813232688438,0.021204780695365244,0.0507477296774157,0.464981177759814,-0.47408586800716523,-0.06508036289782282,0.0044320038782271745,-0.9812293653190719,0.19279338675679367
169.0,11.269165442460032,10.585333068244111,3.4049134659821494,0.028722813232690214,0.02069625162630473,0.05095723658491913,0.46893037563092316,-0.4764468360091535,-0.07081106110938476,0.004432003878217247,-0.9822295070067038,0.18763142835620938
170.0,11.297888255692722,10.606029319870416,3.4558707025670685,0.028722813232690214,0.02018565294932806,0.05116164781122645,0.47286293009898245,-0.4787562512021828,-0.07657974790537173,0.004432003878216498,-0.9831964394970955,0.18249690052671563
171.0,11.326611068925413,10.626214972819744,3.507032350378295,0.02872281323269199,0.01967303572387813,0.05136094291538784,0.476778447911846,-0.4810135893349536,-0.08238596384529365,0.004432003878221563,-0.98413083643629,0.17738899096852564
172.0,11.355333882158105,10.645888008543622,3.558393293293683,0.028722813232688438,0.019158451211250593,0.05155510196805846,0.48067653752098893,-0.4832183302042846,-0.08822924279672906,0.004432003878228018,-0.9850333450213624,0.17230689637286362
173.0,11.384056695390793,10.665046459754873,3.6099483952617413,0.028722813232690214,0.01864195086946374,0.05174410555349418,0.48455680912070664,-0.48536995773651065,-0.09410911197083827,0.0044320038782438365,-0.9859045868144631,0.167249822241538
174.0,11.412779508623483,10.683688410624336,3.6616925008152355,0.028722813232690214,0.018123586348128384,0.051927934771495377,0.4884188746870625,-0.4874679600688009,-0.10002509195793186,0.004432003878209593,-0.9867451585215974,0.16221698269851764
175.0,11.441502321856174,10.701811996972465,3.713620435586731,0.028722813232690214,0.017603409483259114,0.05210657123929163,0.49226234801671925,-0.48951182962986006,-0.10597669676510946,0.004432003878224154,-0.9875556327374465,0.15720760029389544
176.0,11.470225135088864,10.719415406455724,3.7657270068260225,0.028722813232690214,0.01708147229211221,0.052279997093386044,0.49608684476554543,-0.49150106322056797,-0.11196343385394034,0.004432003878212645,-0.9883365586573022,0.15222090580161646
177.0,11.498947948321554,10.736496878747836,3.8180070039194085,0.028722813232690214,0.016557826967972034,0.05244819499133824,0.49989198248705796,-0.49343516209413735,-0.11798480417961021,0.0044320038782186665,-0.9890884627573248,0.1472561380112066
178.0,11.527670761554244,10.753054705715808,3.8704551989107467,0.028722813232690214,0.016032525874928538,0.052611148113498096,0.5036773806706738,-0.49531363203596346,-0.12404030223090018,0.004432003878244311,-0.9898118494441641,0.1423125435144309
179.0,11.556393574786934,10.769087231590737,3.923066347024245,0.028722813232690214,0.015505621542663661,0.05276884016468841,0.5074426607796805,-0.4971359834431343,-0.13012941607081344,0.004432003878197428,-0.9905072016749942,0.13738937648739852
180.0,11.585116388019625,10.7845928531334,3.9758351871889333,0.028722813232690214,0.014977166661161334,0.05292125537583603,0.5111874462892506,-0.498901731403584,-0.136251627378835,0.0044320038782421824,-0.9911749815489562,0.1324858984686651
181.0,11.613839201252315,10.799570019794562,4.028756442564769,0.028722813232690214,0.014447214075476111,0.05306837850554835,0.5149113627239433,-0.5006103957748478,-0.14240641149327107,0.00443200387821804,-0.9918156308709641,0.12760137813383998
182.0,11.642562014485005,10.814017233870038,4.081824821070318,0.028722813232690214,0.013915816780420087,0.0532101948416317,0.5186140376952022,-0.5022615012623652,-0.14859323745529043,0.004432003878223261,-0.9924295716887732,0.12273509106714914
183.0,11.671284827717695,10.827933050650458,4.135035015911949,0.028722813232690214,0.013383027915287116,0.053346690202573654,0.522295100938619,-0.503854577497581,-0.15481156805329382,0.00443200387819604,-0.9930172068041961,0.11788631953036866
184.0,11.700007640950385,10.841316078565745,4.188381706114523,0.028722813232690214,0.012848900758511306,0.05347785093895041,0.5259541843509556,-0.5053891591153817,-0.16106085986880989,0.0044320038782371665,-0.9935789202592824,0.11305435222945504
185.0,11.728730454183076,10.854164979324256,4.241859557053473,0.028722813232690214,0.012313488722368149,0.05360366393479854,0.5295909220269095,-0.5068647858313178,-0.1673405633226583,0.004432003878219999,-0.9941150777982612,0.1082384840792779
186.0,11.757453267415766,10.866478468046624,4.295463220988272,0.028722813232690214,0.011776845347613474,0.0537241166089224,0.5332049502957408,-0.5082810025182642,-0.17365012272260466,0.0044320038782187775,-0.9946260273059929,0.10343801596667315
187.0,11.786176080648456,10.878255313394238,4.349187337597194,0.028722813232690214,0.011239024298140166,0.05383919691615535,0.5367959077576273,-0.5096373592827269,-0.17998897631157626,0.004432003878211201,-0.995112099223648,0.09865225451214063
188.0,11.814898893881146,10.889494337692378,4.40302653451335,0.028722813232690214,0.010700079355601133,0.053948893348561455,0.5403634353198197,-0.5109334115406245,-0.1863565563170435,0.0044320038782370156,-0.9955736069422934,0.09388051183038601
189.0,11.843621707113837,10.90019441704798,4.456975427861911,0.028722813232690214,0.010160064414041159,0.054053194936592774,0.543907176232579,-0.5121687200927186,-0.192752289001069,0.00443200387823853,-0.9960108471750255,0.08912210528994119
190.0,11.872344520346527,10.91035448146202,4.511028622798504,0.028722813232690214,0.009619033474510985,0.054152091250171175,0.5474267761246694,-0.5133428511993137,-0.19917559471133797,0.004432003878198344,-0.9964241003082609,0.08437635727202489
191.0,11.901067333579217,10.919973514936531,4.565180714048675,0.028722813232690214,0.009077040639645872,0.05424557239975325,0.5509218830391303,-0.5144553766549104,-0.2056258879333852,0.004432003878239809,-0.9968136307327576,0.07964259492884852
192.0,11.929790146811907,10.929050555576177,4.619426286448428,0.028722813232690214,0.008534140108281463,0.054333629037299325,0.5543921474681368,-0.5155058738618689,-0.21210257734315524,0.00443200387822293,-0.9971796871549162,0.07492014994143326
193.0,11.958512960044597,10.937584695684459,4.673759915485728,0.028722813232690214,0.007990386170018127,0.05441625235722025,0.5578372223881534,-0.5164939259039452,-0.21860506586095269,0.004432003878215214,-0.9975225028888568,0.07020835827716111
194.0,11.987235773277288,10.945575081854477,4.728176167842948,0.028722813232690214,0.007445833199797747,0.05449343409725138,0.5612567632945363,-0.5174191216190901,-0.2251327507060228,0.0044320038782077196,-0.9978422961297663,0.0655065599470736
195.0,12.015958586509978,10.953020915054275,4.782669601940199,0.028722813232690214,0.006900535652462736,0.05456516653928478,0.5646504282360677,-0.5182810556718728,-0.23168502345212572,0.004432003878223286,-0.9981392702089519,0.06081409876306859
196.0,12.044681399742668,10.959921450706737,4.837234768479484,0.028722813232690214,0.006354548057309728,0.05463144251013308,0.5680178778490671,-0.5190793286251991,-0.2382612700839554,0.004432003878245032,-0.9984136138310267,0.05613032209503642
197.0,12.073404212975358,10.966275998764047,4.891866210989617,0.028722813232690214,0.00580792501264682,0.05469225538225864,0.5713587753914082,-0.519813547011723,-0.244860871054298,0.004432003878220294,-0.9986655012936103,0.05145458062802144
198.0,12.102127026208048,10.972083923776694,4.946558466371876,0.028722813232690214,0.005260721180325945,0.05474759907442106,0.5746727867760639,-0.520483323404372,-0.2514832013422731,0.004432003878197609,-0.9988950926899082,0.04678622811943068
199.0,12.130849839440739,10.97734464495702,5.001306065446297,0.028722813232688438,0.004712991280268142,0.05479746805229979,0.5779595806047159,-0.5210882764866741,-0.25812763051242665,0.0044320038782318764,-0.9991025340945022,0.042124621156363916
200.0,12.159572652673427,10.982057636237288,5.056103533498597,0.02872281323269199,0.004164790085011916,0.05484185732903768,0.5812188282006855,-0.5216280311221502,-0.26479352277446616,0.004432003878219217,-0.9992879577326563,0.037469118913050964
201.0,12.18829546590612,10.9862224263223,5.110945390827634,0.028722813232690214,0.003616172414215413,0.05488076246574369,0.5844502036419482,-0.5221022184234736,-0.27148023704393165,0.004432003878240591,-0.9994514821334102,0.032819082908467745
202.0,12.21701827913881,10.989838598736515,5.165826153293378,0.028722813232688438,0.0030671931291905707,0.054914179571937005,0.5876533837936472,-0.5225104758206823,-0.27818712700392917,0.004432003878223694,-0.9995932122667233,0.028173876764069
203.0,12.245741092371498,10.992905791865706,5.220740332865315,0.02872281323269199,0.0025179071274124,0.05494210530593424,0.5908280483404091,-0.5228524471290084,-0.28491354116740764,0.004432003878200875,-0.9997132396648801,0.02353286596174877
204.0,12.27446390560419,10.995423698993118,5.275682438171249,0.028722813232690214,0.0019683693370158295,0.05496453687518699,0.593973879818483,-0.5231277826161567,-0.29165882294037626,0.004432003878236273,-0.9998116425283676,0.018895417601916507
205.0,12.30318671883688,10.997392068330134,5.330646975046436,0.028722813232688438,0.001418634711329858,0.054981472036555346,0.5970905636472825,-0.5233361390685947,-0.29842231068598113,0.0044320038782076875,-0.9998884858163937,0.014260900161741336
206.0,12.331909532069568,10.998810703041464,5.385628447082992,0.028722813232690214,0.0008687582233513069,0.05499290909653709,0.6001777881610603,-0.5234771798575928,-0.3052033377895643,0.00443200387824427,-0.9999438213221908,0.00962868325357083
207.0,12.360632345302259,10.999679461264815,5.440621356179529,0.02872281323269199,0.00031879486027364123,0.05499884691143819,0.6032352446399495,-0.5235505750045102,-0.31200123272397284,0.004432003878221908,-0.9999776877332412,0.004998137383450157
208.0,12.38935515853495,10.999998256125089,5.495620203090967,0.028722813232688438,-0.00023120038201795978,0.05499928488747852,0.606262627340771,-0.5235560012452442,-0.3188153191161889,0.004432003878187238,-0.9999901106765066,0.0003686337097680213
209.0,12.418077971767639,10.999767055743071,5.550619487978445,0.028722813232690214,-0.0007811725044710727,0.05499422298086465,0.6092596335278936,-0.5234931420942175,-0.3256449158151297,0.00443200387825697,-0.999981102748751,-0.004260456197999052
210.0,12.44680078500033,10.9989858832386,5.60561371095931,0.02872281323269199,-0.001331066510322998,0.05498366169777835,0.6122259635030964,-0.5233616879075984,-0.332489336958854,0.004432003878213194,-0.9999506635320013,-0.008889760600479054
211.0,12.475523598233021,10.997654816728277,5.660597372657088,0.028722813232688438,-0.0018808274106287826,0.054967602094343704,0.6151613206358891,-0.5231613359459912,-0.33934789204396554,0.0044320038781959555,-0.9998987795941668,-0.013519907829545048
212.0,12.50424641146571,10.995773989317648,5.715564974751432,0.028722813232690214,-0.0024304002297661498,0.054946045776505414,0.6180654113930343,-0.5228917904360073,-0.34621988599552267,0.00443200387824957,-0.9998254244748302,-0.01815152652942866
213.0,12.5329692246984,10.993343589087882,5.7705110205279375,0.028722813232690214,-0.0029797300109031255,0.05491899489987784,0.6209379453678365,-0.5225527626317328,-0.35310461923672265,0.004432003878217164,-0.9997305586561802,-0.022785245897846442
214.0,12.56169203793109,10.990363859076979,5.825430015427815,0.028722813232690214,-0.003528761821522508,0.05488645216952648,0.623778635309314,-0.5221439708749855,-0.360001387760751,0.004432003878229465,-0.9996141295190379,-0.02742169592712173
215.0,12.59041485116378,10.986835097255456,5.880316467597342,0.028722813232690214,-0.004077440758901929,0.05484842083969532,0.6265871971508258,-0.5216651406550699,-0.36690948320245365,0.004432003878235586,-0.9994760712839146,-0.03206150764537405
216.0,12.61913766439647,10.982757656496554,5.935164888437037,0.028722813232690214,-0.0046257119556010196,0.05480490471348887,0.6293633500385406,-0.5211160046678494,-0.37382819291102287,0.004432003878215027,-0.9993163049369967,-0.03670531335775513
217.0,12.64786047762916,10.978131944540953,5.989969793150526,0.028722813232690214,-0.0051735205849627874,0.05475590814247777,0.6321068163594549,-0.5204963028738188,-0.38075680002363177,0.0044320038782340076,-0.9991347381409409,-0.04135374688775895
218.0,12.676583290861851,10.97295842395599,6.044725701293004,0.028722813232688438,-0.005720811866572362,0.05470143602628674,0.6348173217692648,-0.5198057825559044,-0.3876945835392986,0.0044320038781909404,-0.9989312651303389,-0.046007443818628334
219.0,12.70530610409454,10.967237612089418,6.0994271373192905,0.028722813232690214,-0.006267531071767252,0.054641493812075836,0.6374945952196783,-0.5190441983757867,-0.3946408183943064,0.0044320038782345115,-0.9987057665916743,-0.05066704173483264
220.0,12.73402891732723,10.960970081017651,6.154068631131366,0.028722813232690214,-0.0068136235290729985,0.0545760874940191,0.6401383689855517,-0.5182113124302765,-0.4015947755371721,0.004432003878200662,-0.998458109527584,-0.05533318046368334
221.0,12.76275173055992,10.954156457488578,6.2086447186253855,0.028722813232690214,-0.0073590346297081055,0.054505223612690834,0.6427483786917347,-0.51730689430622,-0.40855572200566936,0.004432003878247488,-0.9981881471051971,-0.06000650231697202
222.0,12.79147454379261,10.94679742285887,6.263149942238076,0.028722813232690214,-0.007903709833012584,0.05442890925442434,0.6453243633394509,-0.5163307211351282,-0.4155229210033737,0.004432003878221524,-0.9978957184883097,-0.06468765233275739
223.0,12.8201973570253,10.938893713025857,6.317578851492501,0.028722813232690214,-0.008447594671917358,0.054347152050587155,0.647866065332314,-0.5152825776465769,-0.4224956319776268,0.0044320038782034174,-0.9975806486531185,-0.06937727851715528
224.0,12.84892017025799,10.93044611835394,6.371926003543088,0.028722813232690214,-0.008990634758395899,0.054259960176835875,0.6503732305023162,-0.5141622562212516,-0.42947311069803956,0.00443200387822376,-0.9972427481872146,-0.0740760320861948
225.0,12.87764298349068,10.921455483595544,6.426185963719924,0.028722813232690214,-0.009532775788891001,0.054167342352282155,0.6528456081349896,-0.5129695569427412,-0.43645460933545727,0.004432003878227836,-0.9968818130715119,-0.07878456770763395
226.0,12.906365796723371,10.911922707806653,6.480353306072206,0.028722813232690214,-0.010073963549752207,0.054069307838635616,0.6552829509946838,-0.511704287648915,-0.4434393765418416,0.004432003878224476,-0.9964976244447482,-0.08350354374274736
227.0,12.935088609956061,10.9018487442569,6.5344226139108414,0.028722813232690214,-0.01061414392265192,0.05396586643925794,0.6576850153490409,-0.5103662639820269,-0.45042665753065847,0.0044320038782136376,-0.9960899483501854,-0.08823362248796374
228.0,12.963811423188751,10.891234600334249,6.588388480350099,0.028722813232690214,-0.01115326289000329,0.05385702849821161,0.660051560993724,-0.5089553094386141,-0.45741569415806593,0.004432003878211818,-0.9956585354640829,-0.09297547041634689
229.0,12.992534236421442,10.880081337444246,6.642245508848311,0.028722813232690214,-0.011691266540363898,0.05374280489919414,0.66238235127611,-0.5074712554177724,-0.4644057250046958,0.004432003878240359,-0.9952031208055165,-0.09772975841873212
230.0,13.021257049654132,10.868390070903882,6.695988313747505,0.028722813232690214,-0.012228101073809228,0.05362320706447399,0.6646771531191018,-0.5059139412692992,-0.47139598545781863,0.004432003878200631,-0.994723423427053,-0.10249716204455186
231.0,13.049979862886822,10.856161969830072,6.749611520811979,0.028722813232690214,-0.012763712807338123,0.05349824695373151,0.6669357370444223,-0.5042832143404458,-0.4783857077946966,0.004432003878229157,-0.994219146085791,-0.10727836174207661
232.0,13.078702676119512,10.843398257022734,6.803109767765711,0.028722813232690214,-0.013298048180224953,0.05336793706287679,0.6691578771956046,-0.5025789300221993,-0.48537412126601687,0.004432003878236971,-0.9936899748942212,-0.11207404309805746
233.0,13.107425489352202,10.83010020884251,6.856477704828587,0.028722813232690214,-0.013831053759373546,0.05323229042278754,0.6713433513604268,-0.5008009517943486,-0.4923604521801161,0.004432003878214369,-0.9931355789503448,-0.11688489707651176
234.0,13.136148302584893,10.816269155083136,6.909709995251375,0.028722813232690214,-0.014362676244671135,0.0530913205980168,0.6734919409933227,-0.49894915126997075,-0.499343923987974,0.004432003878216303,-0.99255560994644,-0.12171162025654793
235.0,13.164871115817583,10.801906478838465,6.962801315849392,0.028722813232690214,-0.014892862474315649,0.05294504168542957,0.6756034312371434,-0.49702340823879787,-0.5063237573686252,0.004432003878235042,-0.991949701755848,-0.12655491506894478
236.0,13.193593929050273,10.787013616364149,7.015746357534821,0.028722813232690214,-0.01542155943012169,0.0527934683127933,0.6776776109445736,-0.4950236107097784,-0.5132991703150551,0.004432003878217362,-0.9913174699971005,-0.1314154900313176
237.0,13.222316742282963,10.771592056934027,7.068539825847615,0.028722813232690214,-0.015948714242835393,0.05263661563732036,0.6797142726993944,-0.4929496549528006,-0.5202693782209746,0.004432003878220674,-0.9906585115746824,-0.13629405998156455
238.0,13.251039555515653,10.755643342691192,7.121176441484935,0.028722813232690214,-0.016474274197417316,0.05247449934414927,0.6817132128371638,-0.490801445539397,-0.5272335939679347,0.004432003878233272,-0.9899724041956878,-0.14119134630930064
239.0,13.279762368748344,10.739169068493775,7.173650940829084,0.028722813232690214,-0.016998186738307552,0.052307135644769076,0.6836742314654606,-0.48857889538247323,-0.5341910280129643,0.004432003878225607,-0.9892587058615824,-0.1461080771849756
240.0,13.308485181981034,10.722170881755467,7.225958076473853,0.028722813232690214,-0.01752039947468731,0.05213454127541617,0.6855971324841108,-0.48628192577544677,-0.541140888476916,0.00443200387820914,-0.9885169543342487,-0.1510449877863029
241.0,13.337207995213724,10.70465048228078,7.2780926177492695,0.028722813232690214,-0.018040860185722707,0.05195673349537966,0.6874817236046049,-0.48391046642993263,-0.5480823812333319,0.004432003878232541,-0.9877466665754681,-0.15600282052153566
242.0,13.365930808446414,10.686609622095057,7.330049351244649,0.028722813232690214,-0.018559516825771283,0.05177373008529074,0.6893278163693792,-0.48146445551297434,-0.5550147099975624,0.0044320038782057385,-0.9869473381589112,-0.16098232524927486
243.0,13.394653621679105,10.668050105269286,7.38182308132994,0.028722813232690214,-0.019076317529600928,0.05158554934533921,0.691135226170707,-0.4789438396830524,-0.5619370764168006,0.004432003878212347,-0.9861184426537213,-0.16598425949415413
244.0,13.423376434911795,10.648973787739685,7.433408630675279,0.028722813232690214,-0.019591210617582178,0.051392210093440305,0.6929037722691692,-0.4763485741251692,-0.568848680160507,0.004432003878265183,-0.985259430978687,-0.17100938865798374
245.0,13.452099248144485,10.629382577122103,7.484800840768719,0.028722813232690214,-0.020104144600821883,0.051193731663357944,0.6946332778115286,-0.4736786225850853,-0.5757487190107936,0.004432003878198756,-0.9843697307259799,-0.17605848622570142
246.0,13.480822061377175,10.60927843252128,7.535994572432077,0.028722813232690214,-0.0206150681863555,0.05099013390277296,0.6963235698487535,-0.4709339574025443,-0.5826363889543331,0.0044320038782141805,-0.9834487454533907,-0.18113233396546155
247.0,13.509544874609865,10.588663364334925,7.58698470633485,0.028722813232690214,-0.02112393028225057,0.05078143717128558,0.6979744793529861,-0.46811455954333103,-0.5895108842738156,0.004432003878234852,-0.9824958539439416,-0.18623172212216796
248.0,13.538267687842556,10.567539434052675,7.637766143506136,0.028722813232688438,-0.021630680002720837,0.05056766233840193,0.6995858412347191,-0.46522041863084207,-0.5963713976402627,0.004432003878218665,-0.9815104094317048,-0.19135744960369525
249.0,13.566990501075244,10.545908754049954,7.688333805844538,0.02872281323269199,-0.022135266673215526,0.05034883078142194,0.7011574943590443,-0.4622515329759317,-0.6032171202058708,0.004432003878218383,-0.980491738792648,-0.19651032415879152
250.0,13.595713314307936,10.523773487376738,7.73868263662596,0.028722813232690214,-0.022637639835489054,0.05012496438332281,0.7026892815620072,-0.4592079096066829,-0.6100472416969253,0.004432003878217628,-0.9794391416991953,-0.20169116254602432
251.0,13.624436127540626,10.50113584754125,7.788807601009283,0.028722813232690214,-0.023137749252644113,0.049896085530556356,0.7041810496661509,-0.4560895642962216,-0.6168609505077359,0.0044320038782261935,-0.9783518897373064,-0.20690079069221828
252.0,13.653158940773316,10.477998098288605,7.838703686539839,0.028722813232690214,-0.023635544914155204,0.04966221711081342,0.7056326494958652,-0.45289652159024374,-0.6236574337943743,0.0044320038782305875,-0.9772292254845718,-0.21214004384002386
253.0,13.681881754006007,10.45436255337445,7.888365903650652,0.028722813232690214,-0.02413097704087086,0.049423382510748404,0.7070439358924522,-0.4496288148333889,-0.6304358775692336,0.004432003878213561,-0.9760703615481034,-0.21740976668258988
254.0,13.710604567238697,10.43023157633358,7.937789286161401,0.028722813232688438,-0.024623996089990996,0.049179605613614896,0.708414767728369,-0.4462864861941771,-0.6371954667958173,0.00443200387822745,-0.9748744795606625,-0.22271081348455204
255.0,13.739327380471385,10.405607580243588,7.986968891775016,0.028722813232690214,-0.025114552760022946,0.048930910796904925,0.7097450079216423,-0.4428695866895583,-0.6439353854840786,0.004432003878223368,-0.97364072913357,-0.2280440481877864
256.0,13.768050193704076,10.380493027483565,8.03589980257192,0.02872281323269199,-0.025602597995709075,0.048677322929890465,0.7110345234493407,-0.4393781762079745,-0.6506548167858218,0.004432003878221964,-0.9723682267649003,-0.23341034450021045
257.0,13.796773006936768,10.354890429487856,8.084577125501811,0.028722813232688438,-0.026088082992925976,0.04841886737114898,0.7122831853609546,-0.4358123235316659,-0.65735294309066,0.004432003878196768,-0.9710560547013651,-0.23881058596603916
258.0,13.825495820169456,10.32880234649493,8.13299599287296,0.028722813232690214,-0.026570959203588984,0.048155569966017,0.7134908687913772,-0.4321721063575379,-0.664028946122859,0.004432003878256894,-0.9697032597522732,-0.24424566601567027
259.0,13.854218633402146,10.302231387291341,8.181151562838977,0.028722813232690214,-0.027051178340471438,0.0478874570440162,0.7146574529732133,-0.42845761131769855,-0.6706820070371722,0.004432003878222625,-0.9683088520538806,-0.24971648799332294
260.0,13.882941446634836,10.27518020895087,8.229039019882993,0.028722813232690214,-0.027528692382063014,0.047614555416222615,0.7157828212491173,-0.4246689339983488,-0.6773113065165339,0.004432003878209871,-0.9668718037825792,-0.2552239651597106
261.0,13.911664259867527,10.247651516568807,8.276653575299216,0.028722813232688438,-0.028003453577357007,0.04733689237256122,0.7168668610830888,-0.4208061789575733,-0.6839160248690592,0.00443200387823439,-0.9653910478150116,-0.26076902066820995
262.0,13.940387073100215,10.21964806299145,8.323990467671777,0.02872281323269199,-0.028475414450632286,0.04705449567911302,0.7179094640721533,-0.41686945974271217,-0.6904953421259112,0.004432003878217541,-0.9638654763334914,-0.26635258751143237
263.0,13.969109886332907,10.191172648540817,8.37104496335089,0.028722813232690214,-0.02894452780618373,0.04676739357530657,0.7189105259567319,-0.4128588989060574,-0.6970484381387376,0.004432003878187114,-0.962293939374944,-0.27197560843552715
264.0,13.997832699565597,10.162228120734634,8.417812356926197,0.028722813232690214,-0.02941074673308286,0.046475614771116724,0.7198699466316439,-0.40877462801972864,-0.7035744926788426,0.004432003878250766,-0.9606752433215634,-0.2776390358193141
265.0,14.026555512798287,10.13281737400155,8.464287971697313,0.028722813232688438,-0.029874024609814143,0.046179188444176233,0.72078763015548,-0.40461678768945797,-0.7100726855346473,0.0044320038782174045,-0.9590081493313206,-0.28334383151524406
266.0,14.055278326030976,10.102943349391737,8.51046716014149,0.02872281323269199,-0.030334315108980547,0.0458781442368803,0.7216634847607875,-0.40038552756744406,-0.7165421966112948,0.004432003878202694,-0.9572913717066545,-0.28909096664824296
267.0,14.084001139263668,10.072609034282756,8.55634530437837,0.028722813232688438,-0.03079157220191142,0.04557251225338632,0.722497422862673,-0.3960810063637498,-0.7229822060290338,0.004432003878230462,-0.955523576199423,-0.29488142136914763
268.0,14.112723952496356,10.041817462080845,8.601917816631756,0.02872281323269199,-0.031245750163288122,0.04526232305664735,0.7232893610681985,-0.39170339185709546,-0.7293918942232864,0.004432003878246286,-0.9537033782504161,-0.30071618455840876
269.0,14.141446765729048,10.010571711917557,8.647180139688404,0.028722813232688438,-0.031696803575679056,0.044947607665315914,0.7240392201839965,-0.38725286090425715,-0.7357704420430776,0.004432003878206744,-0.9518293411615786,-0.30659625347603153
270.0,14.170169578961737,9.978874908341878,8.69212774735372,0.02872281323269199,-0.03214468733413156,0.0446283975506816,0.7247469252250173,-0.3827295994485382,-0.7421170308520478,0.004432003878217683,-0.9498999741994139,-0.3125226333524923
271.0,14.198892392194429,9.946730221007746,8.736756144904401,0.028722813232688438,-0.03258935665063767,0.0443047246334789,0.7254124054211907,-0.3781338025269405,-0.7484308426271934,0.004432003878228641,-0.9479137306276574,-0.3184963369164243
272.0,14.227615205427117,9.914140864357108,8.78106086953788,0.028722813232690214,-0.033030767058633614,0.04397662128073243,0.7260355942250543,-0.37346567427643756,-0.7547110600598479,0.004432003878208396,-0.9458690056679334,-0.32451838385271536
273.0,14.256338018659807,9.881110097298475,8.825037490818612,0.028722813232690214,-0.033468874417447836,0.043644120302506195,0.7266164293182804,-0.3687254279393094,-0.7609568666555657,0.004432003878216335,-0.9437641343866272,-0.3305898001860972
274.0,14.285060831892498,9.847641222881027,8.868681611121119,0.02872281323269199,-0.033903634916716996,0.043307254948620866,0.727154852617909,-0.3639132858668847,-0.7671674468349472,0.0044320038782536455,-0.9415973895069495,-0.33671161758294144
275.0,14.31378364512519,9.81373758796431,8.91198886606974,0.028722813232688438,-0.034335005080743386,0.0429660589053249,0.7276508102819086,-0.3590294795226051,-0.7733419860337482,0.004432003878225794,-0.9393669791446201,-0.3428848725656096
276.0,14.342506458357878,9.779402582883566,8.954954924975064,0.028722813232690214,-0.03476294177287542,0.042620566291951434,0.7281042527151023,-0.3540742494839654,-0.7794796708044376,0.004432003878199178,-0.9370710444664615,-0.34911060563116486
277.0,14.371229271590568,9.744639641110691,8.997575491267016,0.028722813232690214,-0.03518740219979577,0.04227081165745794,0.728515134573426,-0.34904784544285805,-0.785579688916427,0.0044320038782377285,-0.934707657270866,-0.3553898602673306
278.0,14.399952084823259,9.709452238910895,9.039846302924474,0.028722813232690214,-0.03560834391582546,0.04191682997702806,0.7288834147692403,-0.3439505262057625,-0.7916412294577579,0.00443200387823796,-0.9322748174896911,-0.361723681857003
279.0,14.428674898055949,9.67384389499507,9.081763132901502,0.028722813232690214,-0.03602572482713029,0.04155865664853131,0.7292090564746772,-0.33878255969172827,-0.7976634829356297,0.004432003878196672,-0.929770450611292,-0.3681131164624519
280.0,14.457397711288639,9.63781817016794,9.123321789550033,0.028722813232690214,-0.03643950319597877,0.041196327489000595,0.7294920271259301,-0.3335442229299958,-0.8036456413784004,0.004432003878241163,-0.9271924050246257,-0.37455920947998783
281.0,14.48612052452133,9.60137866697196,9.164518117039034,0.028722813232690214,-0.036849637644872146,0.040829878731052816,0.7297322984261371,-0.32823580205630315,-0.8095868984363279,0.004432003878212085,-0.9245384492850673,-0.3810630041544133
282.0,14.51484333775402,9.564529029327089,9.205347995770087,0.028722813232690214,-0.037256087160706386,0.04045934701925269,0.7299298463483049,-0.32285759230785444,-0.8154864494833679,0.004432003878221255,-0.9218062693027135,-0.3876255399426573
283.0,14.54356615098671,9.527272942166382,9.24580734278934,0.028722813232690214,-0.03765881109887381,0.04008476940647121,0.7300846511379362,-0.3174098980176884,-0.8213434917186917,0.004432003878216499,-0.9189934654545842,-0.39424785071500096
284.0,14.5722889642194,9.489614131067508,9.28589211219581,0.028722813232690214,-0.038057769187313184,0.03970618335014997,0.7301966973145808,-0.31189303260715096,-0.827157224268043,0.004432003878231071,-0.9160975496228457,-0.40093096278117624
285.0,14.60101177745209,9.451556361880195,9.32559829554596,0.028722813232690214,-0.03845292153055091,0.039323626708585024,0.7302659736737969,-0.3063073185781187,-0.8329268482855448,0.004432003878217258,-0.9131159421614959,-0.4076758927287056
286.0,14.62973459068478,9.413103440349644,9.364921922254545,0.028722813232690214,-0.03884422861367476,0.03893713773711838,0.730292473287907,-0.30065308750333486,-0.8386515670551017,0.004432003878209228,-0.9100459687952317,-0.41448364505873003
287.0,14.65845740391747,9.37425921173597,9.403859059991664,0.028722813232690214,-0.03923165130631112,0.03854675508432237,0.730276193507027,-0.2949306800160963,-0.8443305860924228,0.004432003878252127,-0.906884857454475,-0.42135520960514977
288.0,14.68718021715016,9.335027560429658,9.442405815075986,0.028722813232690214,-0.03961515086650813,0.03815251778814144,0.7302171359591121,-0.28914044579876497,-0.8499631132462342,0.004432003878215606,-0.9036297350520252,-0.4282915587207274
289.0,14.71590303038285,9.29541240956315,9.480558332864128,0.028722813232690214,-0.03999468894463121,0.03775446527197701,0.7301153065498882,-0.2832827435698894,-0.8555483588002312,0.004432003878212035,-0.9002776242075641,-0.435293644213659
290.0,14.744625843615541,9.255417720618519,9.518312798136105,0.028722813232690214,-0.04037022758718756,0.03735263734074401,0.7299707154621538,-0.27735794107034467,-0.8610855355745438,0.004432003878226114,-0.8968254399274834,-0.4423623940170537
291.0,14.773348656848231,9.215047493031332,9.555665435476849,0.028722813232690214,-0.04074172924063113,0.03694707417690957,0.7297833771550284,-0.27136641504864406,-0.8665738590274613,0.004432003878212422,-0.8932699862490039,-0.4494987085724807
292.0,14.802071470080922,9.1743057637907,9.592612509653758,0.028722813232690214,-0.04110915675509652,0.03653781633644115,0.7295533103619942,-0.26530855124433955,-0.8720125473566522,0.004432003878219001,-0.8896079528590162,-0.45670345690788666
293.0,14.830794283313612,9.133196607035604,9.6291503259902,0.028722813232690214,-0.04147247338814708,0.03612490474479202,0.7292805380897152,-0.25918474437139566,-0.8774008216011313,0.004432003878220208,-0.8858359116994379,-0.46397747238982323
294.0,14.859517096546302,9.091724133647457,9.665275230734991,0.028722813232690214,-0.04183164280841822,0.035708380692767605,0.7289650876150644,-0.2529953980992161,-0.8827379057422069,0.0044320038782457594,-0.8819503135734862,-0.4713215481274463
295.0,14.888239909778992,9.049892490839039,9.700983611427759,0.028722813232690214,-0.04218662909926785,0.03528828583243282,0.7286069904828942,-0.24674092503368678,-0.8880230268050586,0.004432003878222296,-0.8779474847682432,-0.47873643200694316
296.0,14.916962723011682,9.00770586173977,9.736271897260192,0.028722813232690214,-0.04253739676236279,0.034864662172919836,0.7282062825025863,-0.2404217466961458,-0.8932554149598839,0.004432003878226104,-0.8738236237124085,-0.48622282133167966
297.0,14.945685536244373,8.965168464977408,9.771136559433112,0.028722813232690214,-0.04288391072123332,0.03443755207624832,0.7277630037447071,-0.2340382935019384,-0.898434303623082,0.004432003878209496,-0.8695747976894211,-0.4937813570448218
298.0,14.974408349477063,8.922284554256175,9.80557411150936,0.028722813232688438,-0.043226136324760134,0.034006998253060416,0.72727719853654,-0.22759100473711158,-0.9035589295579228,0.0044320038782133045,-0.8651969396299465,-0.5014126175083733
299.0,15.003131162709751,8.879058417931414,9.83958110976242,0.02872281323269199,-0.043564039350684425,0.033573043758392984,0.7267489154584801,-0.2210803285349337,-0.908628532976173,0.004432003878215848,-0.8606858450098278,-0.5091171118135219
300.0,15.031853975942443,8.83549437858073,9.873154153520813,0.028722813232690214,-0.043897586008970535,0.033135731987322004,0.7261782073381458,-0.2145067218502515,-0.9136423576376778,0.0044320038782197065,-0.8560371688838441,-0.5168952725949005
301.0,15.060576789175133,8.79159679257176,9.906289885508135,0.028722813232690214,-0.04422674294523965,0.032695106670669105,0.7255651312460418,-0.20787065043354586,-0.9185996509520483,0.00443200387822084,-0.8512464230881914,-0.5247474483226985
302.0,15.089299602407824,8.74737004962652,9.938984992178804,0.028722813232690214,-0.04455147724407027,0.03225121187059088,0.7249097484891759,-0.20117258880321465,-0.9234996640782813,0.004432003878244916,-0.8463089736493902,-0.532673895044744
303.0,15.118022415640514,8.70281857238245,9.971236204049395,0.028722813232688438,-0.044871756432302234,0.03180409197620371,0.7242121246053237,-0.19441302021740825,-0.9283416520252199,0.004432003878209547,-0.8412200384410347,-0.5406747675515179
304.0,15.146745228873202,8.657946815950147,10.003040296025599,0.028722813232690214,-0.045187548482282125,0.031353791699123335,0.7234723293562675,-0.18759243664396308,-0.9331248737515843,0.0044320038782074845,-0.8359746851347634,-0.548750109936624
305.0,15.175468042105893,8.612759267467865,10.034394087724722,0.02872281323269199,-0.04549882181507314,0.03090035606900088,0.7226904367209548,-0.18071133872986977,-0.9378485922657296,0.004432003878236149,-0.8305678294961018,-0.5568998455267857
306.0,15.204190855338584,8.567260445652792,10.065294443793723,0.028722813232688438,-0.04580554530359571,0.03044383042901977,0.7218665248879255,-0.1737702357692772,-0.9425120747250114,0.004432003878233515,-0.8249942340821461,-0.5651237661546685
307.0,15.232913668571273,8.521454900349196,10.095738274222743,0.028722813232688438,-0.04610768827575917,0.029984260431364262,0.7210006762477086,-0.16676964567032532,-0.947114592535543,0.004432003878226629,-0.8192485074025864,-0.5734215207508851
308.0,15.261636481803961,8.475347212073437,10.125722534654107,0.028722813232693767,-0.04640522051752072,0.029521692032657754,0.7200929773845292,-0.1597100949212425,-0.9516554214509689,0.0044320038782002785,-0.8133251036121886,-0.5817926032323256
309.0,15.290359295036655,8.428941991555917,10.155244226686765,0.02872281323268666,-0.04669811227589804,0.02905617148934425,0.7191435190673675,-0.15259211855483046,-0.9561338416710535,0.0044320038782240685,-0.8072183228093777,-0.5902363396661026
310.0,15.319082108269342,8.382243879280018,10.18430039817611,0.02872281323269199,-0.0469863342619643,0.028587745353100047,0.7181523962413975,-0.14541626011199188,-0.9605491379410557,0.004432003878207703,-0.8009223120213328,-0.5987518746927029
311.0,15.347804921502034,8.335257545018054,10.21288814352921,0.028722813232690214,-0.04726985765376135,0.02811646046614058,0.7171197080180128,-0.138183071604504,-0.9649005996490245,0.004432003878244563,-0.7944310669635525,-0.6073381571947992
312.0,15.376527734734724,8.287987687364293,10.24100460399535,0.028722813232690214,-0.047548654099180965,0.027642363956562832,0.7160455576651299,-0.13089311347604082,-0.9691875209243648,0.004432003878224868,-0.7877384346696626,-0.6159939252020371
313.0,15.405250547967414,8.240439033265112,10.268646967951913,0.028722813232688438,-0.047822695718814145,0.02716550323362732,0.71493005259696,-0.12354695456275261,-0.97340920073537,0.004432003878206194,-0.7808381170924636,-0.6247176900305607
314.0,15.433973361200103,8.192616337546298,10.29581247118554,0.028722813232693767,-0.0480919551087311,0.02668592598300812,0.7137733043631124,-0.11614517205200342,-0.9775649429866449,0.004432003878226119,-0.7737236757874684,-0.6335077196590048
315.0,15.462696174432796,8.144524382437567,10.322498397168548,0.02872281323268666,-0.048356405343211506,0.026203680162023346,0.712575428637328,-0.10868835144079936,-0.9816540566156151,0.004432003878243712,-0.7663885377949752,-0.642362021354083
316.0,15.491418987665483,8.096167977094355,10.348702077330572,0.02872281323269199,-0.048616019977457015,0.02571881399486564,0.7113365452063313,-0.10117708649236068,-0.9856758556900849,0.004432003878202335,-0.758826002846525,-0.6512783235649634
317.0,15.520141800898175,8.047551957116898,10.374420891325437,0.028722813232690214,-0.04887077305021226,0.02523137596773317,0.7100567779572295,-0.09361197919213315,-0.9896296595034465,0.004432003878239071,-0.7510292520261854,-0.6602540571193879
318.0,15.548864614130865,7.998681184066686,10.39965226729317,0.028722813232690214,-0.049120639086394746,0.024741414824035246,0.708736254865914,-0.08599363970258939,-0.9935147926717176,0.004432003878211234,-0.7429913580265671,-0.6692863357632972
319.0,15.577587427363556,7.949560544980291,10.424393682117206,0.028722813232688438,-0.04936559309959687,0.024248979559471806,0.707375107983417,-0.07832268631655404,-0.9973305852280432,0.0044320038782083935,-0.7347052971430038,-0.6783719361026325
320.0,15.606310240596244,7.900194951880694,10.448642661676677,0.028722813232690214,-0.049605610594630534,0.023754119417159103,0.7059734734233887,-0.07059974540989783,-1.0010763727187233,0.004432003878232472,-0.7261639631561632,-0.6875072770196384
321.0,15.635033053828934,7.850589341286064,10.472396781093837,0.028722813232690214,-0.049840667569939434,0.02325688388269853,0.7045314913480424,-0.0628254513930685,-1.0047514962972108,0.004432003878220844,-0.7173601832571967,-0.6966883986538205
322.0,15.663755867061624,7.800748673716124,10.495653664976535,0.02872281323269199,-0.05007074052002913,0.022757322679234804,0.7030493059545035,-0.05500044666133852,-1.0083553028190444,0.004432003878213059,-0.7082867361719841,-0.7059109410573416
323.0,15.692478680294316,7.750677933196095,10.51841098765577,0.028722813232688438,-0.05029580643778697,0.022255485762460836,0.7015270654598914,-0.04712538154391577,-1.0118871449350928,0.0044320038782434895,-0.6989363726418032,-0.7151701226561004
324.0,15.721201493527005,7.700382126758308,10.54066647341823,0.028722813232690214,-0.05051584281682153,0.021751423315663487,0.6999649220872249,-0.03920091425247568,-1.0153463811858148,0.004432003878210608,-0.6893018384170478,-0.7244607186704476
325.0,15.749924306759695,7.649866283941487,10.562417896733894,0.028722813232690214,-0.05073082765366177,0.021245185744655615,0.6983630320492751,-0.031227710827863797,-1.0187323760931497,0.004432003878227759,-0.6793758999168866,-0.7337770396746849
326.0,15.778647119992385,7.599135456287825,10.58366308247855,0.028722813232690214,-0.05094073945002009,0.020736823672780957,0.6967215555339548,-0.023206445086565386,-1.0220445002542113,0.004432003878227085,-0.6691513726998134,-0.7431129105025552
327.0,15.807369933225075,7.548194716837805,10.60439990615133,0.028722813232690214,-0.05114555721487957,0.020226387935815993,0.6950406566873646,-0.015137798565221794,-1.0252821304322413,0.004432003878228836,-0.6586211528815936,-0.7524616497327581
328.0,15.836092746457766,7.497049159622925,10.624626294087147,0.02872281323269199,-0.051345260466639786,0.0197139295769162,0.6933205035980995,-0.007022460464968294,-1.0284446496488986,0.0044320038782015,-0.6477782516203281,-0.7618160500208268
329.0,15.864815559690458,7.445703899156285,10.644340223664063,0.028722813232688438,-0.051539829235141,0.019199499841485945,0.6915612682799908,0.00113887240601529,-1.03153144727482,0.004432003878219791,-0.6366158327721241,-0.7711683595723301
330.0,15.893538372923146,7.394164069921144,10.663539723505549,0.028722813232690214,-0.051729244063668745,0.01868315017207145,0.6897631266551171,0.009345495690719685,-1.0345419191204397,0.00443200387822308,-0.6251272537939719,-0.7805102650866483
331.0,15.922261186155836,7.342434825857476,10.68222287367762,0.028722813232690214,-0.05191348601089629,0.018164932203207584,0.6879262585361109,0.017596697542329287,-1.0374754675256426,0.004432003878230164,-0.613306109942989,-0.7898328765303593
332.0,15.950983999388527,7.290521339846579,10.700387805880828,0.028722813232690214,-0.05209253665278446,0.017644897756261102,0.6860508476082876,0.025891758684703503,-1.040331501449481,0.004432003878224197,-0.6011462817845922,-0.7991267141312339
333.0,15.979706812621217,7.238428803193795,10.718032703637089,0.028722813232690214,-0.05226637808441836,0.017123098834243677,0.6841370814111803,0.03422995247368377,-1.0431094365588771,0.00443200387821872,-0.588641985979185,-0.8083816980140658
334.0,16.008429625853907,7.1861624251093765,10.735155802471333,0.028722813232690214,-0.052434992921797985,0.01659958761661251,0.6821851513197947,0.04261054495947736,-1.0458086953169436,0.004432003878219525,-0.5757878292691064,-0.8175871409257817
335.0,16.037152439086597,7.1337274321875785,10.751755390087945,0.028722813232690214,-0.05259836430358433,0.016074416454051388,0.6801952525255459,0.051032794950082394,-1.0484287070708356,0.004432003878232702,-0.5625788655305967,-0.826731744521722
336.0,16.065875252319287,7.081129067883994,10.767829806541997,0.028722813232690214,-0.05275647589276655,0.015547637863241093,0.6781675840165763,0.059495954075633184,-1.050968908138583,0.004432003878211631,-0.5490106556925723,-0.8358035997036835
337.0,16.094598065551978,7.028372591991228,10.783377444405238,0.028722813232690214,-0.052909311878329035,0.015019304521599608,0.676102348558156,0.0679992668539828,-1.0534287418961636,0.004432003878231746,-0.5350793302539734,-0.8447901915130067
338.0,16.123320878784668,6.975463280112899,10.798396748926837,0.028722813232690214,-0.05305685697678886,0.014489469262024102,0.6739997526720066,0.07654197075701288,-1.0558076588627232,0.004432003878205757,-0.520781654054283,-0.853678409087467
339.0,16.152043692017358,6.92240642313611,10.812886218188861,0.028722813232690214,-0.05319909643377052,0.013958185067595608,0.6718600066160638,0.08512329627830015,-1.0581051167866198,0.004432003878237497,-0.5061150928702784,-0.8624545611859982
340.0,16.18076650525005,6.869207326702339,10.826844403256457,0.028722813232690214,-0.053336016025436805,0.01342550506629081,0.6696833243630415,0.09374246700142938,-1.0603205807293663,0.0044320038782260625,-0.49107788132341906,-0.8711043977713148
341.0,16.20948931848274,6.815871310676902,10.840269908322748,0.028722813232690214,-0.053467602059949826,0.012891482525668962,0.6674699235794492,0.10239869966946824,-1.0624535231502665,0.004432003878210536,-0.4756690914931,-0.879613138112291
342.0,16.23821213171543,6.762403708616953,10.853161390848417,0.028722813232690214,-0.053593841378809515,0.012356170847537484,0.6652200256034418,0.11109120425555172,-1.0645034239892734,0.004432003878211437,-0.45988870153700745,-0.8879655058279171
343.0,16.26693494494812,6.708809867238143,10.865517561695954,0.028722813232690214,-0.053714721358198325,0.011819623562619341,0.6629338554230498,0.11981918403420375,-1.0664697707501378,0.0044320038782272924,-0.4437376635283985,-0.896145771238129
344.0,16.29565775818081,6.655095145879945,10.877337185258574,0.028722813232690214,-0.05383022991020692,0.011281894325190223,0.660611641653216,0.12858183565391618,-1.068352058581813,0.00443200387824303,-0.42721796963144654,-0.9041378013143837
345.0,16.3243805714135,6.601264915969738,10.888619079583764,0.028722813232690214,-0.05394035548408915,0.010743036907733483,0.658253616513573,0.13737834921020903,-1.070149790360512,0.004432003878213138,-0.41033271565132184,-0.9119251174344496
346.0,16.35310338464619,6.547324560485649,10.899362116491497,0.028722813232690214,-0.05404508706736699,0.010203105195538242,0.6558600158045106,0.14620790832038685,-1.071862476769492,0.004432003878214465,-0.39308616092332005,-0.9194909610388725
347.0,16.38182619787888,6.493279473418282,10.909565221687036,0.028722813232690214,-0.05414441418698246,0.009662153181325905,0.6534310788842486,0.15506969019860586,-1.0734896363797686,0.004432003878231451,-0.37548378344089256,-0.9268183671650753
348.0,16.41054901111157,6.439135059231299,10.919227374868361,0.02872281323268666,-0.0542383269102924,0.009120234959844709,0.6509670486442871,0.16396286573219868,-1.0750307957283904,0.0044320038782271155,-0.3575323290808765,-0.9338902456946572
349.0,16.439271824344257,6.384896732321007,10.928347609828206,0.028722813232693767,-0.05432681584611565,0.008577404722471371,0.6484681714857773,0.17288659955892993,-1.076485489397881,0.004432003878202255,-0.3392398537553972,-0.9406894699982775
350.0,16.46799463757695,6.330569916474891,10.936925014550678,0.028722813232690214,-0.054409872145622096,0.008033716751771891,0.6459346972942059,0.18184005014488522,-1.0778532600927477,0.004432003878220575,-0.32061575732013603,-0.9471989724971512
351.0,16.49671745080964,6.276160044329269,10.94495873130245,0.028722813232690214,-0.05448748750325816,0.0074892254160925376,0.6433668794149737,0.19082236986400145,-1.0791336587175133,0.0044320038782215505,-0.3016708080923811,-0.9534018464878874
352.0,16.52544026404233,6.221672556826011,10.952447956718542,0.028722813232690214,-0.054559654157547044,0.006943985164111766,0.6407649746276576,0.19983270507766104,-1.08032624445202,0.0044320038782263375,-0.28241715688728797,-0.9592814534000563
353.0,16.55416307727502,6.167112902668464,10.959391941882654,0.028722813232690214,-0.054626364891890766,0.006398050519402787,0.6381292431206628,0.2088701962157077,-1.0814305848273509,0.004432003878222893,-0.26286833956682254,-0.9648215344793073
354.0,16.58288589050771,6.112486537776573,10.965789992402057,0.02872281323268666,-0.05468761303526293,0.0058514760749712735,0.6354599484648261,0.2179339778583442,-1.0824462557998753,0.004432003878236635,-0.24303926721409966,-0.970006325718372
355.0,16.611608703740398,6.05779892474131,10.971641468477028,0.028722813232693767,-0.054743392462907714,0.0053043164878090465,0.6327573575874883,0.2270231788188612,-1.083372841825672,0.00443200387822259,-0.2229462031977163,-0.9748206746993757
356.0,16.64033151697309,6.0030555322784025,10.976945784964837,0.028722813232690214,-0.05479369759692165,0.004756626473419345,0.630021740745409,0.2361369222268026,-1.0842099359326485,0.004432003878210883,-0.2026067265749727,-0.9792501578698865
357.0,16.669054330205782,5.948261834681481,10.981702411438256,0.028722813232690214,-0.054838523406843365,0.004208460800345648,0.6272533714980941,0.24527432561322188,-1.0849571397936288,0.00443200387822313,-0.18203968149419103,-0.9832811966589805
358.0,16.697777143438472,5.8934233112746375,10.985910872238602,0.028722813232690214,-0.054877865410114524,0.0036598742846987165,0.6244525266800018,0.2544345009953898,-1.0856140637966272,0.004432003878218244,-0.16126511249483208,-0.9869011707530053
359.0,16.726499956671162,5.838545445864523,10.9895707465233,0.028722813232690214,-0.05491171967258257,0.003110921784672982,0.6216194863734447,0.26361655496328473,-1.0861803271163322,0.004432003878219677,-0.1403041858638217,-0.9900985267995875
360.0,16.755222769903853,5.78363372619194,10.992681668307974,0.02872281323268666,-0.05494008280884355,0.0025616581950629325,0.6187545338800384,0.2728195887665591,-1.0866555577828174,0.004432003878211097,-0.1191790974757212,-0.9928628807979962
361.0,16.78394558313654,5.728693643383097,10.995243326503036,0.028722813232690214,-0.05496295198260093,0.0020121384417652877,0.6158579556925473,0.28204269840280444,-1.0870393927507127,0.004432003878229793,-0.09791296782448192,-0.9951851124657287
362.0,16.81266839636923,5.673730691400496,10.997255464944802,0.028722813232690214,-0.05498032490696847,0.001462417476302491,0.6129300414665377,0.2912849747056624,-1.0873314779671794,0.004432003878207446,-0.07652972522851509,-0.9970574499486334
363.0,16.84139120960192,5.618750366493527,10.998717882421104,0.028722813232690214,-0.05499219984465764,0.0009125502703124511,0.609971083990873,0.3005455034350714,-1.0875314684383925,0.004432003878217747,-0.05505397845701762,-0.9984735433639078
364.0,16.87011402283461,5.56375816664887,10.999630432691417,0.028722813232693767,-0.05499857560819166,0.0003625918100507164,0.6069813791588745,0.30982336536754856,-1.0876390282962138,0.004432003878256779,-0.03351088026617364,-0.999428525831342
365.0,16.898836836067304,5.508759591040678,10.999993024501467,0.02872281323268666,-0.054999451559995194,-0.00018740290908603185,0.6039612259385368,0.3191176363868609,-1.0876538308627788,0.0044320038782139255,-0.011925983552776694,-0.9999190608533884
366.0,16.92755964929999,5.453760139480683,10.999805621592381,0.028722813232690214,-0.05499482761247876,-0.0007373788880915555,0.6009109263426795,0.32842738757719814,-1.0875755587153986,0.0044320038782325296,0.00967490799042768,-0.9999433751453131
367.0,16.95628246253268,5.398765311868204,10.99906824270429,0.028722813232690214,-0.05498470422802537,-0.0012872811298176856,0.59783078539868,0.33775168531468636,-1.08740390374913,0.004432003878195396,0.03126589270083358,-0.9995012762849498
368.0,16.98500527576537,5.343780607640179,10.997780961574472,0.028722813232690214,-0.05496908241897369,-0.0018370546445058977,0.594721111118121,0.3470895913621417,-1.0871385672399703,0.004432003878238179,0.05282112514423521,-0.9985941548397528
369.0,17.01372808899806,5.288811525221205,10.995943906929966,0.028722813232690214,-0.05494796374748301,-0.00238664445526382,0.5915822144657399,0.3564401629628609,-1.086779259905627,0.004432003878244927,0.07431496954928545,-0.9972249709280809
370.0,17.04245090223075,5.233863561473722,10.993557262474702,0.028722813232693767,-0.054921350325412455,-0.0029359956035595047,0.5884144093287383,0.36580245293581326,-1.086325701966668,0.004432003878196918,0.09572215035337525,-0.9953982254722726
371.0,17.071173715463445,5.17894221114831,10.990621266871143,0.02872281323268666,-0.05488924481407231,-0.0034850531547458985,0.5852180124848306,0.375175509771825,-1.0857776232053198,0.00443200387824134,0.1170178978125382,-0.9931199166934261
372.0,17.09989652869613,5.124052966334237,10.987136213716397,0.028722813232690214,-0.054851650423996645,-0.004033762203519586,0.5819933435711745,0.3845583777302534,-1.0851347630249846,0.004432003878211863,0.1381780867474458,-0.9903974826727089
373.0,17.12861934192882,5.069201315910241,10.983102451512877,0.028722813232690214,-0.05480857091458269,-0.004582067879432827,0.5787407250518596,0.3939500969359903,-1.084396870506796,0.004432003878209577,0.15917936666024177,-0.9872397310538448
374.0,17.157342155161512,5.014392744995658,10.978520383633445,0.028722813232690214,-0.054760010593755126,-0.005129915352377168,0.5754604821861221,0.403349703478137,-1.0835637044671929,0.004432003878225817,0.17999928166975038,-0.9836567571770131
375.0,17.186064968394202,4.959632734401903,10.973390468281067,0.028722813232690214,-0.05470597431749891,-0.005677249838063503,0.5721529429954337,0.4127562295085849,-1.0826350335128034,0.004432003878236871,0.20061637894153878,-0.9796598521129711
376.0,17.214787781626892,4.904926760084404,10.967713218443004,0.028722813232690214,-0.05464646748940183,-0.006224016603495031,0.5688184382310358,0.4221687033415352,-1.0816106360955544,0.004432003878207099,0.22101030455348852,-0.9752614022008652
377.0,17.243510594859583,4.850280292595002,10.961489201839509,0.028722813232690214,-0.05458149606008966,-0.0067701609724526435,0.5654573013405356,0.4315861495539788,-1.080490300565847,0.0044320038782153575,0.24116188600894947,-0.9704747817837566
378.0,17.272233408092273,4.7956987965349125,10.954719040867056,0.028722813232690214,-0.054511066526662155,-0.007315628330953672,0.5620698684349454,0.44100758908650406,-1.079273825225664,0.004432003878216776,0.2610532008889361,-0.9653142408807943
379.0,17.300956221324963,4.74118773000825,10.947403412536103,0.028722813232690214,-0.054435185932002916,-0.007860364132723063,0.5586564782545824,0.4504320393451046,-1.0779610183794164,0.00443200387825021,0.2806676314076729,-0.9597947895366122
380.0,17.329679034557653,4.686752544076247,10.93954304840338,0.028722813232690214,-0.05435386186411506,-0.00840431390462193,0.5552174721357552,0.4598585143030328,-1.0765516983851353,0.004432003878191009,0.2999899049011838,-0.9539320805481919
381.0,17.358401847790343,4.632398682212132,10.931138734498758,0.028722813232690214,-0.054267102455332505,-0.008947423252141817,0.5517531939760818,0.46928602460457425,-1.075045693703411,0.004432003878256623,0.3190061205207748,-0.9477422921933515
382.0,17.387124661023034,4.5781315797568,10.922191311246616,0.028722813232690214,-0.054174916381533045,-0.009489637864785294,0.5482639902006627,0.4787135776676348,-1.0734428429462495,0.0044320038781892265,0.33770376262848084,-0.9412420124751073
383.0,17.415847474255724,4.523956663375267,10.91270167338183,0.028722813232690214,-0.054077312861234184,-0.010030903521556667,0.5447502097267624,0.48814017778901775,-1.0717429949237742,0.004432003878254605,0.3560717015762278,-0.9344481262639638
384.0,17.444570287488414,4.469879350514033,10.902670769860274,0.028722813232690214,-0.053974301654716506,-0.010571166096330131,0.5412122039296586,0.49756482624835296,-1.0699460086912775,0.004432003878200554,0.3741001827225822,-0.9273777065621936
385.0,17.473293100721104,4.415905048859316,10.892099603763944,0.028722813232690214,-0.0538658930630147,-0.011110371563304966,0.537650326606952,0.5069865214143154,-1.0680517535938354,0.0044320038782296005,0.391780804657346,-0.9200479109501123
386.0,17.502015913953795,4.362039155796301,10.880989232200639,0.028722813232690214,-0.053752097926889064,-0.011648466002382563,0.5340649339433194,0.5164042588502616,-1.066060109310434,0.004432003878241578,0.40910648771145136,-0.9124758840944912
387.0,17.530738727186485,4.308287057869412,10.869340766198256,0.028722813232690214,-0.05363292762576943,-0.012185395604570104,0.5304563844751481,0.5258170314211036,-1.0639709658974656,0.004432003878228322,0.42607143388333407,-0.9046786670250511
388.0,17.559461540419175,4.254654130243643,10.857155370593686,0.028722813232690214,-0.053508394076575705,-0.012721106677345162,0.5268250390543007,0.5352238294002739,-1.0617842238299064,0.0044320038781832695,0.44267107935308186,-0.8966731137075546
389.0,17.588184353651865,4.201145736167067,10.844434263916341,0.028722813232690214,-0.05337850973257119,-0.013255545650057599,0.5231712608123794,0.5446236405781165,-1.0594997940429018,0.004432003878220417,0.45890204075688057,-0.8884758152762482
390.0,17.616907166884555,4.147767226434496,10.831178718266283,0.028722813232690214,-0.053243287582067644,-0.013788659079247978,0.5194954151240393,0.5540154503695829,-1.0571175979705745,0.0044320038782165805,0.4747620563786297,-0.8801030321301924
391.0,17.645629980117246,4.094523938852428,10.817390059187035,0.028722813232690214,-0.05310274114718183,-0.014320393654022823,0.5157978695709202,0.5633982419236949,-1.0546375675855548,0.004432003878234149,0.4902499233710484,-0.871570633957056
392.0,17.674352793349936,4.0414211977052465,10.803069665533013,0.028722813232690214,-0.05295688448242908,-0.014850696201369473,0.5120789939043702,0.5727709962327117,-1.0520596454354532,0.004432003878250081,0.5053654320671004,-0.8628940476172356
393.0,17.703075606582626,3.9884643132228175,10.788218969331643,0.028722813232690214,-0.052805732173361264,-0.015379513691467395,0.5083391600089628,0.5821326922419985,-1.049383784679916,0.004432003878191385,0.520109298365713,-0.8540882127129197
394.0,17.731798419815316,3.935658581049456,10.772839455640176,0.028722813232690214,-0.052649299335078226,-0.015906793243010142,0.5045787418649084,0.591482306960845,-1.0466099491252419,0.004432003878208931,0.5344830950985001,-0.8451675445706319
395.0,17.760521233048006,3.883009281714378,10.756932662397166,0.028722813232690214,-0.052487601610739176,-0.016432482128490022,0.5007981155109179,0.6008188155733878,-1.0437381132587824,0.004432003878248733,0.5484891831951855,-0.8361459042891386
396.0,17.789244046280697,3.830521680103639,10.740500180268675,0.028722813232690214,-0.05232065516997464,-0.01695652777944545,0.4969976590064424,0.610141191549626,-1.0407682622813643,0.004432003878214781,0.562130643372493,-0.8270365754446718
397.0,17.817966859513387,3.778201024933664,10.72354365248923,0.028722813232690214,-0.05214847670729883,-0.017478877791759828,0.4931777523940196,0.6194484067581099,-1.0377003921394847,0.004432003878241485,0.5754112089795044,-0.817852246999645
398.0,17.846689672746077,3.7260525482263653,10.70606477469747,0.028722813232690214,-0.05197108344040258,-0.017999479930852047,0.4893387776610564,0.6287394315774566,-1.0345345095551528,0.004432003878196208,0.5883352005423371,-0.808605001928897
399.0,17.875412485978767,3.6740814647859628,10.688065294766618,0.028722813232690214,-0.05178849310847777,-0.018518282136959385,0.485481118701902,0.638013235010261,-1.031270632056045,0.00443200387824987,0.6009074624577566,-0.799306311062413
400.0,17.904135299211458,3.622292971677485,10.669547012629659,0.028722813232690214,-0.05160072397039439,-0.01903523253027828,0.48160516127917546,0.6472687847952231,-1.0279087880027837,0.004432003878204188,0.6131333022076949,-0.7899670316320238
401.0,17.932858112444148,3.5706922477070906,10.65051178009938,0.028722813232690214,-0.05140779480291746,-0.01955027941621168,0.4777112929854296,0.656505047521923,-1.024449016616668,0.004432003878233471,0.6250184323803661,-0.7805974100177461
402.0,17.961580925676838,3.519284452904173,10.630961500683169,0.028722813232690214,-0.05120972489879749,-0.020063371290490295,0.473799903204226,0.6657209887440856,-1.0208913680048763,0.004432003878205681,0.6365689157197489,-0.7712070881942196
403.0,17.990303738909528,3.4680747280053756,10.610898129392679,0.028722813232690214,-0.051006534064864884,-0.020574456844364875,0.4698713830712997,0.674915573094858,-1.0172359031854663,0.004432003878239338,0.6477911133517504,-0.7618051134011393
404.0,18.01902655214222,3.4170681939405108,10.590323672548314,0.02872281323268666,-0.05079824262002752,-0.021083484969695476,0.46592612543536094,0.6840877644009397,-1.0134826941103456,0.004432003878205315,0.6586916362840974,-0.7523999505788141
405.0,18.047749365374905,3.3662699513204832,10.569240187578618,0.028722813232693767,-0.0505848713932644,-0.021590404764101123,0.46196452481894584,0.6932365257987954,-1.009631823687966,0.004432003878221536,0.6692773002199438,-0.7429994971410995
406.0,18.0764721786076,3.315685079927219,10.547649782814517,0.028722813232690214,-0.050366441721510835,-0.022095165536020644,0.45798697737872807,0.7023608198492135,-1.0056833858035188,0.0044320038782290835,0.6795550836857298,-0.7336110996832749
407.0,18.10519499184029,3.265318638205708,10.525554617278496,0.028722813232690214,-0.050142975447562854,-0.022597716809801938,0.4539938808662368,0.7114596086544216,-1.0016374853395904,0.004432003878228746,0.6895320894328105,-0.7242415722561399
408.0,18.13391780507298,3.215175662758145,10.502956900468694,0.028722813232690214,-0.049914494917849606,-0.023098008330730835,0.44998563458768737,0.720531853973521,-0.997494238193711,0.004432003878225725,0.699215509041823,-0.7148972158688321
409.0,18.16264061830567,3.1652611678402955,10.479858892137964,0.02872281323268666,-0.04968102298024313,-0.023595990070075956,0.4459626393644548,0.7295765173396881,-0.9932537712964937,0.004432003878221084,0.7086125906346862,-0.7055838389132946
410.0,18.191363431538356,3.1155801448600524,10.456262902067888,0.028722813232690214,-0.049442582981740646,-0.024091612230080273,0.44192529749268206,0.7385925601770877,-0.9889162226271306,0.004432003878224154,0.7177306095765317,-0.6963067782368083
411.0,18.220086244771046,3.0661375618783118,10.432171289837807,0.028722813232690214,-0.049199198766138874,-0.024584825248929576,0.4378740127031804,0.747578943917566,-0.9844817412282505,0.004432003878194493,0.7265768420350128,-0.6870709206188627
412.0,18.248809058003737,3.016938363112173,10.407586464588878,0.028722813232693767,-0.04895089467166347,-0.025075579805752923,0.4338091901210636,0.7565346301194175,-0.979950487219859,0.004432003878260952,0.7351585412539763,-0.6778807244367911
413.0,18.27753187123643,2.9679874684405094,10.382510884783125,0.02872281323268666,-0.048697695528508333,-0.025563826825480973,0.4297312362251814,0.7654585805834593,-0.9753226318110502,0.004432003878187781,0.7434829163892541,-0.6687402413336233
414.0,18.306254684469117,2.919289772912001,10.356947057957644,0.028722813232693767,-0.0484396266563869,-0.026049517483837548,0.4256405588075737,0.7743497574732758,-0.9705983573118823,0.004432003878237285,0.7515571137498901,-0.6596531377273651
415.0,18.33497749770181,2.870850146255614,10.330897540473806,0.02872281323268666,-0.04817671386196043,-0.02653260321214823,0.42153756693249944,0.7832071234312397,-0.9657778571421946,0.004432003878211684,0.75938820028804,-0.6506227160228232
416.0,18.363700310934497,2.8226734323936538,10.304364937261658,0.028722813232690214,-0.0479089834363009,-0.027013035702251997,0.4174226708958206,0.7920296416991779,-0.9608613358412741,0.004432003878220451,0.7669831491787643,-0.6416519354115976
417.0,18.392423124167188,2.774764448957353,10.277351901559406,0.028722813232690214,-0.04763646215221584,-0.02749076691129204,0.41329628218361186,0.8008162762354624,-0.9558490090740404,0.004432003878220289,0.7743488273341115,-0.6327434321649732
418.0,18.421145937399878,2.727127986805137,10.249861134648114,0.028722813232690214,-0.04735917726161798,-0.02796574906655458,0.4091588134313982,0.8095659918352143,-0.950741103638101,0.004432003878234293,0.7814919847011306,-0.6238995393406788
419.0,18.449868750632568,2.679768809543519,10.22189538558156,0.028722813232690214,-0.04707715649275457,-0.028437934670213494,0.4050106783825145,0.8182777542486595,-0.9455378574676188,0.004432003878225756,0.7884192451957551,-0.6151223058437882
420.0,18.47859156386526,2.6326916530507645,10.193457450911346,0.028722813232693767,-0.04679042804747802,-0.02890727650410163,0.4008522918471172,0.8269505303009501,-0.9402395196376205,0.004432003878196982,0.795137099132515,-0.6064135147939503
421.0,18.507314377097952,2.5859012250032865,10.164550174407244,0.02872281323268666,-0.046499020598382845,-0.02937372763443058,0.3966840696602715,0.8355832880114284,-0.9348463503653697,0.004432003878241706,0.8016518970161118,-0.5977747011643204
422.0,18.53603719033064,2.5394022044049036,10.135176446772814,0.028722813232690214,-0.046202963285983056,-0.029837241416473148,0.39250642864085133,0.8441749967136363,-0.9293586210122669,0.0044320038782092504,0.8079698445675683,-0.589207168669122
423.0,18.56476000356333,2.4931992411189206,10.10533920535634,0.028722813232690214,-0.045902285715751834,-0.030297771499238735,0.38831978654935884,0.8527246271746005,-0.9237766140824697,0.004432003878244188,0.8140969988645871,-0.5807120058869935
424.0,18.59348281679602,2.4472969554031687,10.075041433857102,0.028722813232690214,-0.04559701795520388,-0.030755271830106068,0.38412456204658985,0.8612311517152608,-0.9181006232221994,0.004432003878227294,0.8200392654856575,-0.5722901016122562
425.0,18.62220563002871,2.401699937447965,10.044286162026996,0.028722813232690214,-0.04528719053085517,-0.031209696659411534,0.37992117465146996,0.8696935443299779,-0.9123309532161556,0.004432003878190081,0.8258023965509885,-0.5639421594385965
426.0,18.6509284432614,2.3564127469171097,10.013076465367584,0.028722813232690214,-0.04497283442519695,-0.03166100054506593,0.37571004469926983,0.8781107808074838,-0.9064679199838219,0.004432003878238703,0.8313919895645051,-0.555668711580558
427.0,18.67965125649409,2.3114399124919127,9.981415464822518,0.028722813232690214,-0.044653981073567994,-0.03210913835704865,0.3714915932993964,0.8864818388501694,-0.9005118505734288,0.004432003878235465,0.8368134869665625,-0.5474701319455573
428.0,18.70837406972678,2.2667859314183447,9.94930632646547,0.028722813232690214,-0.04433066236104821,-0.032554065281951594,0.3672662422935794,0.8948056981949468,-0.8944630831558661,0.00443200387819891,0.8420721763135618,-0.5393466484740265
429.0,18.73709688295947,2.2224552690572965,9.916752261183518,0.028722813232690214,-0.044002910619229674,-0.032995736827453825,0.36303441421329946,0.9030813407334686,-0.8883219670158535,0.0044320038782297315,0.8471731910092822,-0.531298354765732
430.0,18.76581969619216,2.178452358438067,9.883756524356064,0.028722813232690214,-0.04367075862302272,-0.03343410882677311,0.3587965322379208,0.9113077506325538,-0.8820888625433034,0.004432003878226341,0.8521215115172961,-0.523325221015672
431.0,18.79454250942485,2.134781599815044,9.850322415529291,0.028722813232690214,-0.04333423958734217,-0.03386913744306774,0.3545530201520456,0.9194839144543194,-0.8757641412219748,0.004432003878221657,0.8569219669910028,-0.5154271042833255
432.0,18.82326532265754,2.091447360227702,9.816453278086223,0.028722813232690214,-0.04299338716381751,-0.03430077917384544,0.35030430230339415,0.927608821277079,-0.8693481856180992,0.004432003878229637,0.8615792372631362,-0.5076037581211311
433.0,18.85198813589023,2.0484539730638844,9.782152498912378,0.028722813232690214,-0.042648235437400484,-0.03472899085528702,0.34605080356015855,0.9356814628152653,-0.8628413893666035,0.00443200387822648,0.8660978551424343,-0.4998548415883338
434.0,18.88071094912292,2.005805737626484,9.747423508057091,0.028722813232690214,-0.042298818922982484,-0.03515372966658603,0.341792949268721,0.9437008335402761,-0.8562441571570271,0.004432003878217668,0.8704822089694102,-0.4921799276782418
435.0,18.90943376235561,1.9635069187035015,9.712269778390505,0.028722813232690214,-0.04194517256192176,-0.035574953134211995,0.3375311652109493,0.9516659308004989,-0.8495569047172513,0.004432003878208075,0.874736545388882,-0.4845785111854918
436.0,18.9381565755883,1.9215617461415797,9.676694825256293,0.028722813232690214,-0.041587331718556886,-0.03599261913616836,0.3332658775616718,0.9595757549418484,-0.8427800587964667,0.004432003878220713,0.8788649723002471,-0.47705001604161945
437.0,18.966879388820992,1.8799744144230228,9.640702206120125,0.028722813232690214,-0.04122533217667845,-0.03640668590620777,0.32899751284613304,0.9674293094281048,-0.8359140571468501,0.00443200387823284,0.8828714619513406,-0.46959380214556257
438.0,18.995602202053682,1.8387490822463444,9.604295520213917,0.028722813232690214,-0.04085921013593352,-0.03681711203799409,0.3247264978972029,0.9752256009608453,-0.8289593485034552,0.00443200387823456,0.8867598541448652,-0.4622091717162269
439.0,19.024325015286372,1.7978898721104108,9.567478408175923,0.028722813232690214,-0.04048900220822804,-0.03722385648925908,0.32045325981287875,0.9829636395998748,-0.8219163925635505,0.004432003878217239,0.8905338595299191,-0.45489537519342804
440.0,19.053047828519063,1.7574008699021828,9.530254551686664,0.028722813232690214,-0.04011474541403848,-0.03762687858589331,0.3161782259133392,0.9906424388829969,-0.8147856599637084,0.004432003878222295,0.8941970629544993,-0.4476516167123387
441.0,19.081770641751753,1.7172861244881443,9.49262767310077,0.028722813232690214,-0.03973647717874007,-0.038026138026024725,0.31190182369848196,0.9982610159461387,-0.8075676322566842,0.004432003878202356,0.8977529268572264,-0.44047705917664626
442.0,19.110493454984443,1.6775496473094043,9.454601535074746,0.028722813232690214,-0.039354235328834086,-0.03842159488404029,0.30762448080490096,1.0058183916429737,-0.8002628018858347,0.004432003878221667,0.9012047946795926,-0.4333708289538383
443.0,19.139216268217133,1.6381954119805702,9.416179940190705,0.028722813232690214,-0.038968058088193924,-0.03881320961458812,0.3033466249633794,1.0133135906647484,-0.7928716721593593,0.004432003878223033,0.9045558942819798,-0.42633202021587724
444.0,19.167939081449823,1.5992273538923762,9.377366730576117,0.028722813232690214,-0.0385779840742142,-0.039200943056517445,0.29906868395587144,1.0207456416594904,-0.7853947572221394,0.004432003878232339,0.9078093413491385,-0.4193596989469383
445.0,19.196661894682514,1.560649369818162,9.3381657875196,0.028722813232690214,-0.0381840522939787,-0.03958475643680792,0.29479108557298145,1.028113577351582,-0.7778325820273881,0.004432003878210589,0.9109681427724383,-0.41245290663948264
446.0,19.225384707915204,1.5224653175241833,9.298581031082792,0.02872281323268666,-0.03778630214033085,-0.03996461137444385,0.2905142575709203,1.0354164346608008,-0.7701856823058704,0.004432003878234272,0.9140351999982591,-0.4056106636982883
447.0,19.25410752114789,1.4846790153838525,9.258616419708348,0.028722813232693767,-0.037384773387960424,-0.040340469884244,0.2862386276289847,1.042653254821297,-0.7624546045349083,0.004432003878202063,0.9170133123331324,-0.39883197257170916
448.0,19.282830334380584,1.447294241995892,9.218275949824104,0.028722813232690214,-0.03697950618940249,-0.04071229438067192,0.28196462330655236,1.0498230835000504,-0.7546399059050208,0.004432003878228996,0.9199051801977085,-0.39211582062835043
449.0,19.311553147613274,1.4103147358064896,9.177563655443432,0.028722813232690214,-0.03657054107104374,-0.0410800476815929,0.27769267200052866,1.0569249709159962,-0.7467421542863159,0.004432003878232856,0.9227134083234003,-0.38546118279515146
450.0,19.340275960845965,1.3737441947354458,9.13648360776184,0.028722813232690214,-0.03615791892905085,-0.04144369301197415,0.27342320090245714,1.0639579719574423,-0.738761928192618,0.004432003878214101,0.9254405088853302,-0.37886702397501476
451.0,19.368998774078655,1.337586275806395,9.095039914749865,0.028722813232690214,-0.03574168102529862,-0.041803194007592026,0.2691566369559216,1.0709211463008452,-0.7306998167451161,0.004432003878217746,0.9280889045680548,-0.3723323012569435
452.0,19.397721587311345,1.3018445947810964,9.053236720742273,0.028722813232690214,-0.03532186898323042,-0.04215851471864873,0.26489340681375706,1.0778135585281288,-0.7225564196340765,0.004432003878230571,0.9306609315598379,-0.36585596593440733
453.0,19.426444400544035,1.266522725797866,9.011078206023624,0.028722813232690214,-0.034898524783693485,-0.04250961961336053,0.2606339367953719,1.0846342782440062,-0.7143323470794793,0.004432003878228172,0.9331588424727656,-0.35943696534512354
454.0,19.455167213776726,1.2316242010141725,8.968568586410264,0.028722813232690214,-0.03447169076076295,-0.042856473581535326,0.2563786528442841,1.091382380193609,-0.7060282197908367,0.004432003878213425,0.9355848091866242,-0.35307424454475766
455.0,19.483890027009416,1.1971525102534095,8.925712112828728,0.02872281323268666,-0.03404140959748214,-0.04319904193807034,0.25212798048530727,1.098056944379039,-0.6976446689247756,0.004432003878235519,0.9379409256150366,-0.34676674782630423
456.0,19.512612840242102,1.1631111006559274,8.882513070890658,0.028722813232693767,-0.03360772432161285,-0.04353729042640886,0.24788234478217885,1.1046570561758486,-0.6891823360422329,0.004432003878201674,0.9402292103927139,-0.34051342009664975
457.0,19.541335653474796,1.1295033763343145,8.83897578046425,0.028722813232690214,-0.03317067830131171,-0.04387118522198108,0.2436421702948495,1.1111818064490424,-0.6806418730635088,0.004432003878232886,0.9424516094832954,-0.334313208120722
458.0,19.570058466707486,1.0963326980330028,8.795104595242268,0.02872281323268666,-0.032730315240825814,-0.04420069293559692,0.23940788103730393,1.117630291669704,-0.6720239422232177,0.004432003878230141,0.944609998707982,-0.3281650616420486
459.0,19.598781279940173,1.063602382792177,8.750903902306671,0.028722813232690214,-0.032286679176090516,-0.0445257806167465,0.23517990043492076,1.124001614029389,-0.663329216022581,0.0044320038782042675,0.9467061861945357,-0.32206793439058895
460.0,19.627504093172863,1.0313157036160865,8.706378121689925,0.028722813232690214,-0.0318398144703429,-0.044846415756945035,0.23095865128222637,1.1302948815560505,-0.6545583771814252,0.004432003878235498,0.9487419147477574,-0.3160207849847572
461.0,19.656226906405553,0.9994758891457436,8.66153170593298,0.028722813232693767,-0.03138976580968533,-0.04516256629294091,0.22674455570065982,1.136509208228198,-0.6457121185886197,0.004432003878207338,0.9507188641420881,-0.31002257773588254
462.0,19.684949719638247,0.9680861233360583,8.616369139640039,0.028722813232690214,-0.030936578198598075,-0.045474200609934456,0.22253803509618358,1.1426437140890993,-0.6367911432508006,0.004432003878222851,0.952638653336956,-0.304072283363634
463.0,19.713672532870937,0.9371495451374602,8.570894939030104,0.02872281323268666,-0.030480296955474273,-0.045781287544766514,0.21833951011742395,1.148697525361471,-0.6277961642409634,0.004432003878224838,0.9545028426166334,-0.29816887962761957
464.0,19.742395346103624,0.9066692481819859,8.525113651485338,0.028722813232690214,-0.030020967708055846,-0.04608379638899507,0.21414940061336551,1.1546697745599543,-0.6187279046444037,0.004432003878224505,0.9563129356554916,-0.29231135188288376
465.0,19.771118159336314,0.8766482804739301,8.479029855096343,0.028722813232693767,-0.029558636388885895,-0.04638169689199323,0.20996812559147174,1.1605596006044867,-0.6095870975043359,0.004432003878234511,0.958070381510324,-0.2864986935647097
466.0,19.799840972569008,0.8470896440850442,8.43264815820435,0.02872281323268666,-0.029093349230703724,-0.04667495926394416,0.2057961031757113,1.1663661489322936,-0.6003744857657444,0.004432003878222158,0.9597765765413525,-0.2807299066080858
467.0,19.828563785801695,0.8179962948543404,8.385973198940405,0.028722813232690214,-0.02862515276184685,-0.04696355417886977,0.20163375056491606,1.172088571611184,-0.5910908222187317,0.004432003878217556,0.9614328662633529,-0.2750040018077136
468.0,19.857286599034385,0.7893711420924936,8.339009644761536,0.028722813232690214,-0.028154093801566527,-0.04724745277751019,0.19748148399083987,1.177726027449451,-0.5817368694394021,0.004432003878218977,0.9630405471288103,-0.26931999912272625
469.0,19.886009412267075,0.7612170482909271,8.291762191984025,0.028722813232693767,-0.02768021945537047,-0.04752662667025298,0.19333971867670668,1.1832776821082227,-0.572313399730718,0.004432003878229119,0.9646008682448785,-0.26367692793046915
470.0,19.91473222549977,0.7335368288355566,8.244235565313772,0.02872281323268666,-0.027203577110291643,-0.04780104793992557,0.1892088687955526,1.1887427082106754,-0.5628211950611338,0.004432003878219403,0.9661150330257342,-0.25807382723420036
471.0,19.943455038732456,0.706333251725265,8.196434517373847,0.028722813232690214,-0.026724214430172477,-0.048070689144640966,0.18508934742895727,1.1941202854535358,-0.5532610470029334,0.00443200387822238,0.9675842007823501,-0.2525097458277688
472.0,19.972177851965146,0.6796090372950925,8.148363828229206,0.028722813232690214,-0.026242179350881578,-0.048335523320501395,0.1809815665256264,1.1994096007150987,-0.5436337566684495,0.004432003878218184,0.969009488251359,-0.24698374242136398
473.0,20.000900665197836,0.6533668579442109,8.100028304908705,0.028722813232693767,-0.025757520075525786,-0.048595523984314326,0.17688593686022908,1.2046098481649357,-0.5339401346455939,0.004432003878224996,0.9703919710650074,-0.24149488573092653
474.0,20.02962347843053,0.6276093378686851,8.05143278092439,0.02872281323268666,-0.025270285069621812,-0.04885066513621439,0.17280286799227287,1.2097202293712896,-0.5241810009318218,0.0044320038782196675,0.9717326851637342,-0.2360422545352889
475.0,20.058346291663216,0.6023390527990633,8.002582115788176,0.028722813232690214,-0.02478052305627254,-0.04910092126231547,0.1687327682252987,1.2147399534102636,-0.5143571848675622,0.004432003878219975,0.9730326281534444,-0.2306249377028084
476.0,20.087069104895907,0.5775585297427908,7.95348119452586,0.028722813232690214,-0.024288283011268064,-0.04934626733720826,0.16467604456586976,1.2196682369712502,-0.5044695250673602,0.004432003878220716,0.9742927606090382,-0.22524203419087424
477.0,20.115791918128597,0.5532702467315227,7.904134927188652,0.028722813232690214,-0.023793614158203802,-0.049586678826490704,0.16063310268297978,1.2245043044643833,-0.4945188693507402,0.004432003878218956,0.9755140073261179,-0.2198926530199729
478.0,20.144514731361287,0.5294766325733189,7.854548248362161,0.028722813232690214,-0.023296565963548677,-0.04982213168920513,0.15660434686742003,1.2292473881258752,-0.48450607467131346,0.0044320038782224005,0.9766972585223744,-0.21457591322537012
479.0,20.173237544593977,0.5061800666097702,7.804726116672956,0.028722813232690214,-0.02279718813171211,-0.05005260238027631,0.15259017999143965,1.2338967281239208,-0.4744320070451701,0.004432003878234886,0.9778433709905057,-0.2092909437877032
480.0,20.201960357826668,0.4833828784780581,7.75467351429268,0.028722813232690214,-0.022295530600060065,-0.05027806785281452,0.14859100346837917,1.2384515726621965,-0.46429754147753033,0.004432003878212143,0.9789531692042309,-0.20403688354465715
481.0,20.230683171059358,0.46108734787799804,7.704395446439865,0.028722813232693767,-0.021791643533930094,-0.050498505560475415,0.1446072172125698,1.2429111780848658,-0.45410356188866186,0.00443200387822629,0.9800274463789371,-0.19881288108571546
482.0,20.25940598429205,0.43929570434406795,7.65389694087939,0.02872281323268666,-0.021285577321601468,-0.050713893459648496,0.1406392195992709,1.2472748089782626,-0.4438509610381602,0.004432003878217496,0.9810669654886323,-0.19361809463103014
483.0,20.288128797524738,0.4180101270224665,7.6031830474197415,0.028722813232690214,-0.020777382569281688,-0.050924210011745075,0.13668740742498864,1.2515417382754765,-0.43354064044887175,0.00443200387822211,0.9820724602405833,-0.18845169189644162
484.0,20.31685161075743,0.3972327444531848,7.552258837407996,0.028722813232690214,-0.020267110096018726,-0.051129434185274825,0.13275217586762303,1.2557112473560208,-0.423173510328534,0.00443200387822145,0.9830446360091767,-0.18331284994568414
485.0,20.34557442399012,0.37696563435716607,7.501129403222722,0.028722813232690214,-0.019754810928637734,-0.0513295454580005,0.1288339184470699,1.2597826261483405,-0.41275048949123583,0.004432003878225113,0.9839841707304156,-0.1782007550309473
486.0,20.37429723722281,0.35721082342852833,7.449799857764721,0.028722813232690214,-0.01924053629662159,-0.05152452381894346,0.12493302698576086,1.2637551732290186,-0.40227250527697556,0.004432003878225194,0.9848917157583534,-0.1731146024233376
487.0,20.4030200504555,0.33797028713190674,7.398275333945778,0.028722813232690214,-0.0187243376270122,-0.05171434977044953,0.1210498915696385,1.267628195923694,-0.3917404934709167,0.004432003878223024,0.9857678966848458,-0.16805359623393523
488.0,20.43174286368819,0.31924594950489454,7.346560984175328,0.028722813232690214,-0.018206266539242788,-0.05189900433006933,0.11718490050898621,1.2714010104044533,-0.3811553982205009,0.004432003878214761,0.9866133141239066,-0.16301694922634602
489.0,20.46046567692088,0.30103968296565176,7.294661979845259,0.028722813232690214,-0.017686374839992802,-0.0520784690325069,0.11333844029970488,1.275072941788896,-0.3705181719522805,0.004432003878217834,0.9874285444618057,-0.1580038826221156
490.0,20.48918849015357,0.28335330812565895,7.242583510812752,0.028722813232690214,-0.017164714517997615,-0.05225272593144581,0.1095108955845992,1.278643324236965,-0.3598297752870868,0.004432003878232709,0.9882141405742001,-0.15301362589919376
491.0,20.51791130338626,0.26618859360766134,7.190330784881306,0.028722813232690214,-0.016641337738851514,-0.052421757601324614,0.10570264911493277,1.2821115010470014,-0.34909117695431513,0.004432003878222969,0.9889706325113508,-0.14804541658464934
492.0,20.54663411661895,0.24954725586880983,7.1379090272799814,0.028722813232690214,-0.016116296839800925,-0.05258554713913188,0.10191408171220856,1.2854768247524575,-0.33830335370526204,0.004432003878218913,0.9896985281525448,-0.14309850004213945
493.0,20.57535692985164,0.2334309590290089,7.08532348014085,0.028722813232690214,-0.015589644324497332,-0.05274407816604931,0.09814557223000359,1.2887386572157395,-0.32746729022488646,0.004432003878221064,0.9903983138307945,-0.13817212925457353
494.0,20.60407974308433,0.21784131470451157,7.0325794019748,0.028722813232690214,-0.015061432857753243,-0.05289733482910641,0.09439749751612461,1.291896369722527,-0.3165839790428797,0.004432003878221365,0.9910704549287529,-0.13326556460293165
495.0,20.63280255631702,0.20277988184675833,6.979682067145694,0.028722813232690214,-0.014531715260271916,-0.05304530180274991,0.09067023237490004,1.294949343074569,-0.3056544204434409,0.004432003878219632,0.9917153964468624,-0.1283780736413586
496.0,20.66152536954971,0.1882481665864864,6.926636765342944,0.028722813232690214,-0.014000544503375845,-0.05318796429042649,0.08696414952976289,1.297896967682982,-0.2946796223742698,0.004432003878227416,0.9923335635446213,-0.12350893086921422
497.0,20.6902481827824,0.17424762208311056,6.873448801052517,0.02872281323268666,-0.013467973703696179,-0.05332530802599322,0.0832796195858986,1.3007386436581836,-0.283660600353994,0.004432003878220136,0.9929253620558716,-0.11865741750029654
498.0,20.718970996015088,0.16077964837941439,6.820123493026524,0.028722813232693767,-0.012934056117870685,-0.0534573192752017,0.07961701099324028,1.30347378090173,-0.2725983773790143,0.004432003878224059,0.9934911789788966,-0.11382282122995024
499.0,20.74769380924778,0.1478455922615437,6.7666661737513225,0.028722813232690214,-0.012398845137209347,-0.05358398483701965,0.07597669000957281,1.3061017991944812,-0.26149398382890515,0.004432003878222348,0.9940313829421783,-0.10900443600002693
500.0,20.776416622480472,0.13544674712433435,6.713082188914303,0.028722813232690214,-0.011862394282367905,-0.05370529204501473,0.07235902066398321,1.308622128287097,-0.2503484573712335,0.004432003878222503,0.9945463246465485,-0.10420156176212284
501.0,20.805139435713162,0.12358435284196645,6.659376896869288,0.02872281323268666,-0.011324757197984148,-0.05382122876855622,0.06876436472038835,1.3110342079860737,-0.23916284286481873,0.0044320038782152,0.9950363372844383,-0.09941350423957993
502.0,20.83386224894585,0.1122595956439823,6.605555668100732,0.028722813232693767,-0.010785987647317863,-0.053931783414078005,0.06519308164138175,1.3133374882419027,-0.2279381922623117,0.004432003878228004,0.9955017369369437,-0.0946395746881378
503.0,20.862585062178542,0.10147360799666444,6.551623884686654,0.028722813232690214,-0.010246139506873697,-0.05403694492619149,0.06164552855228755,1.3155314292336142,-0.21667556451163603,0.004432003878222822,0.9959428229493307,-0.0898790896557217
504.0,20.891307875411233,0.09122746848979074,6.497586939760462,0.028722813232690214,-0.009705266761017906,-0.05413670278884819,0.05812206020547046,1.3176155014553683,-0.20537602545654363,0.004432003878223965,0.9963598782856136,-0.08513137074134682
505.0,20.920030688643923,0.08152220172877284,6.443450236971614,0.02872281323268666,-0.00916342349657373,-0.05423104702633896,0.05462302894482549,1.319589185798949,-0.19404064773593618,0.004432003878219672,0.9967531698627585,-0.0803957443535813
506.0,20.94875350187661,0.0723587782321991,6.389219189945275,0.028722813232693767,-0.008620663897417391,-0.054319968204324276,0.05114878467057082,1.3214519736377055,-0.1826705106824332,0.004432003878218082,0.9971229488650943,-0.07567154146838716
507.0,20.977476315109303,0.06373811433478171,6.334899221740951,0.028722813232690214,-0.008077042239053311,-0.05440345743074815,0.047699674804219154,1.3232033669075565,-0.17126670021972004,0.004432003878225985,0.9974694510394175,-0.07095809738674193
508.0,21.006199128341994,0.0556610720957284,6.280495764310203,0.02872281323268666,-0.0075326128831966765,-0.054481506356767184,0.044276044253897286,1.3248428781892432,-0.15983030875928042,0.0044320038782235975,0.9977928969712956,-0.06625475149189713
509.0,21.03492194157468,0.04812845921253173,6.226014257953436,0.028722813232690214,-0.00698743027232912,-0.054554107177551714,0.04087823537980568,1.3263700307873623,-0.14836243509577765,0.00443200387822188,0.998093492342999,-0.061560847006676536
510.0,21.06364475480737,0.041141028940202606,6.171460150775884,0.028722813232693767,-0.0064415489242574675,-0.054621252633086925,0.037506587960000275,1.3277843588096774,-0.13686418430172118,0.004432003878224126,0.9983714281735087,-0.05687573075057805
511.0,21.092367568040064,0.03469948001594514,6.116838898142797,0.028722813232690214,-0.0058950234266608725,-0.054682936008865646,0.03416143915640943,1.329085407244418,-0.12533666762110765,0.004432003878218832,0.9986268810409784,-0.05219875289689385
512.0,21.121090381272754,0.028804456589284266,6.062155962133931,0.028722813232690214,-0.005347908431633686,-0.054739151136617537,0.0308431234811255,1.3302727320384606,-0.11378100236218884,0.00443200387822593,0.9988600132880155,-0.04752926672996764
513.0,21.149813194505445,0.02345654815765058,6.007416810997314,0.02872281323268666,-0.00480025865022099,-0.05478989239487131,0.027551972762960057,1.331345900171761,-0.1021983117892985,0.004432003878217392,0.999070973210126,-0.04286662840247018
514.0,21.17853600773813,0.01865628950742959,5.9526269186024425,0.028722813232690214,-0.004252128846942538,-0.0548351547095427,0.024288316114230196,1.3323044897328433,-0.09058972501365145,0.004432003878225115,0.9992598952276226,-0.03821019669282266
515.0,21.20725882097082,0.014404160660487053,5.8977917638929,0.028722813232693767,-0.0037035738343240143,-0.05487493355444517,0.021052479897893637,1.3331480899923103,-0.07895637688350957,0.004432003878219561,0.9994269000412885,-0.033559332762790765
516.0,21.235981634203515,0.010700586826163039,5.842916830338455,0.02872281323268666,-0.0031546484674069286,-0.0549092249517118,0.017844787694860247,1.333876301474834,-0.06729940787310983,0.0044320038782270435,0.9995720947720421,-0.028913399915184042
517.0,21.264704447436202,0.00754593835875611,5.788007605386743,0.028722813232690214,-0.00260540763827255,-0.0549380254722438,0.014665560271688907,1.3344887360319002,-0.055619963971102485,0.004432003878221217,0.9996955730848358,-0.02427176335179066
518.0,21.293427260668892,0.00494053072048356,5.733069579914499,0.028722813232690214,-0.002055906270545693,-0.05496133223601252,0.011515115548470258,1.3349850169108908,-0.04391919656777259,0.004432003878221623,0.9997974152969947,-0.01963378993144155
519.0,21.322150073901582,0.002884624449937867,5.6781082476784865,0.028722813232690214,-0.0015061993139046104,-0.054979142912363166,0.008393768567047816,1.335364778824957,-0.032198262341603716,0.004432003878221756,0.9998776884711699,-0.014998847928211514
520.0,21.350872887134273,0.0013784251360332567,5.623129104766123,0.028722813232690214,-0.0009563417385878292,-0.054991455720225346,0.005301831459524039,1.3356276680205061,-0.020458323144987266,0.004432003878215932,0.9999364464930572,-0.010366306789821585
521.0,21.379595700366963,0.00042208339744542744,5.568137649045898,0.028722813232690214,-0.0004063885298942749,-0.05499826942835018,0.0022396134170307893,1.3357733423454352,-0.008700545888999534,0.004432003878221599,0.9999737301340152,-0.005735536896146821
522.0,21.408318513599653,1.569486755115257e-05,5.513139379617548,0.028722813232690214,0.00014360531731416604,-0.054999583355361814,-0.0007925793411833334,1.335801471313404,0.00307389757255883,0.004432003878227071,0.9999895670986794,-0.001105909317831505
523.0,21.437041326832343,0.0001593001848653186,5.458139796262186,0.028722813232690214,0.0006935848041106918,-0.054995397369875576,-0.0037944435983670423,1.3357117361695419,0.014863830559925996,0.00443200387822475,0.9999839720576542,0.003523204424969716
524.0,21.465764140065033,0.0008528849889760104,5.4031443988923105,0.028722813232690214,0.0012434949330040745,-0.054985711890473965,-0.006765679170591479,1.3355038299531237,0.02666807168498411,0.004432003878220145,0.9999569466653373,0.00815243260379661
525.0,21.494486953297724,0.002096379921980085,5.3481586870018365,0.028722813232690214,0.0017932807134409812,-0.054970527885707554,-0.009705988936782478,1.335177457560773,0.0384854349696938,0.004432003878226273,0.9999084795629035,0.012782403523034077
526.0,21.523209766530414,0.003889660635421066,5.293188159116129,0.028722813232690214,0.0023428871673009666,-0.05494984687396176,-0.01261507886841067,1.3347323358067844,0.050314729965161197,0.004432003878221915,0.9998385463664592,0.01741374576102339
527.0,21.551932579763104,0.006232547802722033,5.238238312242167,0.028722813232693767,0.002892259334396352,-0.054923670923325396,-0.0154926580589056,1.3341681934834768,0.062154761871599275,0.00443200387821811,0.9997471096403394,0.022047088411184874
528.0,21.580655392995798,0.009124807137118385,5.183314641318842,0.028722813232690214,0.00344134227796844,-0.0548920026513553,-0.01833843875274716,1.3334847714191802,0.07400433165900029,0.004432003878223998,0.9996341188555184,0.02668306132314536
529.0,21.609378206228488,0.012566149415086825,5.1284226386674865,0.02872281323268666,0.003990081090180675,-0.054854845224869386,-0.021152136374238788,1.3326818225370576,0.0858622361885311,0.00443200387822089,0.9994995103330531,0.031322295343906695
530.0,21.638101019461175,0.0165562305052675,5.073567793442617,0.028722813232690214,0.0045384208976087526,-0.05481220235957274,-0.02393346955596115,1.3317591119100274,0.09772726833465167,0.004432003878221354,0.999343207172476,0.035965422559077316
531.0,21.666823832693865,0.021094651402876252,5.018755591083044,0.028722813232690214,0.005086306866729506,-0.054764078319720966,-0.02668216016691712,1.3307164168164416,0.1095982171079958,0.004432003878222704,0.9991651191650216,0.040613076534182786
532.0,21.695546645926555,0.02618095826960576,4.963991512763323,0.028722813232690214,0.005633684209401857,-0.05471047791766459,-0.029397933340332135,1.3295535267933871,0.12147386777886711,0.0044320038782251145,0.9989651426915407,0.045265892556019406
533.0,21.724269459159245,0.031814642479007615,4.909281034845659,0.028722813232690214,0.0061804981883477605,-0.054651406513413825,-0.03208051750115278,1.3282702436901126,0.13335300200152295,0.004432003878217605,0.99874316060494,0.049924507874175385
534.0,21.752992272391936,0.037995140667355376,4.854629628332245,0.028722813232690214,0.006726694122625221,-0.054586870014054156,-0.0347296443931994,1.3268663817182544,0.14523439793907242,0.004432003878222169,0.9984990420969582,0.054589561942559914
535.0,21.781715085624626,0.0447218347899806,4.800042758318191,0.028722813232690214,0.007272217393097025,-0.054516874873185905,-0.03734504910599563,1.3253417675024841,0.1571168303890674,0.0044320038782272655,0.998232642549056,0.05926169666109925
536.0,21.810437898857316,0.05199405218307762,4.745525883445005,0.028722813232690214,0.007817013447888488,-0.054441428090251875,-0.03992647010123832,1.3236962401286327,0.1689990709096391,0.0044320038782233355,0.9979438033671837,0.063941556617457
537.0,21.839160712090006,0.05981106563096611,4.691084455354753,0.028722813232690214,0.008361027807849475,-0.054360537209881876,-0.04247364923898632,1.32192965119209,0.18087988794651186,0.004432003878218958,0.9976323518001505,0.06862978932886397
538.0,21.867883525322696,0.06817209343881558,4.636723918144871,0.028722813232690214,0.00890420607199749,-0.0542742103210907,-0.044986331803448874,1.320041864842901,0.1927580469603876,0.004432003878223712,0.9972981007413098,0.07332704548391364
539.0,21.896606338555387,0.07707629951081307,4.5824497078237805,0.028722813232690214,0.009446493922958321,-0.05418245605649563,-0.047464266528461405,1.3180327578311792,0.20463231055505812,0.00443200387822239,0.9969408485132232,0.07803397918444245
540.0,21.925329151788077,0.0865227934337714,4.528267251767285,0.028722813232690214,0.00998783713239998,-0.05408528359145137,-0.049907205622622186,1.3159022195505932,0.21650143860615184,0.004432003878223488,0.9965603786349669,0.08275124818729156
541.0,21.954051965020767,0.09651063056617137,4.4741819681758335,0.028722813232690214,0.010528181566449524,-0.053982702643110336,-0.05231490479404236,1.313650152080093,0.2283641883902853,0.004432003878220215,0.9961564595716913,0.08747951414598137
542.0,21.982774778253457,0.1070388121326209,4.420199265532723,0.028722813232690214,0.011067473191117227,-0.053874723469493624,-0.0546871232748275,1.311276470225735,0.24021931471515381,0.004432003878224995,0.9957288444660255,0.0922194428522369
543.0,22.011497591486147,0.11810628532373812,4.3663245420632295,0.028722813232690214,0.011605658077688374,-0.05376135686842787,-0.05702362384509896,1.308781101559421,0.2520655700496889,0.004432003878215961,0.9952772708509015,0.09697170447715568
544.0,22.040220404718838,0.1297119434014265,4.312563185194802,0.028722813232690214,0.012142682408123606,-0.05364261417647853,-0.059324172856750367,1.306163986457408,0.2639017046551779,0.004432003878220698,0.9948014603433073,0.10173697381211289
545.0,22.068943217951528,0.1418546258095501,4.258920571018323,0.02872281323268666,0.012678492480435455,-0.05351850726780416,-0.06158854025678773,1.3034250781369026,0.27572646671663514,0.004432003878226934,0.9943011183184916,0.10651593050910527
546.0,22.097666031184215,0.15453311828998556,4.205402063750519,0.028722813232690214,0.013213034714066096,-0.05338904855300797,-0.06381649961037257,1.300564342692525,0.28753860247496776,0.004432003878221154,0.9937759335640738,0.11130925932049444
547.0,22.126388844416905,0.16774615300405166,4.152013015197511,0.028722813232690214,0.013746255655235184,-0.053254250977847306,-0.06600782812341502,1.2975817591292358,0.2993368563592609,0.0044320038782159005,0.9932255779135059,0.11611765033794776
548.0,22.155111657649595,0.18149240865928684,4.098758764219664,0.028722813232693767,0.014278101982295621,-0.053114128021970686,-0.06816230666490151,1.294477319396004,0.31111997111999506,0.004432003878225151,0.9926497058582856,0.12094179923038308
549.0,22.18383447088229,0.19577051064158246,4.045644636197693,0.028722813232690214,0.014808520511053913,-0.0529686936975442,-0.07027971978875458,1.2912510284165277,0.3228866879622586,0.0044320038782240685,0.9920479541382792,0.12578240748084757
550.0,22.21255728411498,0.21057903115263638,3.992675942500149,0.028722813232690214,0.015337458200102128,-0.052817962547892616,-0.07235985575544085,1.2879029041203913,0.3346357466799695,0.004432003878218858,0.9914199413095112,0.13064018262184438
551.0,22.24128009734767,0.2259164893527385,3.939857979952256,0.02872281323268666,0.015864862156111992,-0.05266194964600324,-0.07440250655309613,1.2844329774706555,0.3463658857900349,0.004432003878221258,0.9907652672886916,0.13551583846912785
552.0,22.270002910580356,0.2417813515088505,3.887196030306253,0.028722813232693767,0.01639067963912838,-0.05250067059303731,-0.07640746791834689,1.2808412924917165,0.35807584266724224,0.0044320038782267954,0.9900835128737702,0.14041009535342786
553.0,22.29872572381305,0.2581720311479789,3.8346953597132156,0.028722813232690214,0.016914858067836547,-0.05233414151675264,-0.07837453935670625,1.2771279062945913,0.3697643536793458,0.004432003878224872,0.9893742392397006,0.14532368035006263
554.0,22.32744853704574,0.2750868892158154,3.782361218196463,0.028722813232690214,0.01743734502483546,-0.05216237906993282,-0.08030352416269267,1.2732928891026243,0.3814301543230167,0.004432003878224333,0.9886369874086688,0.15025732750563348
555.0,22.35617135027843,0.2925242342406509,3.73019883912653,0.028722813232690214,0.017958088261862903,-0.05198540042867528,-0.08219422943942462,1.2693363242733313,0.3930719793595009,0.004432003878218389,0.9878712776938315,0.1552117780620411
556.0,22.38489416351112,0.3104823225025138,3.678213438697855,0.02872281323268666,0.018477035705030342,-0.051803223290700195,-0.0840464661179556,1.2652583083207347,0.40468856295122985,0.004432003878217442,0.9870766091157687,0.1601877806767402
557.0,22.413616976743807,0.32895935820754413,3.6264102154071547,0.028722813232690214,0.018994135460021766,-0.05161586587355638,-0.085860048976142,1.261058950935134,0.41627863879837446,0.004432003878223301,0.9862524587906519,0.1651860916391477
558.0,22.442339789976497,0.3479534936675659,3.5747943495335983,0.028722813232690214,0.019509335817297413,-0.05142334691284223,-0.08763479665723092,1.256738375002774,0.4278409402762718,0.0044320038782253955,0.9853982812891484,0.17020747508266387
559.0,22.471062603209187,0.3674628294848633,3.523371002620756,0.028722813232690214,0.02002258525724865,-0.05122568566028818,-0.08937053168792342,1.2522967166224033,0.4393742005724781,0.004432003878221235,0.9845135079651225,0.17525270319122696
560.0,22.499785416441878,0.38748541474211196,3.472145316960468,0.028722813232693767,0.02053383245536139,-0.05102290188186398,-0.09106708049617407,1.2477341251219358,0.45087715282477053,0.004432003878215716,0.9835975462529156,0.18032255640065312
561.0,22.52850822967457,0.40801924719747334,3.421122415078604,0.028722813232690214,0.021043026287336786,-0.05081501585575854,-0.09272427342849045,1.243050763071973,0.46234853025892925,0.004432003878231388,0.9826497789322556,0.18541782359312844
562.0,22.55723104290726,0.42906227348481013,3.3703073992228454,0.02872281323268666,0.021550115834221673,-0.05060204837041882,-0.09434194476698693,1.2382468063005259,0.4737870663274563,0.00443200387822345,0.9816695633595328,0.1905393022846668
563.0,22.585953856139948,0.4506123893190318,3.3197053508524266,0.028722813232690214,0.02205505038747979,-0.05038402072241066,-0.09591993274586164,1.2333224439032626,0.4851914948477132,0.0044320038782128795,0.9806562306642943,0.19568779880442744
564.0,22.61467666937264,0.4726674397065116,3.269321330130016,0.028722813232690214,0.022557779454080107,-0.050160954714315587,-0.09745807956764253,1.228277878254265,0.49656055014117484,0.004432003878229995,0.9796090849096708,0.20086412846514085
565.0,22.64339948260533,0.4952252191605917,3.2191603754157003,0.028722813232693767,0.023058252761533837,-0.04993287265255564,-0.09895623141892915,1.2231133250150295,0.5078929671722286,0.004432003878212734,0.9785274022155188,0.20606911572327372
566.0,22.672122295838022,0.5182834719221255,3.1692275027631447,0.028722813232690214,0.023556420262922928,-0.04969979734513119,-0.100414238485763,1.2178290131409513,0.519187481687536,0.004432003878225228,0.9774104298428149,0.2113035943284147
567.0,22.700845109070713,0.5418398921850485,3.1195277054180135,0.028722813232690214,0.024052232141918095,-0.04946175209939341,-0.10183195496867807,1.2124251848885073,0.5304428303558427,0.004432003878223773,0.9762573852380462,0.21656840746008285
568.0,22.729567922303403,0.5658921243269666,3.07006595331862,0.02872281323268666,0.024545638817742965,-0.04921876071966347,-0.10320923909719959,1.2069020958183903,0.541657750907324,0.004432003878224366,0.9750674550360741,0.22186440785105044
569.0,22.75829073553609,0.5904377631447095,3.0208471925989566,0.028722813232690214,0.025036590950142212,-0.04897084750488201,-0.10454595314406875,1.2012600147992232,0.5528309822736953,0.004432003878218049,0.9738397940200536,0.22719245789550963
570.0,22.78701354876878,0.6154743540948517,2.9718763450940746,0.028722813232690214,0.025525039444306064,-0.04871803724614887,-0.1058419634389688,1.1954992240082034,0.5639612647280827,0.004432003878225445,0.9725735240368257,0.23255342974080878
571.0,22.81573636200147,0.6409993935391578,2.9231583078479257,0.028722813232690214,0.0260109354557978,-0.048460355224294815,-0.10709714038197665,1.1896200189323538,0.5750473400256262,0.004432003878217986,0.9712677328663042,0.23794820536069017
572.0,22.84445917523416,0.6670103289949556,2.874697952623631,0.028722813232690214,0.026494230395421314,-0.04819782720730181,-0.10831135845644083,1.1836227083658022,0.5860879515434528,0.004432003878228855,0.9699214730431694,0.24337767660858278
573.0,22.87318198846685,0.6935045593903769,2.826500125416329,0.028722813232690214,0.026974875934084652,-0.04793047944775708,-0.10948449624156648,1.1775076144075265,0.5970818444212441,0.004432003878216364,0.9685337606292442,0.24884274524887703
574.0,22.90190480169954,0.7204794353244616,2.778569645968572,0.028722813232690214,0.027452824007629384,-0.047658338680200085,-0.11061643642452879,1.1712750724562746,0.6080277657017212,0.004432003878226708,0.9671035739349212,0.25434432296382353
575.0,22.93062761493223,0.747932259332091,2.730911307288372,0.028722813232690214,0.027928026821653074,-0.04738143211849577,-0.11170706581228196,1.1649254312057018,0.6189244644716664,0.004432003878218745,0.9656298521878428,0.25988333133409713
576.0,22.95935042816492,0.775860286153744,2.683529875169876,0.028722813232690214,0.028400436856267586,-0.04709978745306298,-0.11275627534278368,1.1584590526358072,0.6297706920021624,0.00443200387822137,0.9641114941472062,0.26546070179004855
577.0,22.98807324139761,0.8042607230100116,2.636430087716813,0.028722813232693767,0.028870006870865828,-0.046813432848139325,-0.11376396009596695,1.15187631200482,0.6405652018897081,0.004432003878219663,0.9625473566617575,0.2710773755315751
578.0,23.016796054630305,0.8331307298808774,2.589616654868674,0.028722813232690214,0.029336689908830982,-0.046522396938933674,-0.11473001930416818,1.1451775978380505,0.6513067501967104,0.004432003878225891,0.9609362531698649,0.2767343034130114
579.0,23.045518867862995,0.8624674197897084,2.54309425792974,0.02872281323268666,0.029800439302253734,-0.04622670882880575,-0.11565435636229546,1.1383633119170857,0.6619940955927974,0.004432003878220064,0.9592769521397578,0.2824324457902813
580.0,23.074241681095682,0.8922678590919622,2.4968675491009344,0.028722813232690214,0.030261208676580997,-0.04592639808631871,-0.11653687883741151,1.1314338692655193,0.6726259994952687,0.0044320038782220805,0.9575681754481519,0.28817277232681227
581.0,23.102964494328372,0.9225290677685432,2.4509411510146157,0.028722813232690214,0.03071895195526042,-0.04562149474229793,-0.11737749847800825,1.1243896981344053,0.683201226210117,0.004432003878222853,0.9558085966954667,0.2939562617544758
582.0,23.131687307561062,0.9532480197238036,2.405319656272318,0.028722813232690214,0.03117362336433782,-0.04531202928681255,-0.1181761312227928,1.1172312399856255,0.6937185430725835,0.004432003878222365,0.953996839455926,0.2997839015853381
583.0,23.160410120793752,0.9844216430881414,2.3600076269855053,0.028722813232690214,0.031625177437059726,-0.04499803266616276,-0.11893269720918867,1.109958949474833,0.7041767205885376,0.004432003878221506,0.9521314754605548,0.3056566877706594
584.0,23.189132934026443,1.0160468205252011,2.3150095943193425,0.028722813232690214,0.03207356901839198,-0.04467953627974497,-0.11964712078121631,1.1025732944311837,0.7145745325745495,0.0044320038782198175,0.9502110227116974,0.3115756243014102
585.0,23.217855747259133,1.048120389543593,2.2703300580395975,0.028722813232690214,0.03251875326955278,-0.04435657197693477,-0.1203193304971224,1.0950747558370222,0.7249107562989525,0.004432003878224135,0.9482339435270469,0.3175417227464268
586.0,23.246578560491823,1.0806391428131459,2.2259734860626628,0.028722813232690214,0.03296068567248023,-0.044029172053884125,-0.12094925913646833,1.0874638278051267,0.7351841726220325,0.004432003878223776,0.9461986425118621,0.3235560017220087
587.0,23.275301373724513,1.113599828485626,2.1819443140087786,0.028722813232690214,0.03339932203431073,-0.04369736925032219,-0.12153684370694427,1.079741017555576,0.7453935661371115,0.004432003878228007,0.9441034644577139,0.3296194862876974
588.0,23.304024186957204,1.1469991505199368,2.1382469447584564,0.028722813232690214,0.03383461849177016,-0.04336119674624905,-0.12208202545057104,1.0719068453896654,0.7555377253102429,0.004432003878223146,0.9419466921665283,0.3357332072615982
589.0,23.332747000189894,1.180833769011707,2.0948857480122074,0.028722813232690214,0.034266531515575904,-0.04302068815863658,-0.12258474984963125,1.0639618446635115,0.7656154426207893,0.004432003878216898,0.9397265441985093,0.34189820044912544
590.0,23.361469813422584,1.215100300527283,2.051865059853571,0.028722813232690214,0.034695017914787796,-0.042675877538061346,-0.12304496663211063,1.055906561759596,0.7756255147014399,0.004432003878220812,0.9374411725430761,0.34811550577744454
591.0,23.390192626655274,1.2497953184420707,2.0091891823155095,0.028722813232690214,0.03512003484111581,-0.042326799365288714,-0.12346262977668833,1.0477415560566832,0.7855667424778412,0.004432003878223929,0.9350886602118252,0.35438616632831066
592.0,23.418915439887964,1.2849153532831865,1.9668623829502208,0.028722813232690214,0.03554153979322794,-0.0419734885478551,-0.12383769751742342,1.0394673998992077,0.7954379313088491,0.004432003878216425,0.9326670187529428,0.3607112272609786
593.0,23.447638253120655,1.3204568930764145,1.9248888944023657,0.028722813232690214,0.035959490620979695,-0.04161598041654502,-0.1241701323478498,1.0310846785636996,0.8052378911255647,0.004432003878223208,0.9301741856868332,0.3670917346161041
594.0,23.476361066353345,1.3564163836973941,1.8832729139858206,0.028722813232690214,0.03637384552963829,-0.04125431072187613,-0.12445990102476787,1.022593990224895,0.8149654365708499,0.004432003878221995,0.9276080218627513,0.37352873399177355
595.0,23.505083879586035,1.3927902292270324,1.8420186032639445,0.028722813232690214,0.03678456308404865,-0.040888515630506994,-0.12470697457152068,1.0139959459195227,0.8246193871380837,0.004432003878219858,0.9249663087370584,0.38002326908093953
596.0,23.533806692818725,1.429574792311081,1.8011300876334375,0.02872281323268666,0.03719160221280826,-0.04051863172165149,-0.1249113282809924,1.0052911695097266,0.8341985673107307,0.0044320038782287,0.9222467455737409,0.386576380059966
597.0,23.562529506051412,1.4667663945238893,1.760611455911786,0.028722813232690214,0.037594922212339066,-0.04014469598338932,-0.12507294171797023,0.9964802976435636,0.8437018067000508,0.004432003878221018,0.9194469465687309,0.39318910181623895
598.0,23.591252319284102,1.5043613167362284,1.7204667599283967,0.028722813232693767,0.037994482750980385,-0.03976674580898587,-0.12519179872125547,0.9875639797151003,0.8531279401839619,0.004432003878219671,0.916564437899558,0.3998624620034876
599.0,23.619975132516796,1.5423557994872088,1.6807000141194108,0.028722813232690214,0.03839024387300305,-0.03938481899313406,-0.12526788740521816,0.9785428778222334,0.8624758080445597,0.004432003878223453,0.91359665470345,0.4065974789103946
600.0,23.648697945749486,1.5807460433602118,1.6413151951262768,0.028722813232690214,0.03878216600263262,-0.03899895372820672,-0.12530120016108137,0.96941766672421,0.8717442561064243,0.004432003878220562,0.9105409379865639,0.41339515913006486
601.0,23.677420758982176,1.6195282093628445,1.60231624139807,0.028722813232690214,0.03917020994798115,-0.03860918860040563,-0.12529173365758972,0.9601890337960852,0.8809321358734169,0.0044320038782248525,0.9073945314689136,0.42025649501457335
602.0,23.706143572214867,1.6586984193108256,1.5637070527976644,0.028722813232690214,0.039554336904979115,-0.03821556258592196,-0.12523948884139346,0.9508576789829766,0.8900383046659686,0.004432003878220149,0.9041545783699505,0.4271824618992224
603.0,23.734866385447557,1.6982527562158047,1.5254914902117425,0.028722813232690214,0.039934508461242135,-0.037818115047018264,-0.12514447093689887,0.9414243147518724,0.8990616257574191,0.004432003878226666,0.9008181181408645,0.4341740150801
604.0,23.763589198680247,1.7381872646770469,1.4876733751647242,0.028722813232690214,0.04031068659994075,-0.037416885728129845,-0.12500668944585291,0.9318896660433417,0.908000968510977,0.0044320038782124736,0.8973820831509427,0.44123208652737184
605.0,23.792312011912937,1.7784979512769876,1.4502564894365944,0.02872281323268666,0.0406828337035714,-0.03701191475184906,-0.12482615814627629,0.9222544702198953,0.9168552085148935,0.004432003878222682,0.8938432953368601,0.4483575813153669
606.0,23.821034825145624,1.819180784980559,1.4132445746847453,0.028722813232693767,0.04105091255773785,-0.0366032426149383,-0.12460289509115821,0.9125194770144873,0.9256232277183792,0.0044320038782321635,0.8901984628246042,0.45555137375090304
607.0,23.849757638378318,1.8602316975382969,1.376641332069807,0.02872281323268666,0.041414886354850466,-0.03619091018426257,-0.12433692260658782,0.902685448476418,0.9343039145662487,0.004432003878224673,0.8864441765361704,0.4628143031786443
608.0,23.878480451611004,1.9016465838931473,1.3404504218855444,0.028722813232693767,0.04177471869784366,-0.035774958692731174,-0.12402826728962517,0.8927531589170765,0.9428961641342556,0.0044320038782199025,0.8825769067947847,0.4701471694418391
609.0,23.907203264843698,1.943421302590991,1.3046754631928132,0.02872281323268666,0.04213037360377836,-0.035355429735142385,-0.12367696000553047,0.8827233948525041,0.9513988782625892,0.004432003878218164,0.8785929999434634,0.4775507279776345
610.0,23.935926078076385,1.9855516761947694,1.2693200334576709,0.028722813232693767,0.04248181550746577,-0.03493236526404675,-0.123283035884755,0.8725969549461075,0.9598109656899753,0.004432003878220862,0.8744886749961885,0.4850256845209684
611.0,23.96464889130908,2.028033491702235,1.234387668193624,0.028722813232690214,0.042829009264995666,-0.03450580758552779,-0.12284653431934453,0.8623746499485044,0.9681313421864408,0.004432003878225652,0.8702600203402652,0.492572689396179
612.0,23.99337170454177,2.070862500967231,1.1998818606080963,0.028722813232690214,0.04317192015729443,-0.034075799355008485,-0.12236749895912905,0.8520573026376425,0.976358930686901,0.004432003878224776,0.8659029905149114,0.5001923313676018
613.0,24.02209451777446,2.114034421124525,1.1658060612530878,0.02872281323268666,0.04351051389355298,-0.0336423835729498,-0.12184597770723092,0.8416457477555292,0.9844926614224381,0.004432003878220369,0.8614134030902488,0.5078851310267901
614.0,24.050817331007146,2.157544935018078,1.132163677680138,0.028722813232690214,0.04384475661468068,-0.03320560358056923,-0.12128202271534275,0.8311408319449497,0.9925314720524913,0.004432003878220379,0.8567869356773631,0.5156515336874484
615.0,24.079540144239836,2.201389691632759,1.0989580740995688,0.028722813232693767,0.0441746148966895,-0.032765503055505185,-0.12067569037850678,0.8205434136841728,1.0004743077960248,0.004432003878224716,0.8520191231014218,0.5234919017626801
616.0,24.10826295747253,2.2455643065294484,1.0661925710440636,0.028722813232690214,0.04450005575401139,-0.032322126007434004,-0.12002704132941458,0.8098543632199612,1.0083201215614543,0.004432003878220954,0.8471053547752504,0.5314065065961469
617.0,24.13698577070522,2.2900643622834598,1.0338704450366296,0.028722813232690214,0.04482104664284581,-0.031875516773699264,-0.11933614043246385,0.7990745625002401,1.0160678740777767,0.004432003878227114,0.8420408723134728,0.5393955197210941
618.0,24.16570858393791,2.3348854089263056,1.0019949282629304,0.028722813232690214,0.04513755546436693,-0.03142572001485122,-0.11860305677716187,0.7882049051039185,1.0237165340229017,0.00443200387821731,0.8368207674332929,0.5474590035189648
619.0,24.1944313971706,2.3800229643906725,0.9705692082480791,0.028722813232690214,0.045449550567959296,-0.030972780710191494,-0.11782786367126749,0.7772462961702467,1.0312650781530204,0.004432003878219947,0.8314399801919611,0.5555969012512714
620.0,24.22315421040329,2.425472514958632,0.9395964275378876,0.028722813232690214,0.04575700075436151,-0.03051674415326644,-0.11701063863341878,0.7661996523262696,1.0387124914302581,0.004432003878220077,0.8258932976163015,0.5638090264390014
621.0,24.25187702363598,2.4712295157129933,0.9090796833846212,0.02872281323268666,0.046059875278822826,-0.030057655947358985,-0.11615146338546711,0.7550659016135972,1.046057767151095,0.004432003878224112,0.8201753527855344,0.5720950515646395
622.0,24.280599836868667,2.517289390991816,0.8790220274372622,0.028722813232690214,0.04635814385414028,-0.029595562000904962,-0.11525042384421323,0.7438459834127108,1.0532999070722822,0.004432003878225989,0.8142806244345636,0.5804544960736203
623.0,24.309322650101358,2.5636475348459564,0.8494264654363572,0.028722813232693767,0.04665177665370823,-0.0291305085229161,-0.11430761011286875,0.7325408483667306,1.0604379215376232,0.004432003878223225,0.8082034371503608,0.5888867136554927
624.0,24.33804546333405,2.6102993114996647,0.8202959569134411,0.02872281323268666,0.04694074431447692,-0.028662542018345172,-0.11332311647198963,0.7211514583031601,1.0674708296028632,0.004432003878215751,0.8019379622423818,0.5973908787855401
625.0,24.366768276566738,2.6572400558141416,0.791633414895096,0.028722813232690214,0.04722501793993805,-0.028191709283460598,-0.11229704137015423,0.7096787861552083,1.0743976591616047,0.004432003878226805,0.7954782193725909,0.6059659725144934
626.0,24.395491089799428,2.7044650737540796,0.7634417056116354,0.028722813232690214,0.04750456910295675,-0.02771805740114075,-0.11122948741400304,0.6981238158804077,1.0812174470681704,0.004432003878217408,0.7888180790396202,0.6146107674958738
627.0,24.42421390303212,2.7519696428570364,0.7357236482104946,0.028722813232693767,0.04777936984865816,-0.027241633736180826,-0.11012056135805304,0.6864875423789626,1.0879292392618847,0.004432003878230267,0.7819512660185535,0.623323812246576
628.0,24.452936716264812,2.7997490127056945,0.7084820144743138,0.028722813232690214,0.04804939269718167,-0.026762485930544422,-0.10897037409395845,0.674770971409996,1.0945320908887857,0.004432003878220033,0.7748713638638823,0.6321034146445897
629.0,24.481659529497502,2.847798405402876,0.6817195285437694,0.02872281323268666,0.04831461064648135,-0.026280661898618884,-0.10777904063951405,0.6629751195072628,1.101025066424662,0.004432003878223143,0.7675718205929449,0.6409476246724497
630.0,24.51038234273019,2.8961130160493576,0.6554388666451505,0.028722813232690214,0.04857499717497715,-0.025796209822404492,-0.10654668012706434,0.6511010138925208,1.10740723979498,0.0044320038782154755,0.7600459556724536,0.6498542164267078
631.0,24.53910515596288,2.9446880132243347,0.629642656822746,0.028722813232693767,0.04883052624423945,-0.025309178146706524,-0.10527341579164173,0.6391496923882859,1.1136776944960023,0.0044320038782231985,0.7522869684392128,0.6588206694223873
632.0,24.567827969195573,2.993518539468574,0.6043334786760395,0.02872281323268666,0.04908117230156028,-0.024819615574280474,-0.10395937495859156,0.6271222033287616,1.119835523713439,0.004432003878222855,0.7442879480926252,0.6678441492337064
633.0,24.59655078242826,3.0425997117701344,0.579513863101759,0.028722813232690214,0.049326910282557535,-0.024327571060982156,-0.10260468903093058,0.6150196054702064,1.1258798304421984,0.004432003878226623,0.7360418854019825,0.6769214875268166
634.0,24.62527359566095,3.091926622052692,0.5551862920407769,0.028722813232690214,0.04956771561363027,-0.023833093810850414,-0.10120949347611075,0.6028429678988821,1.1318097276031582,0.004432003878219732,0.7275416862780787,0.686049161554238
635.0,24.65399640889364,3.1414943376663222,0.5313531982299264,0.028722813232690214,0.049803564214453644,-0.023336233271200824,-0.09977392781253727,0.5905933699386402,1.1376243381609004,0.004432003878223732,0.7187801873629776,0.6952232731979463
636.0,24.68271922212633,3.191297901880776,0.5080169649587256,0.028722813232690214,0.050034432500349446,-0.022837039127666825,-0.09829813559555207,0.5782719010564606,1.1433227952389602,0.004432003878222613,0.7097501737930226,0.7044395276689104
637.0,24.71144203535902,3.2413323343811253,0.4851799258310588,0.028722813232690214,0.0502602973846944,-0.02233556129925257,-0.09678226440317204,0.5658796607675841,1.1489042422362732,0.004432003878223139,0.7004443992937804,0.7136932119892961
638.0,24.74016484859171,3.2915926317658197,0.4628443645318062,0.028722813232690214,0.050481136281184114,-0.021831849933321434,-0.09522646582124611,0.5534177585383385,1.15436783294041,0.004432003878221485,0.6908556087634815,0.722979173407964
639.0,24.7688876618244,3.342073768047004,0.4410125145984848,0.028722813232690214,0.050696927106113954,-0.02132595540059007,-0.0936308954283358,0.540887313688384,1.1597127316415496,0.004432003878223155,0.6809765634977015,0.7322917979251741
640.0,24.79761047505709,3.392770695153118,0.4196865591978947,0.028722813232690214,0.05090764828058392,-0.020817928290092214,-0.0919957127801588,0.5282894552914895,1.1649381132449022,0.004432003878220118,0.6708000692031524,0.7416249891277057
641.0,24.82633328828978,3.4436783434337017,0.3988686309078025,0.028722813232690214,0.05111327873264093,-0.020307819404109362,-0.09032108139359149,0.515625322074761,1.1700431633818915,0.004432003878225131,0.6603190069374708,0.7509721475652315
642.0,24.85505610152247,3.4947916221663426,0.37856081150369314,0.028722813232690214,0.05131379789942292,-0.01979567975311236,-0.08860716873040701,0.5028960623174165,1.1750270785216883,0.004432003878215678,0.6495263670985305,0.7603261509282766
643.0,24.883778914755162,3.5461054200657656,0.3587651317505808,0.028722813232690214,0.051509185729175844,-0.019281560550634624,-0.0868541461804246,0.4901028337471302,1.179889066079894,0.00443200387822739,0.6384152865692905,0.769679335318465
644.0,24.912501727987852,3.5976146057949414,0.33948357119994615,0.028722813232690214,0.05169942268328542,-0.018765513208172824,-0.08506218904445768,0.4772468034363271,1.184628344527876,0.004432003878215955,0.6269790890992165,0.7790234779349978
645.0,24.941224541220542,3.649314028478227,0.32071805799177333,0.028722813232690214,0.05188448973819959,-0.018247589330024683,-0.08323147651669816,0.4643291476961745,1.1892441434996726,0.004432003878222209,0.615211328977077,0.7883497815309407
646.0,24.969947354453232,3.7011985182164264,0.30247046866174865,0.02872281323268666,0.05206436838738204,-0.01772784070815059,-0.08136219166689318,0.4513510519704277,1.1937357038999616,0.004432003878229976,0.6031058380124162,0.7976488610265574
647.0,24.99867016768592,3.7532628866038085,0.28474262795359806,0.028722813232690214,0.05223904064311213,-0.017206319316979024,-0.07945452142196613,0.43831371072713804,1.1981022780083908,0.004432003878222054,0.590656775804503,0.806910732694672
648.0,25.02739298091861,3.8055019272469206,0.26753630863661904,0.028722813232693767,0.05240848903831452,-0.016683077308216276,-0.07750865654735979,0.4252183273497085,1.2023431295850933,0.004432003878217539,0.5778586832266602,0.8161248063630793
649.0,25.056115794151303,3.857910416285235,0.25085323132840276,0.028722813232690214,0.05257269662827868,-0.01615816700562195,-0.07552479162791685,0.4120661140263611,1.2064575339735275,0.004432003878224266,0.5647065390020832,0.8252798811008978
650.0,25.084838607383993,3.910483112913514,0.2346950643227808,0.028722813232690214,0.052731646992393966,-0.01563164089979363,-0.07350312504849726,0.39885829163908343,1.2104447782039442,0.00443200387821907,0.5511958191817687,0.8343641448780996
651.0,25.113561420616684,3.9632147599059078,0.21906342342298718,0.028722813232690214,0.05288532423575276,-0.015103551642902113,-0.07144385897406945,0.38559608965057046,1.2143041610939864,0.00443200387821906,0.5373225592690799,0.8433651786990907
652.0,25.142284233849374,4.0161000841416605,0.20395987178008507,0.028722813232690214,0.0530337129907652,-0.014573952043433314,-0.06934719932952736,0.3722807459905931,1.2180349933496162,0.004432003878227508,0.5230834186580026,0.8522699657190085
653.0,25.171007047082064,4.069133797132426,0.18938591973665175,0.028722813232690214,0.05317679841866241,-0.014042895060902727,-0.06721335577907221,0.35891350694091356,1.2216365976635517,0.004432003878220143,0.5084757469710129,0.8610649058485045
654.0,25.199729860314754,4.122310595551088,0.17534302467574903,0.028722813232690214,0.053314566211036585,-0.013510433800569877,-0.0650425417052994,0.345495627019443,1.2251083088148327,0.004432003878221994,0.49349765179600297,0.8697358363396638
655.0,25.228452673547444,4.175625161762125,0.16183259087517915,0.028722813232690214,0.05344700259121815,-0.012976621508114905,-0.0628349741877974,0.3320283688626849,1.2284494737644993,0.004432003878225223,0.47814806723154063,0.8782680588205206
656.0,25.257175486780135,4.229072164353343,0.14885596936706424,0.028722813232690214,0.053574094315684384,-0.012441511564324936,-0.06059087398149053,0.31851300310766056,1.2316594517522605,0.0044320038782177705,0.4624268225563391,0.8866463732075328
657.0,25.285898300012825,4.282646258669027,0.1364144578027393,0.028722813232690214,0.053695828675354385,-0.0119051574797438,-0.05831046549450762,0.3049508082721455,1.2347376143904931,0.004432003878225084,0.44633471024824106,0.8948551188707823
658.0,25.314621113245515,4.336342087344382,0.12450930032299551,0.02872281323268666,0.05381219349690891,-0.01136761288933641,-0.05599397676581372,0.2913430706345072,1.237683345759072,0.004432003878225131,0.42987355248625647,0.9028782233582052
659.0,25.3433439264782,4.390154280841291,0.1131416874336591,0.028722813232690214,0.05392317714395656,-0.010828931547114062,-0.053641639442351466,0.2776910841117898,1.2404960424963998,0.004432003878217236,0.4130462651869268,0.910699258897664
660.0,25.372066739710892,4.444077457985247,0.10231275588654504,0.028722813232693767,0.05402876851823013,-0.010289167320760961,-0.05125368875588858,0.26399615013705086,1.2431751138915907,0.004432003878226733,0.3958569185478457,0.9183015067936171
661.0,25.400789552943586,4.498106226503477,0.09202358856578408,0.028722813232690214,0.05412895706066578,-0.00974837418624852,-0.04883036349949594,0.2502595775356233,1.245719981973631,0.004432003878221692,0.3783107930103412,0.925668029713412
662.0,25.429512366176276,4.552235183564143,0.08227521437953556,0.028722813232690214,0.05422373275250969,-0.009206606222442348,-0.04637190600369401,0.2364826824004161,1.2481300816013887,0.0044320038782213415,0.360414429502334,0.9327817517233763
663.0,25.458235179408966,4.606458916316653,0.0730686081570932,0.02872281323268666,0.05431308611626129,-0.008663917605685412,-0.04387856211217395,0.2226667879658296,1.2504048605498645,0.004432003878220591,0.3421756727954427,0.939625545783324
664.0,25.486957992641653,4.660772002432914,0.0644046905514078,0.028722813232693767,0.05439700821666893,-0.008120362604389142,-0.04135058115725709,0.20881322448110173,1.2525437795975751,0.004432003878219118,0.3236037068039069,0.9461823282456687
665.0,25.515680805874347,4.715169010649583,0.05628432794701865,0.028722813232690214,0.05447549066157542,-0.007575995573598282,-0.03878821593491989,0.19492332908220042,1.2545463126106906,0.004432003878220862,0.30470908067298924,0.9524351597337455
666.0,25.544403619107037,4.769644501311158,0.04870833237342037,0.028722813232690214,0.05454852560281598,-0.007030870949563062,-0.03619172267955381,0.18099844566313075,1.2564119466280372,0.0044320038782295415,0.28550372455488315,0.9583673515969295
667.0,25.573126432339727,4.824193026913974,0.04167746142385731,0.028722813232690214,0.05461610573695541,-0.006485043244292443,-0.03356136103832445,0.16703992474597137,1.2581401819426994,0.0044320038782231395,0.2660009540495805,0.9639625769636165
668.0,25.601849245572417,4.87880913265093,0.035192418179564866,0.028722813232690214,0.05467822430603242,-0.005938567040101261,-0.030897394045199776,0.15304912334997609,1.2597305321835595,0.0044320038782206155,0.24621546240388018,0.9692049852404119
669.0,25.630572058805107,4.933487356956962,0.029253851139463605,0.028722813232690214,0.054734875098248814,-0.005391496984156141,-0.028200088094667217,0.13902740485986015,1.2611825243956503,0.004432003878217668,0.22616329970571947,0.9740793187455755
670.0,25.659294872037798,4.988222232055211,0.023862354155307464,0.02872281323268666,0.05478605244855839,-0.004843887783003709,-0.025469712915058475,0.12497613889284871,1.262495699118031,0.004432003878226589,0.20586183849164863,0.9785710300200297
671.0,25.688017685270484,5.043008284503769,0.019018466372303755,0.028722813232690214,0.0548317512392833,-0.004295794197110403,-0.022706541541629814,0.11089670116523824,1.26366961046235,0.00443200387822118,0.18532972539193357,0.9826663982388805
672.0,25.716740498503174,5.097840035743053,0.014722672175193352,0.028722813232690214,0.05487196690057683,-0.003747271035377253,-0.019910850289211735,0.09679047335752833,1.2647038261878112,0.0044320038782213024,0.16458681867356,0.9863526430544707
673.0,25.745463311735865,5.1527120026436295,0.010975401139816099,0.028722813232693767,0.054906695410911865,-0.003198373149663203,-0.017082918724599154,0.08265884297898791,1.2655979277764948,0.004432003878222986,0.14365411179537627,0.98961803414545
674.0,25.77418612496856,5.207618698054541,0.007777027990152896,0.02872281323268666,0.05493593329745039,-0.002649155429299277,-0.014223029638591065,0.06850320323119709,1.2663515105060765,0.0044320038782201835,0.12255364336080987,0.9924519947285183
675.0,25.802908938201245,5.262554631351992,0.005127872560853619,0.028722813232690214,0.054959677636445825,-0.0020996727956003047,-0.011331469017715458,0.05432495287073954,1.2669641835229548,0.004432003878221848,0.10130839413091905,0.994845197314757
676.0,25.831631751433935,5.317514308988438,0.0030281997652533144,0.028722813232690214,0.054977926053475734,-0.001549980196371148,-0.008408526015621537,0.04012549607096339,1.267435569911718,0.004432003878222204,0.07994217203628766,0.9967896500625114
677.0,25.860354564666626,5.372492235041913,0.0014782195688821664,0.028722813232693767,0.05499067672371982,-0.0010001326004147604,-0.005454492924179653,0.025906242283001667,1.2677653067651482,0.004432003878218097,0.05847948639412118,0.998278772193771
678.0,25.88907737789932,5.427482911765633,0.00047808696846740606,0.028722813232690214,0.054997928372107374,-0.0004501849920310885,-0.0024696651442294893,0.01166860609576611,1.26795304525139,0.0044320038782255005,0.03694541278344732,0.9993074571001079
679.0,25.91780019113201,5.4824808401377405,2.7901976436317533e-05,0.028722813232690214,0.05499968027349578,9.980763447670071e-05,0.0005456588439349866,-0.0025859929046586645,1.2679984506815294,0.004432003878223842,0.015365450252532727,0.9998721219636841
680.0,25.9465230043647,5.537480520411236,0.00012770961091301825,0.02872281323268666,0.054995932252687396,0.0006497902803039302,0.0035911775104257807,-0.016856130276616237,1.2679012025734235,0.0044320038782196215,-0.006234627282824764,0.9999707429541463
681.0,25.975245817597386,5.592476452663924,0.0007774998912169484,0.028722813232690214,0.05498668468448997,0.0011997079476442907,0.0066665863059138875,-0.031140376865221843,1.2676609947162607,0.004432003878220085,-0.02782892344955089,0.9996028753266282
682.0,26.003968630830077,5.647463137348414,0.001977207838861239,0.028722813232690214,0.05497193849363491,0.0017495056451903301,0.00977157769208833,-0.045437298945511656,1.2672775352318415,0.004432003878228471,-0.04939157354072697,0.9987696580317178
683.0,26.032691444062767,5.702435075842049,0.003726713484051569,0.028722813232690214,0.054951695154745295,0.002299128393629668,0.012905841172393523,-0.05974545836627067,1.2667505466367306,0.004432003878220868,-0.07089689821419709,0.9974738027463323
684.0,26.061414257295457,5.757386770996794,0.006025841877681237,0.028722813232690214,0.05492595669213607,0.0028485212311448738,0.016069063323089817,-0.07406341269474546,1.2660797659003256,0.0044320038782164764,-0.09231955463849621,0.9957195675354447
685.0,26.090137070528147,5.81231272768893,0.008874363108826111,0.028722813232690214,0.05489472567963105,0.003397629218911513,0.019260927824606738,-0.08838971536209897,1.265264944503218,0.004432003878225658,-0.11363468302197174,0.9935127156489338
686.0,26.118859883760837,5.867207453368561,0.012271992327737624,0.028722813232690214,0.05485800524029294,0.0039463974465870355,0.022481115493146245,-0.10272291580941571,1.2643058484932759,0.004432003878226422,-0.1348180465740132,0.9908604602362486
687.0,26.147582696993528,5.922065458608854,0.01621838977432466,0.028722813232690214,0.0548157990461533,0.004494771037806988,0.02572930431263067,-0.11706155963468674,1.2632022585416844,0.004432003878222939,-0.15584616310689361,0.9877713960155371
688.0,26.176305510226218,5.976881257655007,0.020713160812131648,0.028722813232690214,0.054768111317788026,0.005042695155669019,0.02900516946688379,-0.13140418874026447,1.2619539699949063,0.004432003878221398,-0.17669642668699,0.9842554191558575
689.0,26.205028323458908,6.031649368972795,0.025755855967800667,0.028722813232693767,0.05471494682393452,0.005590115008216878,0.03230838337211356,-0.14574934148110472,1.2605607929276512,0.004432003878215522,-0.19734721797515029,0.980323636815461
690.0,26.233751136691602,6.08636431579673,0.031345970976017545,0.028722813232690214,0.05465631088098544,0.006136975853923199,0.03563861570969276,-0.16009555281376517,1.2590225521926814,0.004432003878229876,-0.21777800215330148,0.9759882679211569
691.0,26.262473949924292,6.141020626677715,0.037482946829940744,0.02872281323268666,0.05459220935249931,0.006683223007157013,0.038995533459149564,-0.17444135444578862,1.257339087470686,0.0044320038782158415,-0.23796941360581747,0.9712625368713275
692.0,26.29119676315698,6.1956128360302145,0.04416616983709776,0.028722813232690214,0.05452264864857259,0.007228801843661037,0.04237880093152393,-0.18878527498613001,1.255510253316743,0.004432003878227044,-0.25790332680136274,0.9661605618976656
693.0,26.31991957638967,6.250135484678787,0.051394971680758794,0.028722813232690214,0.05444763572521438,0.007773657806003309,0.04578807980286986,-0.203125840095695,1.253535919206765,0.0044320038782160375,-0.2775629130987472,0.9606972398283242
694.0,26.34864238962236,6.3045831204040015,0.0591686294867621,0.028722813232690214,0.054367178083664314,0.008317736409044707,0.04922302914815991,-0.21746157263907812,1.2514159695820497,0.00443200387822259,-0.2969326834633063,0.9548881289621854
695.0,26.37736520285505,6.358950298487666,0.06748636589580681,0.028722813232690214,0.0542812837695994,0.008860983245374099,0.052683305475296524,-0.2317909928362341,1.2491503038911107,0.004432003878222358,-0.3159985173304514,0.9487493316922968
696.0,26.40608801608774,6.413231582257265,0.07634734914118091,0.028722813232690214,0.054189961372396844,0.009403343990765478,0.05616856275956074,-0.2461126184155098,1.24673883663274,0.004432003878230755,-0.3347476780764767,0.9422973784130096
697.0,26.43481082932043,6.467421543629662,0.08575069313194639,0.02872281323268666,0.05409322002421568,0.009944764409592355,0.05967845247810374,-0.26042496476633004,1.2441814973942207,0.004432003878213209,-0.3531688157556269,0.9355491141139473
698.0,26.463533642553116,6.521514763653878,0.09569545754153874,0.028722813232693767,0.05399106939911569,0.010485190360266572,0.06321262364489443,-0.27472654509330524,1.2414782308902328,0.00443200387822117,-0.37125195792622817,0.9285215889130233
699.0,26.49225645578581,6.575505833052993,0.10618064790180531,0.028722813232690214,0.05388351971205729,0.011024567800641705,0.0667707228457518,-0.28901587057018896,1.2386289969989657,0.004432003878231206,-0.3889884895255575,0.9212319536133388
700.0,26.5209792690185,6.629389352765051,0.11720521570244702,0.028722813232690214,0.05377058171793525,0.011562842793423789,0.07035239427372311,-0.3032914504947937,1.2356337707981704,0.004432003878219019,-0.4063711228517008,0.913697361194543
701.0,26.54970208225119,6.683159934482986,0.1287680584958708,0.028722813232690214,0.05365226671044976,0.012099961511562507,0.07395727976465348,-0.3175517924441773,1.2324925425975712,0.004432003878222839,-0.42339385877917063,0.9059348749715439
702.0,26.57842489548388,6.736812201193436,0.14086802000743331,0.028722813232690214,0.05352858652100956,0.01263587024363444,0.07758501883300235,-0.3317954024303852,1.2292053179714757,0.004432003878220585,-0.440051940375061,0.897961383976932
703.0,26.60714770871657,6.790340787714445,0.15350389025106775,0.028722813232690214,0.053399553517512466,0.013170515399209826,0.08123524870786743,-0.3460207850565292,1.2257721177881293,0.004432003878225756,-0.45634180008925584,0.8897935259558369
704.0,26.63587052194926,6.843740341231958,0.16667440565027758,0.028722813232690214,0.053265180603169426,0.013703843514221159,0.08490760436931731,-0.3602264436736864,1.222192978240031,0.004432003878215881,-0.47226100167901797,0.8814476182024397
705.0,26.66459333518195,6.897005521835127,0.18037824916449874,0.028722813232690214,0.05312548121515448,0.014235801256301861,0.08860171858485034,-0.37441088053776994,1.2184679508694387,0.0044320038782251405,-0.4878081779908198,0.8729395963220481
706.0,26.69331614841464,6.950131003050282,0.1946140504208006,0.028722813232690214,0.052980469323292034,0.01476633543012007,0.09231722194611648,-0.38857259696703733,1.2145971025946747,0.004432003878220251,-0.5029829656665281,0.8642849608728175
707.0,26.722038961647332,7.003111472373574,0.20938038585092067,0.028722813232690214,0.05283015942863756,0.015295392982699607,0.0960537429058721,-0.4027100935000215,1.2105805157333966,0.004432003878231554,-0.5177859377732281,0.8554987317266591
708.0,26.750761774880022,7.055941631802211,0.22467577883362028,0.02872281323268666,0.05267456656207159,0.015822921008726898,0.09981090781513714,-0.416821870053851,1.2064182880260448,0.004432003878211708,-0.5322185352753431,0.8465954098924656
709.0,26.77948458811271,7.108616198364283,0.24049869984234717,0.028722813232690214,0.05251370628274454,0.016348866755839575,0.10358834096055757,-0.4309064260828376,1.2021105326549413,0.004432003878221311,-0.5462829981808978,0.8375889464648592
710.0,26.8082074013454,7.161129904647027,0.25684756659818675,0.028722813232693767,0.052347594676555254,0.01687317762990226,0.10738566460197291,-0.44496226073748973,1.1976573782644229,0.0044320038782215965,-0.5599822971020537,0.8284927182986769
711.0,26.836930214578093,7.213477499323583,0.273720744228089,0.028722813232690214,0.05217624835451051,0.017395801200259742,0.1112024990101536,-0.4589878730236681,1.193058968977209,0.004432003878221463,-0.5733200658784564,0.8193195099610077
712.0,26.865653027810783,7.265653747678093,0.29111654542834875,0.028722813232690214,0.05199968445111747,0.017916685204994454,0.11503846250486305,-0.4729817619626075,1.1883154644114156,0.004432003878218433,-0.5863005358178504,0.8100815014807614
713.0,26.894375841043473,7.317653432129211,0.3090332306333432,0.028722813232690214,0.051817920622609925,0.018435777556140565,0.11889317149295539,-0.4869424267505419,1.183427039693227,0.00443200387823691,-0.598928472021362,0.800790261394193
714.0,26.923098654276163,7.3694713527518205,0.32746900818948377,0.028722813232690214,0.05163097504522618,0.01895302634489504,0.12276624050673836,-0.5008683669189835,1.1783938854703435,0.004432003878220816,-0.6112091121745573,0.7914567445769938
715.0,26.951821467508854,7.421102327797047,0.3464220345343788,0.028722813232690214,0.05143886641335449,0.019468379846806105,0.12665728224251352,-0.514758082495146,1.1732162079217705,0.004432003878219997,-0.6231481081058343,0.7820912943549129
716.0,26.980544280741544,7.472541194210401,0.3658904143811849,0.028722813232690214,0.05124161393771409,0.019981786526957424,0.1305659075993768,-0.5286100741629971,1.1678942287682688,0.004432003878213031,-0.6347514703411431,0.7727036483939883
717.0,27.009267093974234,7.523782808148115,0.38587220090814234,0.028722813232690214,0.05103923734337901,0.020493195045107715,0.13449172571804488,-0.5424228434238519,1.1624281852783036,0.004432003878225576,-0.6460255158171898,0.7633029478881614
718.0,27.037989907206924,7.574822045491494,0.40636539595325005,0.028722813232690214,0.05083175686784269,0.021002554260830975,0.13843434401997357,-0.5561948927577203,1.1568183302748103,0.004432003878222294,-0.6569768188551969,0.7538977495844706
719.0,27.066712720439615,7.625653802359337,0.427367950214081,0.02872281323268666,0.05061919325898234,0.02150981323863227,0.14239336824663365,-0.5699247257847332,1.1510649321389943,0.004432003878224357,-0.6676121654462851,0.7444960402109235
720.0,27.0954355336723,7.676272995618319,0.4488777634527133,0.028722813232690214,0.05040156777297167,0.02201492125302995,0.14636840249885574,-0.5836108474263852,1.145168274812281,0.004432003878217241,-0.6779385108530748,0.7351052529018814
721.0,27.12415834690499,7.726674563391291,0.47089268470574325,0.028722813232690214,0.050178902172188344,0.0225178277936513,0.15035904927658233,-0.597251764067893,1.1391286577982251,0.0044320038782300845,-0.6879629404934235,0.725732285246609
722.0,27.15288116013768,7.776853465563479,0.49341051249939455,0.028722813232690214,0.04995121872300334,0.023018482570257348,0.154364909518432,-0.6108459837193322,1.1329463961603747,0.004432003878219665,-0.6976926340415794,0.7163835186167714
723.0,27.181603973370372,7.826804684286483,0.5164289950696519,0.028722813232693767,0.049718540193577354,0.023516835517789714,0.15838558264173203,-0.6243920161781171,1.1266218205203833,0.004432003878218103,-0.7071348326517077,0.7070648384641005
724.0,27.210326786603066,7.87652322448006,0.5399458305874416,0.02872281323268666,0.0494808898515533,0.024012836801365234,0.16242066658250007,-0.6378883731907853,1.120155277053017,0.004432003878234323,-0.7162968091924218,0.6977816553065714
725.0,27.239049599835752,7.926004114331613,0.5639586673888068,0.028722813232690214,0.04923829146178438,0.024506436821271294,0.1664697578357144,-0.6513335686154844,1.1135471274812327,0.004432003878211538,-0.725185841360635,0.6885389261557341
726.0,27.267772413068442,7.975242405793398,0.5884651042100781,0.028722813232690214,0.048990769283897784,0.024997586217918588,0.1705324514956401,-0.6647261185840787,1.1067977490674341,0.004432003878231748,-0.7338091875324174,0.6793411761660241
727.0,27.296495226301133,8.024233175077295,0.6134626904279967,0.028722813232693767,0.04873834806991795,0.02548623587677723,0.17460834129629302,-0.6780645416644452,1.0999075346049878,0.004432003878208088,-0.7421740652015545,0.670192520313247
728.0,27.325218039533826,8.072971523147213,0.638948926304774,0.028722813232690214,0.04848105306173345,0.025972336933282048,0.17869701965205126,-0.6913473590226893,1.0928768924058914,0.0044320038782288095,-0.7502876318480585,0.6610966849390908
729.0,27.353940852766517,8.121452576208947,0.664921263238056,0.028722813232690214,0.04821890998865008,0.026455840777739548,0.18279807769853124,-0.704573094586065,1.0857062462898066,0.004432003878221531,-0.7581569680806057,0.6520570290185106
730.0,27.382663665999207,8.169671486197597,0.6913771040157956,0.02872281323268666,0.04795194506474765,0.026936699060165492,0.18691110533332989,-0.7177402752047471,1.078396035567996,0.004432003878226679,-0.7657890628937094,0.643076565032499
731.0,27.411386479231894,8.217623431262345,0.718313803075961,0.028722813232690214,0.04768018498630511,0.027414863695135017,0.19103569125712672,-0.730847430814595,1.070946715028152,0.004432003878214287,-0.7731908008844415,0.6341579793468656
732.0,27.440109292464584,8.26530361624865,0.7457286667710961,0.028722813232690214,0.0474036569290881,0.02789028686657624,0.19517142301472154,-0.7438930945991123,1.0633587549156844,0.0044320038782232965,-0.7803689512758312,0.6253036520173879
733.0,27.468832105697274,8.312707273177738,0.7736189536376723,0.028722813232690214,0.0471223885456844,0.02836292103257443,0.19931788703642708,-0.7568758031523328,1.0556326409153276,0.004432003878218838,-0.7873301586000719,0.6165156759567506
734.0,27.497554918929964,8.359829661723422,0.8019818746702467,0.028722813232690214,0.0468364079626955,0.02883271893010475,0.20347466867928107,-0.7697940966404707,1.0477688741288427,0.004432003878215786,-0.7940809348991718,0.6077958754148313
735.0,27.526277732162654,8.406666069686118,0.8308145936003515,0.028722813232690214,0.046545743777947735,0.029299633579772943,0.20764135226861147,-0.7826465189644528,1.039767971052683,0.004432003878223455,-0.8006276533081936,0.5991458237356231
736.0,27.555000545395345,8.453211813464065,0.8601142271801244,0.028722813232690214,0.046250425057595024,0.02976361829049423,0.21181752113947538,-0.795431617921433,1.0316304635522984,0.004432003878244215,-0.8069765428929392,0.5905668603656858
737.0,27.583723358628035,8.49946223852166,0.8898778454706187,0.028722813232690214,0.045950481333287385,0.03022462666419079,0.21600275767850086,-0.8081479453674899,1.02335689883784,0.004432003878204111,-0.813133684620807,0.5820601070994418
738.0,27.612446171860725,8.545412719854948,0.9201024721348094,0.028722813232690214,0.04564594259913868,0.030682612600408943,0.2201966433655252,-0.8207940573787829,1.0149478394339122,0.004432003878220623,-0.8191050083520052,0.5736264835537885
739.0,27.641168985093415,8.591058662454087,0.9507850847352184,0.028722813232693767,0.04533683930877075,0.031137530300938687,0.22439875881548932,-0.8333685144134323,1.0064038631509733,0.004432003878230968,-0.824896290744449,0.5652667218735533
740.0,27.66989179832611,8.636395501762857,0.9819226150361571,0.028722813232690214,0.04502320237224389,0.03158933427438049,0.22860868382028707,-0.8458698814726242,0.9977255630533473,0.00443200387822511,-0.8305131539744539,0.5569813806735631
741.0,27.6986146115588,8.681418704135101,1.0135119493105376,0.02872281323268666,0.044705063153003266,0.032037979340720835,0.23282599739097676,-0.8582967282625663,0.98891354742681,0.0044320038782163776,-0.8359610651818236,0.5487708582292743
742.0,27.727337424791486,8.726123767288104,1.0455499286512584,0.028722813232690214,0.04438245346470282,0.03248342063582754,0.23705027779972376,-0.8706476293549223,0.9799684397427657,0.004432003878224483,-0.8412453365550797,0.5406354049319689
743.0,27.756060238024176,8.770506220752807,1.078033349287086,0.028722813232690214,0.044055405568039774,0.032925613615938154,0.24128110262197405,-0.882921164347704,0.970890878622267,0.004432003878216567,-0.8463711259796287,0.5325751350275368
744.0,27.784783051256866,8.814561626320847,1.110958962903024,0.028722813232690214,0.04372395216753766,0.033364514062129036,0.2455180487788158,-0.8951159180262175,0.9616815177977145,0.004432003878220897,-0.8513434381781153,0.524590037660542
745.0,27.813505864489557,8.858285578488385,1.1443234769651531,0.028722813232690214,0.04338812640824763,0.033800078084711194,0.24976069257908898,-0.9072304805226669,0.9523410260722545,0.004432003878223512,-0.8561671262778435,0.5166799872481638
746.0,27.842228677722247,8.901673704896632,1.1781235550498643,0.028722813232690214,0.04304796187247639,0.03423226212765429,0.2540086097620161,-0.9192634474771512,0.9428700872792606,0.00443200387823205,-0.8608468937467274,0.5088447532089077
747.0,27.870951490954937,8.944721666769109,1.2123558171775186,0.02872281323268666,0.042703492576389834,0.03466102297291185,0.25826137553940326,-0.9312134201965496,0.9332694002379405,0.00443200387823244,-0.8653872966444156,0.5010840090724245
748.0,27.899674304187624,8.987425159345499,1.2470168401504305,0.028722813232693767,0.04235475296663793,0.0350863177447589,0.26251856463822765,-0.9430790058143473,0.923539678708829,0.004432003878213005,-0.869792746139741,0.4933973409984208
749.0,27.928397117420317,9.029779912312137,1.2821031578951894,0.028722813232690214,0.04200177791687487,0.03550810391406434,0.2667797513430724,-0.9548588174493496,0.9136816513465371,0.004432003878226238,-0.8740675112512968,0.4857842557314796
750.0,27.957119930653008,9.071781690229011,1.3176112618092537,0.028722813232690214,0.041644602724328905,0.03592633930257105,0.27104450953887094,-0.9665514743650752,0.9036960616522756,0.004432003878204977,-0.878215721772107,0.47824418801896657
751.0,27.985842743885698,9.11342629295334,1.3535376011118248,0.028722813232690214,0.041283263106210555,0.03634098208708547,0.27531241275334256,-0.9781556021273826,0.8935836679224796,0.004432003878227142,-0.8822413713424654,0.4707765075207019
752.0,28.014565557118388,9.15470955605955,1.3898785831989102,0.028722813232690214,0.0409177951961901,0.036751990803679524,0.27958303419975383,-0.9896698327629538,0.8833452431981885,0.004432003878217241,-0.8861483206405111,0.46338052523560497
753.0,28.04328837035108,9.195627351255741,1.4266305740025897,0.028722813232690214,0.04054823554074005,0.037159324351812906,0.28385594681943604,-1.0010928049161765,0.8729815752103554,0.0044320038782207916,-0.8899403006619282,0.4560554994727947
754.0,28.07201118358377,9.236175586796481,1.4637898983544027,0.028722813232690214,0.04017462109553094,0.03756294199847998,0.28813072332475914,-1.0124231640073063,0.8624934663260966,0.004432003878218706,-0.8936209160641196,0.44880064139253095
755.0,28.10073399681646,9.276350207892012,1.5013528403528826,0.028722813232690214,0.039796989221688506,0.037962803382249666,0.2924069362416202,-1.0236595623882172,0.8518817334905311,0.004432003878233863,-0.8971936485531994,0.4416151201413075
756.0,28.12945681004915,9.3161471971137,1.5393156437351323,0.028722813232690214,0.0394153776820918,0.03835886851732062,0.296684157952317,-1.034800659499162,0.8411472081692293,0.004432003878223255,-0.9006618602939789,0.43449806760607423
757.0,28.15817962328184,9.355562574795792,1.577674512252453,0.028722813232690214,0.03902982463756821,0.0387510977974983,0.30096196073815257,-1.0458451220239156,0.8302907362872308,0.004432003878208766,-0.9040287973264953,0.42744858280971487
758.0,28.18690243651453,9.39459239943336,1.6164256100499512,0.02872281323268666,0.03864036864310805,0.039139452000191755,0.30523991682249735,-1.056791624046052,0.8193131781680998,0.004432003878223765,-0.9072975929739623,0.42046573597057557
759.0,28.215625249747216,9.433232768076468,1.655565062050143,0.028722813232690214,0.03824704864398143,0.03952389229030162,0.3095175984132902,-1.0676388472026903,0.8082154084694788,0.004432003878231293,-0.9104712712296569,0.4135485722464482
760.0,28.244348062979906,9.47147981672045,1.6950889543404446,0.028722813232693767,0.03784990397187116,0.03990438022412279,0.3137945777459524,-1.0783854808392936,0.7969983161190044,0.004432003878207663,-0.9135527501111416,0.4066961151842901
761.0,28.2730708762126,9.509329720692321,1.7349933345645674,0.028722813232690214,0.03744897434089367,0.040280877753167355,0.31807042712603845,-1.0890302221626955,0.7856628042460381,0.0044320038782394156,-0.9165448449730447,0.39990736989328024
762.0,28.30179368944529,9.546778695033215,1.7752742123177347,0.028722813232690214,0.03704429984369462,0.040653347228008174,0.32234471897225914,-1.0995717763952564,0.7742097901149303,0.004432003878219455,-0.9194502717695966,0.3931813259609848
763.0,28.33051650267798,9.58382299487691,1.815927559545743,0.028722813232690214,0.036635920947380995,0.04102175140200304,0.32661702585895247,-1.1100088569262734,0.762640205053572,0.0044320038782155406,-0.922271650260659,0.38651696012866493
764.0,28.35923931591067,9.62045891582429,1.856949310947746,0.028722813232690214,0.036223878489508365,0.04138605343504698,0.3308869205590308,-1.120340185464639,0.7509549943824458,0.004432003878214671,-0.9250115071553479,0.37991323874249905
765.0,28.38796212914336,9.656682794313799,1.898335364382793,0.028722813232690214,0.03580821367396325,0.04174621689722713,0.33515397608648523,-1.1305644921893103,0.7391551173403339,0.004432003878236496,-0.9276722791886476,0.37336911999596734
766.0,28.41668494237605,9.692491007987762,1.94008158128002,0.028722813232690214,0.03538896806689529,0.042102205772511114,0.33941776573942406,-1.1406805159012463,0.7272415470108083,0.004432003878227731,-0.9302563161271898,0.3668835559780423
767.0,28.44540775560874,9.727879976054657,1.9821837870525312,0.028722813232690214,0.0349661835925108,0.04245398446230153,0.34367786314238147,-1.1506870041720685,0.715215270244201,0.004432003878218525,-0.9327658837014853,0.3604554945401867
768.0,28.47413056884143,9.762846159647168,2.0246377715148327,0.02872281323268666,0.034539902528905486,0.04280151778902441,0.3479338422891842,-1.1605827134942068,0.7030772875801133,0.0044320038782169596,-0.9352031664619628,0.35408388099593263
769.0,28.502853382074118,9.797386062176074,2.067439289303857,0.028722813232690214,0.034110167503836664,0.043144770999640425,0.352185277585488,-1.170366409429314,0.6908286131674,0.004432003878210625,-0.9375702705576026,0.34776765966398787
770.0,28.53157619530681,9.83149622967991,2.1105840603034975,0.028722813232690214,0.03367702149043339,0.04348370976910232,0.3564317438912179,-1.1800368667557595,0.678470274682291,0.004432003878242141,-0.9398692264357376,0.3415057752669953
771.0,28.5602990085395,9.865173251170344,2.1540677700726,0.028722813232690214,0.033240507802947405,0.04381830020382793,0.3606728165633796,-1.1895928696169202,0.6660033132463712,0.004432003878237107,-0.9421019914627087,0.33529717419570043
772.0,28.58902182177219,9.898413758973291,2.197886070276428,0.028722813232690214,0.03280067009238152,0.044148508845047285,0.3649080714981921,-1.1990332116664781,0.6534287833409648,0.0044320038782155536,-0.9442704524649322,0.3291408056490341
773.0,28.61774463500488,9.931214429065673,2.242034579121475,0.028722813232693767,0.032357552342146434,0.044474302672177224,0.369137085173735,-1.2083566962149355,0.640747752721464,0.004432003878207691,-0.9463764281906516,0.3230356226590622
774.0,28.646467448237573,9.963571981407819,2.2865088817936523,0.028722813232690214,0.03191119886363225,0.044795649106093016,0.37335943469206595,-1.2175621363737197,0.6279613023288352,0.004432003878233335,-0.948421671692901,0.31698058300922216
775.0,28.675190261470263,9.995483180271451,2.3313045308997453,0.02872281323268666,0.03146165429182801,0.04511251601243327,0.37757469782186315,-1.2266483552005982,0.6150705262013729,0.004432003878219338,-0.9504078726343382,0.31097465005414027
776.0,28.70391307470295,10.02694483456328,2.3764170469121786,0.028722813232690214,0.031008963580815063,0.045424871704763614,0.3817824530402514,-1.2356141858416287,0.6020765313826961,0.004432003878202153,-0.9523366595149346,0.30501679344842464
777.0,28.73263588793564,10.057953798144094,2.421841918616942,0.028722813232693767,0.030553171999283535,0.04573268494778393,0.38598227957531234,-1.2444584716748073,0.5889804378297286,0.004432003878239274,-0.9542096018236667,0.29910598979148345
778.0,28.761358701168334,10.088506970143378,2.467574603564726,0.028722813232690214,0.030094325126011512,0.04603592496041031,0.3901737574477311,-1.2531800664505104,0.5757833783186783,0.004432003878203439,-0.9560282121156732,0.2932412231943741
779.0,28.790081514401024,10.11860129526939,2.5136105285251364,0.02872281323268666,0.029632468845306903,0.04633456141890813,0.3943564675133463,-1.2617778344338435,0.5624864983492904,0.004432003878231012,-0.9577939480160111,0.28742148577572596
780.0,28.81880432763371,10.148233764114696,2.5599450899440446,0.028722813232690214,0.029167649342406676,0.04662856445987629,0.39852999150461144,-1.270250650543225,0.5490909560475048,0.0044320038782431825,-0.9595082141519072,0.2816457780912773
781.0,28.8475271408664,10.177401413457103,2.606573654403921,0.028722813232690214,0.02869991309888853,0.04691790468325907,0.40269391207260163,-1.2785974004902043,0.5355979220678483,0.004432003878187051,-0.9611723640149076,0.2759131095030059
782.0,28.87624995409909,10.206101326555991,2.65349155908718,0.028722813232690214,0.0282293068879671,0.047202553155264226,0.40684781282866966,-1.2868169809168775,0.5220085794913295,0.004432003878238177,-0.9627877017548274,0.27022249849204
783.0,28.90497276733178,10.234330633443959,2.700694112242444,0.028722813232690214,0.027755877769886084,0.04748248141129263,0.41099127838627325,-1.2949082995341852,0.5083241237259359,0.004432003878215336,-0.9643554839069861,0.2645729729207918
784.0,28.93369558056447,10.262086511213845,2.748176593653737,0.028722813232690214,0.027279673087155842,0.04775766145874849,0.41512389440229275,-1.3028702752571184,0.49454576240177983,0.004432003878230677,-0.9658769210548453,0.25896357024731376
785.0,28.96241839379716,10.289366184301,2.7959342551124853,0.028722813232693767,0.026800740459853145,0.04802806577986152,0.4192452476186086,-1.3107018383406746,0.480674715267362,0.0044320038782175684,-0.9673531794295684,0.2533933376968078
786.0,28.991141207029855,10.316166924760854,2.843962320892347,0.02872281323268666,0.02631912778083567,0.04829366733440965,0.42335492590319285,-1.3184019305134065,0.46671221408294383,0.004432003878211503,-0.9687853824485113,0.2478613323931652
787.0,29.019864020262542,10.34248605254169,2.8922559882267564,0.028722813232690214,0.025834883210972492,0.04855443956247418,0.42745251829179354,-1.3259695051120897,0.4526595025129271,0.004432003878244976,-0.9701746121943814,0.24236662145416177
788.0,29.048586833495232,10.368320935752662,2.9408104277892306,0.028722813232690214,0.02534805517431593,0.04881035638704567,0.43153761502854926,-1.333403527212807,0.4385178360171289,0.0044320038782376,-0.9715219108368536,0.23690828205348177
789.0,29.077309646727922,10.393668990926978,2.9896207841762763,0.028722813232693767,0.024858692353269873,0.04906139221665562,0.43560980760718016,-1.340702973762788,0.4242884817399395,0.004432003878199178,-0.9728282819985673,0.23148540145188276
790.0,29.106032459960616,10.418527683280248,3.038682176392932,0.028722813232690214,0.024366843683701234,0.04930752194792154,0.43966868881175336,-1.347866833710386,0.4099727183981232,0.004432003878217386,-0.9740946920670626,0.22609707700100407
791.0,29.134755273193306,10.442894526963949,3.0879896983408535,0.02872281323268666,0.023872558350067408,0.04954872096808449,0.44371385275762426,-1.3548941081349788,0.39557183616761005,0.004432003878242003,-0.9753220714546252,0.22074241612132964
792.0,29.163478086425993,10.466767085314016,3.137538419308938,0.028722813232690214,0.023375885780495764,0.049784965157442684,0.4477448949317433,-1.3617838103743605,0.3810871365687413,0.004432003878211996,-0.9765113158075857,0.2154205362572499
793.0,29.192200899658683,10.490142971094512,3.1873233844663806,0.02872281323268666,0.022876875641825833,0.050016230891772206,0.45176141223324356,-1.3685349661521264,0.36651993234975955,0.004432003878222219,-0.9776632871668416,0.21013056481090256
794.0,29.22092371289137,10.513019846736338,3.237339615358153,0.028722813232693767,0.022375577834655047,0.050242495044696245,0.4557630030137852,-1.3751466137036588,0.3518715473689075,0.004432003878232,-0.9787788150812479,0.20487163905668226
795.0,29.249646526124064,10.535395424570993,3.287582110402849,0.028722813232690214,0.0218720424883454,0.05046373498997658,0.4597492671175071,-1.3816178039005793,0.3371433164759783,0.004432003878212586,-0.979858697675353,0.19964290603871906
796.0,29.278369339356754,10.557267467059338,3.3380458453928257,0.028722813232690214,0.0213663199560159,0.05067992860381443,0.46371980592142736,-1.3879476003753342,0.3223365853912004,0.004432003878217335,-0.9809037026732509,0.19444352245197105
797.0,29.307092152589444,10.578633787015354,3.38872577399664,0.028722813232690214,0.02085846080949416,0.05089105426702556,0.4676742223749568,-1.3941350796428393,0.3074527105835524,0.004432003878231759,-0.9819145683798176,0.18927265450957198
798.0,29.335814965822134,10.599492247824848,3.4396168282636657,0.028722813232690214,0.020348515834275105,0.051097090867223915,0.47161212103977945,-1.4001793312224453,0.2924930591477754,0.004432003878216995,-0.9828920046210077,0.1841294777967953
799.0,29.364537779054825,10.619840763659123,3.4907139191308896,0.028722813232690214,0.019836536024429918,0.05129801780090659,0.4755331081291604,-1.4060794577574,0.2774590086794631,0.004432003878197798,-0.9838366936444974,0.17901317711354925
800.0,29.393260592287515,10.639677299683553,3.542011936931796,0.028722813232690214,0.01932257257750969,0.05149381497556149,0.4794367915478163,-1.411834575135265,0.26235194714922644,0.0044320038782420185,-0.984749290982098,0.1739229463063418
801.0,29.421983405520205,10.658999872261063,3.5935057519073577,0.028722813232690214,0.018806676889436602,0.05168446281163197,0.4833227809306132,-1.417443812604429,0.24717327277576062,0.004432003878214875,-0.985630426275292,0.1688579880906132
802.0,29.450706218752895,10.6778065491505,3.6451902147189896,0.028722813232690214,0.018288900549347176,0.05186994224449393,0.4871906876818663,-1.4229063128912673,0.23192439389676583,0.004432003878220184,-0.9864807040650991,0.1638175138648172
803.0,29.479429031985585,10.696095449699847,3.6970601569634836,0.028722813232690214,0.017769295334442603,0.052050234726348954,0.4910401250140251,-1.428221232315113,0.2166067288393369,0.0044320038782195564,-0.9873007045475822,0.15880074351674567
804.0,29.508151845218276,10.71386474503429,3.7491103916898325,0.028722813232690214,0.017247913204810672,0.05222532222810905,0.4948707079866732,-1.43338774090325,0.20122170578877463,0.0044320038782441305,-0.9880909842961318,0.15380690522315443
805.0,29.536874658450966,10.7311126582391,3.8013357139179416,0.02872281323268666,0.016724806298231698,0.05239518724116987,0.49868205354469797,-1.438405022502897,0.1857707626562196,0.004432003878231022,-0.9888520769517084,0.14883523524325748
806.0,29.565597471683652,10.747837464537332,3.8537309011591114,0.028722813232693767,0.01620002692496314,0.052559812779170656,0.5024737805566983,-1.4432722748929603,0.17025534694464262,0.004432003878206939,-0.9895844938820936,0.1438849777070019
807.0,29.594320284916346,10.764037491462295,3.906290713938282,0.028722813232690214,0.015673627562497572,0.05271918237968665,0.506245509853074,-1.4479887098943234,0.15467691561409908,0.004432003878220756,-0.9902887248112331,0.13895538439860877
808.0,29.623043098149036,10.779711119024793,3.9590098963179687,0.02872281323268666,0.015145660850343745,0.052873280105900644,0.5099968642641031,-1.4525535534793017,0.13903693494561653,0.004432003878196747,-0.9909652384197112,0.13404571453570788
809.0,29.651765911381723,10.794856779875136,4.011883176423869,0.028722813232690214,0.01461617958471706,0.05302209054816487,0.5137274686574944,-1.4569660458784752,0.12333688040275353,0.004432003878261101,-0.9916144829172241,0.1291552345452145
810.0,29.680488724614413,10.809472959459853,4.064905266972034,0.028722813232693767,0.014085236713324178,0.05316559882556415,0.5174369499758869,-1.4612254416876993,0.10757823649492437,0.004432003878181977,-0.9922368865880852,0.12428321783574442
811.0,29.709211537847107,10.823558196173177,4.118070865797598,0.028722813232690214,0.013552885329984221,0.053303790587375666,0.5211249372741849,-1.46533100997216,0.09176249663485042,0.00443200387827166,-0.9928328583105892,0.11942894456725517
812.0,29.737934351079797,10.837111081503162,4.171374656384974,0.028722813232690214,0.013019178669415155,0.053436652014553054,0.5247910617567949,-1.469282034371352,0.0758911630001135,0.004432003878192709,-0.9934027880510701,0.11459170141849026
813.0,29.766657164312488,10.850130260172577,4.224811308399527,0.028722813232690214,0.012484170101823011,0.05356416982105916,0.5284349568143316,-1.4730778131999642,0.05996574638862828,0.004432003878247257,-0.9939470473334793,0.10977078135224089
814.0,29.795379977545178,10.8626144302744,4.278375478220586,0.028722813232690214,0.011947913127626109,0.053686331255225817,0.5320562580603622,-1.4767176595495615,0.04398776607682292,0.004432003878216291,-0.9944659896852477,0.10496548337889107
815.0,29.824102790777868,10.874562343402026,4.332061809475812,0.028722813232690214,0.011410461372074465,0.05380312410099375,0.5356546033675899,-1.480200901386972,0.027958749674166727,0.004432003878200098,-0.9949599510601399,0.10017511231851851
816.0,29.852825604010558,10.8859728047741,4.385864933576806,0.028722813232690214,0.010871868579890531,0.053914536679194214,0.5392296329047066,-1.4835268816540836,0.011880232977522609,0.004432003878242819,-0.9954292502388011,0.09539897856183543
817.0,29.88154841724325,10.896844673353991,4.439779470256,0.02872281323268666,0.010332188609911697,0.054020557848653894,0.5427809891716165,-1.4866949583625615,-0.004246240175177607,0.004432003878204156,-0.9958741892076678,0.09063639782997665
818.0,29.910271230475935,10.907176861963903,4.493800028104654,0.028722813232690214,0.009791475429681284,0.05412117700734598,0.5463083170356889,-1.4897045046900081,-0.0204191180538012,0.004432003878221359,-0.9962950535168211,0.08588669093368294
819.0,29.938994043708625,10.916968337393584,4.547921205112,0.028722813232690214,0.009249783110067966,0.054216384093444425,0.549811263767137,-1.4925549090736283,-0.036636841184227054,0.004432003878224454,-0.9966921126174096,0.08114918353174135
820.0,29.967716856941315,10.926218120503652,4.602137589205444,0.028722813232690214,0.00870716581984965,0.05430616958630097,0.553289479074011,-1.495245575301414,-0.052897842499170344,0.0044320038782238525,-0.9970656201791782,0.07642320588887946
821.0,29.996439670174006,10.934925286323502,4.656443758791745,0.028722813232690214,0.008163677820308024,0.05439052450746207,0.5567426151378851,-1.4977759226049054,-0.06920054748888427,0.0044320038782189606,-0.9974158143886068,0.07170809263350743
822.0,30.025162483406696,10.94308896414381,4.710834283299207,0.028722813232690214,0.007619373459784029,0.05446944042149582,0.560170326647949,-1.5001453857462952,-0.08554337435404394,0.004432003878237499,-0.9977429182281828,0.0670031825149596
823.0,30.053885296639386,10.950708337603594,4.765303723720703,0.028722813232693767,0.007074307168267069,0.05454290943688456,0.5635722708359623,-1.5023534151076285,-0.10192473415839817,0.004432003878206777,-0.9980471397372283,0.0623078181608129
824.0,30.08260810987208,10.95778264477186,4.819846633157588,0.028722813232690214,0.006528533451925611,0.05461092420677005,0.566948107510176,-1.504399476775794,-0.11834303098372781,0.004432003878221646,-0.9983286722547358,0.057621345833985024
825.0,30.11133092310477,10.964311178223786,4.874457557364358,0.02872281323268666,0.0059821068876821926,0.05467347792975108,0.5702974990899173,-1.5062830526289652,-0.1347966620847976,0.004432003878212915,-0.998587694644598,0.05294311518989483
826.0,30.140053736337457,10.970293285111469,4.929131035294109,0.028722813232690214,0.005435082117733359,0.05473056435049806,0.5736201106387385,-1.508003640417877,-0.15128401804620206,0.004432003878234532,-0.9988243715036036,0.048272479033649215
827.0,30.168776549570147,10.975728367229202,4.983861599644607,0.028722813232693767,0.004887513844101576,0.05478217776042538,0.5769156098983442,-1.5095607538489177,-0.16780348293907218,0.004432003878232137,-0.9990388533525412,0.04360879307735055
828.0,30.19749936280284,10.980615881073303,5.038643777405032,0.028722813232690214,0.004339456823158727,0.05482831299821722,0.5801836673213553,-1.510953922662758,-0.18435343447973448,0.004432003878213494,-0.9992312768107231,0.0389514156974503
829.0,30.22622217603553,10.984955337896462,5.0934720904032496,0.02872281323268666,0.003790965860151374,0.05486896545040487,0.583423956104929,-1.5121826927146005,-0.20093224418910338,0.004432003878219276,-0.9994017647542168,0.03429970769234849
830.0,30.254944989268218,10.988746303756614,5.148341055853654,0.028722813232690214,0.003242095803713596,0.05490413105177172,0.5866361522228557,-1.5132466260494508,-0.21753827755292393,0.0044320038782416,-0.9995504264580418,0.02965303204008223
831.0,30.283667802500908,10.991988399560327,5.203245186905426,0.028722813232690214,0.002692901540401138,0.05493380628579114,0.5898199344582079,-1.5141453009784565,-0.23416989418211767,0.00443200387820659,-0.9996773577225664,0.025010753656208348
832.0,30.312390615733598,10.994681301100728,5.258178993191217,0.028722813232690214,0.0021434379891740463,0.05495798818495068,0.5929749844353089,-1.5148783121516105,-0.2508254479760214,0.004432003878231992,-0.9997826409843114,0.02037223915182126
833.0,30.34111342896629,10.996824739089902,5.313136981376168,0.028722813232690214,0.0015937600959414766,0.05497667433109399,0.5961009866518748,-1.5154452706312949,-0.26750328728398604,0.00443200387818943,-0.999866345411342,0.015736856591788844
834.0,30.36983624219898,10.998418499185844,5.368113655707262,0.028722813232690214,0.0010439228280194612,0.05498986285561802,0.5991976285103259,-1.515845803961366,-0.2842017550706357,0.004432003878261889,-0.9999285269834052,0.011103975253077946
835.0,30.39855905543167,10.999462422013863,5.42310351856288,0.028722813232693767,0.0004939811686899276,0.05499755243968618,0.6022646003490388,-1.5160795562367544,-0.3009191890788457,0.004432003878204044,-0.9999692285569445,0.006472965383265063
836.0,30.427281868664362,10.999956403182553,5.478101071002566,0.02872281323268666,-5.6009888346864045e-05,0.054999742314332245,0.605301595473269,-1.516146188169906,-0.3176539219964707,0.004432003878231562,-0.9999884799150973,0.001843197959136729
837.0,30.45600468189705,10.999900393294206,5.533100813316898,0.028722813232690214,-0.0006059953444417232,0.05499643226058559,0.6083083101861904,-1.5160453771574811,-0.33440428162231006,0.0044320038782277625,-0.9999862978027606,-0.002785955554594008
838.0,30.48472749512974,10.999294397949765,5.588097245577484,0.028722813232690214,-0.0011559202015067882,0.05498762260944101,0.6112844438187478,-1.5157768173430115,-0.35116859103273673,0.0044320038782179995,-0.9999626859467792,-0.0074151234464978275
839.0,30.51345030836243,10.998138477748258,5.643084868186925,0.028722813232693767,-0.0017057294675151269,0.054973314241864024,0.6142296987601462,-1.5153402196799373,-0.36794516875019845,0.004432003878216671,-0.999917635061293,-0.012044933999585592
840.0,30.542173121595123,10.996432748280743,5.698058182428789,0.02872281323268666,-0.0022553681619967847,0.05495350858866388,0.6171437804871658,-1.5147353119911524,-0.3847323289113067,0.004432003878213693,-0.9998511228382531,-0.01667601573242401
841.0,30.57089593482781,10.994177380118746,5.753011691017453,0.028722813232690214,-0.0028047813215437145,0.054928207630404735,0.62002639759425,-1.5139618390291403,-0.40152838143707986,0.004432003878227856,-0.9997631139230888,-0.021308997640252784
842.0,30.5996187480605,10.991372598797202,5.807939898647858,0.02872281323268666,-0.0033539140052933902,0.05489741389715608,0.6228772618220073,-1.5130195625319227,-0.41833163220188013,0.004432003878212279,-0.9996535598754913,-0.02594450943612274
843.0,30.628341561293187,10.988018684791909,5.862837312545014,0.028722813232693767,-0.003902711300440842,0.05486113046827068,0.6256960880864806,-1.511908261278964,-0.4351403832056482,0.004432003878234378,-0.9995223991152468,-0.030583181792031382
844.0,30.65706437452588,10.984115973491468,5.917698443013284,0.028722813232690214,-0.004451118327706283,0.05481936097204354,0.6284825945071536,-1.5106277311442582,-0.45195293274392817,0.004432003878212645,-0.999369556853035,-0.035225646580183706
845.0,30.68578718775857,10.979664855163762,5.972517803985328,0.028722813232690214,-0.004999080246850696,0.0547721095854099,0.6312365024359704,-1.5091777851496917,-0.4687675755817894,0.004432003878239781,-0.9991949450060774,-0.039872537114224706
846.0,30.71451000099126,10.974665774916911,6.027289913570738,0.028722813232690214,-0.0055465422621399085,0.0547193810334603,0.633957536484344,-1.5075582535134981,-0.4855826031255528,0.004432003878238127,-0.9989984620985026,-0.04452448839066175
847.0,30.74323281422395,10.969119232654771,6.082009294604198,0.028722813232690214,-0.006093449627817549,0.0546611805890036,0.6366454245510438,-1.5057689836996744,-0.5023963035963943,0.004432003878178116,-0.9987799931462622,-0.04918213733030044
848.0,30.77195562745664,10.963025783026954,6.136670475193202,0.028722813232690214,-0.006639747653613526,0.05459751407204738,0.6392998978496958,-1.503809840464943,-0.5192069622055553,0.004432003878232371,-0.9985394095264138,-0.053846123019808956
849.0,30.80067844068933,10.95638603537334,6.191267989265249,0.028722813232690214,-0.00718538171018146,0.0545283878491718,0.6419206909349857,-1.5016807059023327,-0.5360128613281931,0.004432003878251915,-0.9982765688305605,-0.05851708695335463
850.0,30.829401253922022,10.949200653663159,6.245796377114421,0.028722813232690214,-0.007730297234557426,0.05445380883295314,0.6445075417298356,-1.499381479486205,-0.5528122806786712,0.0044320038781834135,-0.9979913147021988,-0.06319567327436677
851.0,30.858124067154712,10.941470356428601,6.300250185947374,0.028722813232690214,-0.008274439735661332,0.05437378448123287,0.6470601915514576,-1.496912078112427,-0.5696034974879474,0.004432003878257261,-0.9976834766577224,-0.06788252901728889
852.0,30.886846880387402,10.93319591669294,6.354623970428607,0.028722813232690214,-0.008817754799679278,0.0542883227963733,0.6495783851368206,-1.4942724361380297,-0.5863847866780776,0.004432003878187692,-0.9973528698907843,-0.0725783043494416
853.0,30.915569693620093,10.92437816189326,6.40891229322498,0.028722813232690214,-0.009360188095570265,0.05419743232447605,0.6520618706687924,-1.4914625054196042,-0.6031544210413354,0.004432003878237022,-0.9969992950596926,-0.07728365281286499
854.0,30.944292506852783,10.91501797379769,6.463109725549456,0.028722813232690214,-0.009901685380450331,0.05410112215451868,0.6545103998009152,-1.4884822553490586,-0.6199106714163307,0.004432003878211488,-0.9966225380575103,-0.08199923156609347
855.0,30.973015320085473,10.90511628841724,6.517210847703975,0.028722813232690214,-0.010442192505042414,0.05399940191741326,0.656923727682048,-1.4853316728868298,-0.6366518068669367,0.004432003878233188,-0.996222369764464,-0.08672570162586625
856.0,31.001738133318163,10.894674095912197,6.571210249621388,0.028722813232690214,-0.010981655419087133,0.05389228178512173,0.6593016129816821,-1.4820107625967216,-0.6533760948607878,0.004432003878227121,-0.9957985457822692,-0.09146372810869488
857.0,31.030460946550853,10.88369244049311,6.62510253140651,0.028722813232690214,-0.011520020176741141,0.05377977246956345,0.6616438179132089,-1.478519546674167,-0.6700818014481698,0.004432003878217538,-0.995350806149947,-0.09621398047204066
858.0,31.059183759783544,10.87217242031637,6.678882303876073,0.028722813232690214,-0.012057232941977247,0.05366188522157511,0.663950108258075,-1.4748580649759622,-0.6867671914417395,0.00443200387821714,-0.9948788750406434,-0.10097713275532938
859.0,31.087906573016234,10.860115187374392,6.7325441890976485,0.02872281323268666,-0.012593239993965,0.053538631829781025,0.666220253389132,-1.471026375047084,-0.703430528596374,0.004432003878220585,-0.9943824604389843,-0.10575386382036056
860.0,31.11662938624892,10.847521947380427,6.7860828209274295,0.028722813232690214,-0.013127987732451274,0.05341002461942246,0.6684540262938476,-1.467024552145933,-0.7200700757900247,0.004432003878245004,-0.9938612537984242,-0.11054485759115161
861.0,31.14535219948161,10.834393959647976,6.839492845546852,0.028722813232690214,-0.013661422683103552,0.053276076451106213,0.6706512035966872,-1.4628526892672482,-0.736684095203603,0.004432003878226199,-0.9933149296780295,-0.11535080329306115
862.0,31.1740750127143,10.820732536964872,6.892768921997958,0.02872281323269732,-0.014193491502872746,0.05313680071955229,0.6728115655819212,-1.4585108971642866,-0.753270848503091,0.004432003878203424,-0.9927431453581255,-0.12017239569085476
863.0,31.202797825947,10.806539045462,6.9459057227175105,0.028722813232690214,-0.01472414098531516,0.05299221135218968,0.6749348962148124,-1.4539993043667387,-0.7698285970201084,0.004432003878216838,-0.9921455404341428,-0.12501033532578948
864.0,31.23152063917969,10.791814904476684,6.9988979340697,0.02872281323268666,-0.01525331806593222,0.052842322807861386,0.6770209831644078,-1.4493180572009978,-0.7863556019351425,0.0044320038782234275,-0.9915217363880475,-0.12986532875118917
865.0,31.260243452412375,10.776561586410752,7.051740256877562,0.028722813232690214,-0.015780969827451585,0.05268715007528435,0.6790696178235782,-1.4444673198034386,-0.8028501244583705,0.0044320038782202755,-0.9908713361366172,-0.13473808876653492
866.0,31.288966265645065,10.7607806165833,7.104427406952846,0.02872281323268666,-0.016307043505142005,0.052526708671607025,0.6810805953306501,-1.4394472741361914,-0.8193104260128317,0.004432003878237812,-0.990193923555856,-0.1396293346495745
867.0,31.317689078877752,10.744473573078158,7.156954115624453,0.028722813232690214,-0.01683148649206956,0.05236101464083642,0.6830537145895201,-1.4342581199982662,-0.8357347684170648,0.004432003878213475,-0.989489062980795,-0.1445397923860834
868.0,31.346411892110442,10.727642086586089,7.209315130265289,0.028722813232690214,-0.017354246344375213,0.05219008455223406,0.6849887782898879,-1.4289000750361815,-0.8521214140680967,0.004432003878223963,-0.988756298679789,-0.14947019489740182
869.0,31.375134705343132,10.710287840241714,7.261505214817523,0.028722813232690214,-0.017875270786506192,0.052013935498668395,0.686885592926995,-1.42337337475234,-0.8684686261247325,0.004432003878207558,-0.987995154302585,-0.15442128226457244
870.0,31.403857518575823,10.692412569455207,7.313519150316192,0.028722813232690214,-0.018394507716454456,0.05183258509489885,0.6887439688209818,-1.4176782725114254,-0.8847746686912104,0.004432003878224285,-0.9872051323011501,-0.15939380194942343
871.0,31.432580331808513,10.674018061738753,7.365351735411091,0.028722813232693767,-0.01891190521096675,0.05164605147581902,0.6905637201359056,-1.4118150395450892,-0.9010378070009826,0.004432003878248497,-0.9863857133224176,-0.16438850901157362
872.0,31.461303145041207,10.655106156527786,7.41699778688691,0.028722813232690214,-0.019427411530706706,0.05145435329461634,0.6923446648978152,-1.405783964953945,-0.917256307599468,0.004432003878197991,-0.9855363555719339,-0.1694061663211063
873.0,31.490025958273897,10.63567874499708,7.468452140181526,0.028722813232690214,-0.019940975125489757,0.05125750972096821,0.6940866250140533,-1.399585355710046,-0.9334284385304106,0.004432003878242339,-0.9846564941474056,-0.1744475447662226
874.0,31.518748771506587,10.61573776987159,7.519709649902494,0.028722813232690214,-0.020452544639375958,0.05105554043906313,0.6957894262899457,-1.3932195366541182,-0.9495524695177516,0.004432003878213987,-0.9837455403410925,-0.1795134234552814
875.0,31.547471584739277,10.595285225232214,7.570765190341557,0.028722813232690214,-0.020962068915842735,0.0508484656456627,0.6974528984468208,-1.3866868504934025,-0.9656266721513221,0.00443200387821539,-0.9828028809099298,-0.18460458991250908
876.0,31.576194397971967,10.574323156316371,7.62161365598722,0.02872281323268666,-0.021469497002884808,0.05063630604806857,0.6990768751387778,-1.3799876577964016,-0.981649320070716,0.004432003878219754,-0.9818278773122462,-0.18972184026661812
877.0,31.604917211204654,10.552853659313486,7.672249962035289,0.028722813232690214,-0.021974778158119435,0.05041908286206631,0.7006611939695521,-1.373122336986419,-0.9976186891503258,0.0044320038782292865,-0.9808198649098756,-0.19486597943149786
878.0,31.633640024437344,10.530878881155367,7.722669044897355,0.028722813232690214,-0.022477861853849035,0.05019681780979646,0.7022056965085881,-1.3660912843329016,-1.0135330576831996,0.00443200387821476,-0.9797781521344161,-0.2000378212781082
879.0,31.662362837670035,10.508401019301518,7.772865862707151,0.028722813232693767,-0.022978697782130908,0.04996953311758201,0.7037102283070097,-1.3588949139405322,-1.0293907065666388,0.0044320038782388604,-0.9787020196164063,-0.20523818879631237
880.0,31.69108565090273,10.485422321519387,7.822835395824733,0.028722813232690214,-0.02347723585977235,0.04973725151368047,0.705174638912522,-1.351533657736187,-1.0451899194853729,0.0044320038782124085,-0.977590719275965,-0.21046791424615047
881.0,31.71980846413542,10.461945085659615,7.872572647338414,0.02872281323268666,-0.023973426233400374,0.0494999962260847,0.7065987818857093,-1.344007965456574,-1.0609289830985644,0.004432003878236793,-0.9764434733736564,-0.2157278392966762
882.0,31.748531277368105,10.437971659426214,7.922072643564499,0.028722813232690214,-0.024467219284378672,0.04925779098011507,0.7079825148132514,-1.3363183046293363,-1.076606187222133,0.004432003878207069,-0.9752594735200837,-0.22101881515145405
883.0,31.777254090600795,10.413504440141836,7.971330434544614,0.028722813232690214,-0.024958565633820484,0.049010659996095995,0.70932569932308,-1.328465160556502,-1.0922198250148347,0.004432003878228375,-0.9740378796426973,-0.2263417026594559
884.0,31.805976903833486,10.388545874508015,8.02034109454071,0.028722813232690214,-0.025447416147494906,0.04875862798691877,0.7106282010978082,-1.3204490362935843,-1.1077681931621903,0.004432003878213594,-0.9727778189084612,-0.2316973724091853
885.0,31.834699717066176,10.36309845836052,8.069099722527628,0.028722813232690214,-0.025933721940763377,0.04850172015557419,0.7118898898883868,-1.312270452627767,-1.123249592061562,0.004432003878234997,-0.9714783846005987,-0.23708670480529856
886.0,31.863422530298866,10.337164736419757,8.117601442683203,0.028722813232690214,-0.02641743438344868,0.04823996219263371,0.7131106395269873,-1.3039299480539241,-1.1386623260060067,0.004432003878212523,-0.970138634948021,-0.24251059012507867
887.0,31.892145343531556,10.310747302036308,8.165841404875836,0.028722813232693767,-0.026898505104714587,0.047973380273683475,0.7142903279397861,-1.2954280787487769,-1.1540047033691732,0.0044320038782077655,-0.9687575919056809,-0.24796992855330188
888.0,31.92086815676425,10.283848796931593,8.21381478514952,0.028722813232690214,-0.02737688599787269,0.047702001056663335,0.7154288371584765,-1.28676541854182,-1.1692750367883515,0.004432003878222664,-0.967334239884211,-0.253465630193246
889.0,31.94959096999694,10.25647191093372,8.261516786206183,0.02872281323268666,-0.027852529225256717,0.047425851679300024,0.7165260533336062,-1.2779425588884723,-1.184471643350884,0.004432003878249773,-0.9658675244271271,-0.25899861505157945
890.0,31.978313783229627,10.228619381708464,8.308942637885483,0.02872281323268666,-0.028325387222920995,0.047144959756288074,0.7175818667441787,-1.2689601088352216,-1.1995928447751019,0.004432003878201366,-0.9643563508339205,-0.26456981299443066
891.0,32.007036596462314,10.200293994485543,8.356087597641771,0.028722813232690214,-0.028795412705472145,0.04685935337658975,0.7185961718098763,-1.2598186949880046,-1.2146369675964226,0.00443200387824082,-0.9627995827271031,-0.2701801636725748
892.0,32.035759409695004,10.171498581780071,8.402946951018361,0.028722813232690214,-0.029262558670748007,0.046569061100599995,0.7195688671009401,-1.2505189614759038,-1.22960234334921,0.004432003878228844,-0.9611960405616755,-0.275830616411923
893.0,32.064482222927694,10.142236023109323,8.449516012118961,0.028722813232690214,-0.029726778404542742,0.04627411195731135,0.720499855348733,-1.241061569914257,-1.2444873087510036,0.004432003878205151,-0.9595445000749894,-0.28152213006700266
894.0,32.093205036160384,10.11250924470478,8.495790124076272,0.028722813232690214,-0.030188025485268,0.0459745354413883,0.7213890434551494,-1.2314471993647202,-1.2592902058850495,0.004432003878204537,-0.9578436906753098,-0.28725567283367126
895.0,32.121927849393074,10.082321219219512,8.54176465951766,0.028722813232690214,-0.030646253788599864,0.04567036151023274,0.7222363425021172,-1.2216765462944752,-1.2740093823832255,0.004432003878218522,-0.9560922937672596,-0.29303222201744944
896.0,32.150650662625765,10.051674965430912,8.587435021027893,0.02872281323269732,-0.03110141749209916,0.045361620580989026,0.7230416677605649,-1.211750324533045,-1.2886431916088097,0.004432003878249332,-0.9542889410123729,-0.29885276375350317
897.0,32.17937347585846,10.020573547938813,8.632796641608882,0.02872281323268311,-0.031553471079757145,0.045048343527477996,0.7238049386983372,-1.2016692652268197,-1.3031899928370154,0.004432003878217168,-0.9524322125229495,-0.3047182926741724
898.0,32.208096289091145,9.989020076859056,8.67784498513636,0.028722813232690214,-0.032002369346605164,0.044730561677159386,0.7245260789892466,-1.1914341167927707,-1.3176481514397336,0.004432003878219873,-0.9505206349875955,-0.31062981151911656
899.0,32.236819102323835,9.95701770751245,8.72257554681352,0.028722813232690214,-0.03244806740318573,0.04440830680794683,0.725205016519757,-1.1810456448691227,-1.3320160390639786,0.0044320038782205634,-0.9485526797264432,-0.3165883306841979
900.0,32.265541915556526,9.924569640109265,8.766983853621467,0.028722813232690214,-0.032890520680068036,0.044081611145063704,0.7258416833967609,-1.1705046322647363,-1.3462920338149,0.004432003878223763,-0.9465267606751623,-0.32259486770159207
901.0,32.294264728789216,9.891679119429197,8.81106546476653,0.028722813232690214,-0.033329684932290604,0.04375050735779773,0.7264360159540164,-1.1598118789060643,-1.3604745204355964,0.004432003878232261,-0.9444412322953081,-0.3286504466483247
902.0,32.322987542021906,9.858349434496906,8.854815972124328,0.028722813232690214,-0.03376551624379687,0.04341502855625734,0.7269879547588425,-1.1489682017832619,-1.3745618904878363,0.00443200387821971,-0.9422943874103799,-0.33475609747474394
903.0,32.351710355254596,9.82458391825311,8.898231000680585,0.028722813232690214,-0.0341979710318121,0.04307520828803746,0.7274974446177029,-1.1379744348929675,-1.3885525425314482,0.0044320038782033,-0.9400844549660047,-0.34091285524733966
904.0,32.380433168487286,9.790385947221298,8.941306208968623,0.028722813232690214,-0.03462700605122926,0.04273108053489594,0.7279644345822769,-1.126831429180947,-1.4024448823046258,0.004432003878213266,-0.9378095977131334,-0.3471217592988868
905.0,32.40915598171998,9.755758941170068,8.984037289503519,0.028722813232690214,-0.0350525783988882,0.04238267970929144,0.7283888779535244,-1.1155400524797705,-1.4162373229014116,0.004432003878253977,-0.9354679098135376,-0.3533838522778228
906.0,32.43787879495267,9.72070636277118,9.02641996921281,0.028722813232690214,-0.03547464551792068,0.042030040651043876,0.7287707322878385,-1.10410118944997,-1.429928284951922,0.004432003878214694,-0.933057414366649,-0.3597001790895397
907.0,32.46660160818536,9.68523171725326,9.068450009863854,0.028722813232690214,-0.035893165201965616,0.04167319862375507,0.7291099593999975,-1.092515741512927,-1.4435161967989925,0.004432003878231237,-0.9305760608579078,-0.36607178571941695
908.0,32.49532442141805,9.649338552051294,9.11012320848761,0.028722813232690214,-0.0363080955994004,0.04131218931133418,0.7294065253675828,-1.080784626786657,-1.456999494675944,0.004432003878208629,-0.9280217225278076,-0.3724997179302882
909.0,32.52404723465074,9.613030456451893,9.151435397798943,0.028722813232690214,-0.03671939521752954,0.04094704881440592,0.7296604005341756,-1.0689087800172785,-1.4703766228835695,0.004432003878223597,-0.9253921936626787,-0.37898501982241845
910.0,32.55277004788343,9.576311061234364,9.19238244661335,0.028722813232690214,-0.037127022926741304,0.04057781364672053,0.7298715595125846,-1.0568891525100241,-1.4836460339666857,0.004432003878237253,-0.9226851868074872,-0.38552873224658074
911.0,32.58149286111612,9.539184038307623,9.23296026026007,0.028722813232690214,-0.03753093796459339,0.04020452073148206,0.7300399811869382,-1.044726712057077,-1.496806188888961,0.004432003878209879,-0.9198983299021617,-0.3921318910581456
912.0,32.61021567434881,9.50165310034303,9.273164780991552,0.02872281323269732,-0.03793109993993582,0.03982720739768375,0.7301656487154903,-1.0324224428650406,-1.5098555572096184,0.004432003878223632,-0.9170291633430375,-0.3987955252005619
913.0,32.638938487581505,9.463722000403093,9.312991988389236,0.02872281323268311,-0.03832746883687932,0.03944591137632436,0.7302485495311667,-1.0199773454784644,-1.5227926172552135,0.004432003878213451,-0.9140751369720842,-0.4055206546047797
914.0,32.66766130081419,9.425394531566214,9.35243789976556,0.028722813232690214,-0.03872000501888451,0.03906067079669917,0.7302886753442446,-1.007392436703873,-1.5356158562973405,0.004432003878249882,-0.9110336069969506,-0.4123082878911712
915.0,32.69638411404688,9.38667452654733,9.39149857056226,0.028722813232690214,-0.03910866923265566,0.038671524182547046,0.7302860221421512,-0.9946687495308741,-1.5483237707221862,0.0044320038782199745,-0.9079018328455678,-0.4191594198598926
916.0,32.72510692727957,9.347565857314674,9.430170094744806,0.028722813232690214,-0.03949342261209132,0.03827851044820463,0.7302405901901625,-0.981807333050629,-1.5609148662048504,0.004432003878199505,-0.9046769739612455,-0.42607502875191783
917.0,32.75382974051226,9.308072434702582,9.46844860519301,0.028722813232690214,-0.03987422668217988,0.03788166889471434,0.7301523840314568,-0.9688092523736477,-1.573387657881025,0.004432003878233119,-0.9013560865425729,-0.43305607326797846
918.0,32.78255255374495,9.268198208020403,9.506330274087725,0.028722813232690214,-0.04025104336282581,0.03748103920590218,0.7300214124865338,-0.9556755885455726,-1.5857406705174282,0.004432003878211412,-0.8979361202367822,-0.4401034893246569
919.0,32.81127536697764,9.227947164657577,9.543811313293627,0.028722813232690214,-0.04062383497267952,0.0370766614444058,0.7298476886525056,-0.9424074384608327,-1.597972438682837,0.004432003878217018,-0.8944139147941943,-0.44721818653107964
920.0,32.83999818021033,9.187323329684897,9.580887974738033,0.028722813232690214,-0.0409925642328961,0.036668576047667045,0.7296312299016869,-0.9290059147745617,-1.6100815069173398,0.0044320038782312285,-0.890786196693835,-0.454401044366489
921.0,32.86872099344302,9.146330765452001,9.6175565507857,0.028722813232690214,-0.04135719427083551,0.03625682382386586,0.7293720578793882,-0.9154721458120108,-1.6220664299001988,0.004432003878229636,-0.8870495757517273,-0.4616529080383921
922.0,32.89744380667571,9.104973571181166,9.653813374609566,0.028722813232690214,-0.04171768862381953,0.035841445947905726,0.7290701985030261,-0.901807275479076,-1.6339257726201144,0.004432003878205347,-0.8832005417250769,-0.46897458400019315
923.0,32.9261666199084,9.063255882557346,9.689654820557472,0.028722813232690214,-0.042074011242704046,0.03542248395721792,0.728725681958105,-0.8880124631662809,-1.6456581105399484,0.0044320038782142785,-0.8792354609281144,-0.476366835105205
924.0,32.95488943314109,9.021181871314642,9.72507730451469,0.028722813232690214,-0.04242612649552768,0.03499997974765101,0.7283385426960145,-0.8740888836549667,-1.6572620297644738,0.004432003878233409,-0.8751505728761388,-0.4838303753756984
925.0,32.98361224637378,8.978755744819114,9.76007728426234,0.028722813232690214,-0.04277399917105562,0.034573975569280435,0.7279088194303887,-0.8600377270202565,-1.668736127205196,0.004432003878208591,-0.870941986978794,-0.4913658643608179
926.0,33.01233505960647,8.935981745648059,9.794651259831621,0.028722813232690214,-0.04311759448231278,0.03414451402215768,0.727436555133119,-0.8458601985314231,-1.680079010745327,0.004432003878253655,-0.8666056793045175,-0.49897390105974393
927.0,33.04105787283916,8.892864151165746,9.828795773853779,0.028722813232690214,-0.043456878070051275,0.03371163805209321,0.7269217970303337,-0.8315575185527615,-1.6912892994030992,0.004432003878197141,-0.8621374894417595,-0.5066550173842984
928.0,33.06978068607185,8.849407273095695,9.862507411905872,0.028722813232690214,-0.04379181600619653,0.03327539094631149,0.7263645965973229,-0.8171309224396265,-1.702365623494868,0.004432003878241788,-0.8575331174861754,-0.514409671133878
929.0,33.09850349930454,8.805615457089498,9.895782802852183,0.028722813232690214,-0.044122374797245456,0.03283581632917354,0.7257650095539024,-0.8025816604360806,-1.713306624797127,0.004432003878226543,-0.8527881211852681,-0.5222382384572427
930.0,33.12722631253723,8.761493082292253,9.928618619181357,0.028722813232690214,-0.04444852138756339,0.03239295815775023,0.7251230958577537,-0.7879109975669842,-1.7241109567056516,0.004432003878220585,-0.8478979132775175,-0.5301410057722897
931.0,33.15594912576992,8.71704456090469,9.961011577339107,0.028722813232690214,-0.04477022316279289,0.0319468607175164,0.7244389197002414,-0.7731202135334553,-1.7347772843988307,0.004432003878203809,-0.842857759065065,-0.5381181611183924
932.0,33.18467193900261,8.672274337741896,9.992958438056624,0.028722813232690214,-0.04508744795301389,0.031497568617828264,0.7237125494981655,-0.7582106026005186,-1.7453042849932336,0.004432003878235034,-0.8376627742661056,-0.5461697849116472
933.0,33.2133947522353,8.627186889788883,10.024456006674452,0.028722813232690214,-0.045400164036012214,0.031045126787530464,0.7229440578880245,-0.7431834734884141,-1.7556906477032295,0.004432003878206942,-0.8323079231945512,-0.5542958400792819
934.0,33.24211756546799,8.58178672575287,10.055501133461982,0.028722813232690214,-0.045708340140439674,0.03058958047042104,0.7221335217182655,-0.7280401492585468,-1.7659350739974753,0.004432003878237579,-0.8267880173236175,-0.5624961615439744
935.0,33.27084037870068,8.53607838561243,10.086090713932403,0.028722813232690214,-0.04601194544894405,0.03013097522075725,0.7212810220418886,-0.7127819672001486,-1.7760362777548504,0.004432003878223929,-0.8210977142919006,-0.5707704450356903
936.0,33.29956319193337,8.490066440163487,10.11622168915316,0.028722813232690214,-0.046310949601247486,0.029669356898679666,0.720386644108132,-0.6974102787135716,-1.7859929854191292,0.0044320038782207916,-0.8152315174190904,-0.5791182352060682
937.0,33.32828600516606,8.44375549056224,10.14589104605184,0.028722813232690214,-0.0466053226971912,0.02920477166564517,0.7194504773541968,-0.6819264491932213,-1.7958039361529674,0.004432003878203072,-0.8091837758028019,-0.5875389130254646
938.0,33.357008818398754,8.397150167865048,10.175095817717486,0.028722813232690214,-0.04689503529968597,0.028737265979767557,0.7184726153955363,-0.6663318579067503,-1.8054678819891867,0.004432003878233899,-0.8029486850759199,-0.5960316824435378
939.0,33.385731631631444,8.350255132565362,10.203833083697253,0.028722813232690214,-0.04718005843773554,0.02826688659124521,0.7174531560179239,-0.6506278978764923,-1.8149835879849152,0.004432003878218939,-0.7965202889093383,-0.6045955562997528
940.0,33.414454444864134,8.303075074127626,10.232099970288498,0.028722813232690214,-0.04746036360926098,0.027793680537618215,0.7163922011663646,-0.6348159757545391,-1.8243498323695118,0.00443200387822972,-0.7898924813541693,-0.6132293414716687
941.0,33.443177258096824,8.255614710518365,10.259893650826116,0.028722813232690214,-0.04773592278397487,0.027317695139101872,0.715289856935455,-0.6188975116996912,-1.8335654066945635,0.00443200387820145,-0.7830590101214675,-0.6219316232587074
942.0,33.471900071329515,8.20787878773439,10.287211345965218,0.028722813232690214,-0.04800670840619148,0.026838977993834945,0.7141462335586848,-0.6028739392508844,-1.8426291159821504,0.004432003878221287,-0.7760134809087998,-0.6307007490002142
943.0,33.500622884562205,8.1598720793282,10.314050323959053,0.02872281323268311,-0.048272693397569455,0.02635757697313501,0.7129614453974056,-0.586746705200246,-1.8515397788711996,0.00443200387821205,-0.7687493628872988,-0.6395348109383848
944.0,33.52934569779489,8.11159938593063,10.340407900932188,0.028722813232690214,-0.04853385115983855,0.025873540216702295,0.7117356109295151,-0.5705172694633006,-1.86029622776404,0.004432003878239181,-0.761259995472352,-0.648431628342617
945.0,33.55806851102758,8.063065534770791,10.36628144114889,0.02872281323269732,-0.04879015557744282,0.025386916127811077,0.7104688527374827,-0.554187104949099,-1.8688973089697405,0.004432003878236382,-0.7535385965065226,-0.6573887289242215
946.0,33.586791324260275,8.014275379193348,10.391668357276702,0.028722813232690214,-0.049041581020130565,0.0248977533684549,0.7091612974957489,-0.5377576974270777,-1.8773418828468467,0.00443200387821585,-0.7455782719926841,-0.6664033295790369
947.0,33.615514137492966,7.965233798173218,10.416566110645157,0.028722813232690214,-0.049288102345594,0.024406100854518442,0.707813075959159,-0.5212305453941126,-1.8856288239481565,0.004432003878208409,-0.7373720275180338,-0.6754723165130955
948.0,33.644236950725656,7.915945695827624,10.440972211499675,0.028722813232690214,-0.04952969490189574,0.023912007750830355,0.7064243229485329,-0.5046071599379112,-1.8937570211579036,0.004432003878249991,-0.7289127815188043,-0.6845922248171848
949.0,33.672959763958346,7.866416000925728,10.464884219250505,0.028722813232690214,-0.04976633452998147,0.023415523466292498,0.7049951773380397,-0.4878890646012303,-1.9017253778329926,0.004432003878229285,-0.7201933805378888,-0.6937592175755439
950.0,33.701682577191036,7.8166496663957465,10.488299742716798,0.028722813232690214,-0.04999799756608514,0.022916697648925677,0.703525782041093,-0.4710777952430259,-1.9095328119406267,0.004432003878192732,-0.7112066166315671,-0.7029690646117387
951.0,33.730405390423726,7.766651668829661,10.511216440365724,0.028722813232690214,-0.0502246608440986,0.02241558018088874,0.7020162839959664,-0.45417489989791726,-1.9171782561951431,0.004432003878233315,-0.7019452470824705,-0.7122171209960856
952.0,33.75912820365642,7.716427007985563,10.533632020546612,0.02872281323268311,-0.05044630169788,0.02191222117351188,0.7004668341511839,-0.43718193863549154,-1.9246606581930625,0.0044320038782253695,-0.6924020165759178,-0.721498305461091
953.0,33.7878510168891,7.665980706287683,10.555544241720124,0.028722813232690214,-0.05066289796353285,0.021406670962281993,0.6988775874505259,-0.42010048341682427,-1.9319789805478098,0.004432003878207255,-0.6825696819943667,-0.7308070788954719
954.0,33.81657383012179,7.61531780832415,10.576950912682406,0.02872281323269732,-0.05087442798161401,0.02089898010179425,0.6972487028173335,-0.40293211795018724,-1.9391322010215926,0.004432003878233121,-0.6724410399770757,-0.7401374231155807
955.0,33.84529664335449,7.564443380342536,10.5978498927842,0.028722813232690214,-0.05108087059927424,0.02038919936070549,0.695580343138415,-0.38567843754504444,-1.94611931265608,0.0044320038782212955,-0.6620089573856118,-0.749482820138553
956.0,33.87401945658718,7.513362509743262,10.618239092144906,0.028722813232690214,-0.05128220517245463,0.01987737971667869,0.6938726752487783,-0.36834104896501696,-1.9529393239052761,0.004432003878216065,-0.6512664047997758,-0.7588362322140385
957.0,33.90274226981987,7.462080304570807,10.638116471861585,0.028722813232690214,-0.0514784115678486,0.019363572351238645,0.69212586991351,-0.35092157027816806,-1.9595912587600082,0.004432003878240599,-0.6402064931534175,-0.7681900828999465
958.0,33.93146508305256,7.4106018930029585,10.657480044212823,0.028722813232690214,-0.051669470164986464,0.0188478286447058,0.6903401018118454,-0.3334216307081447,-1.9660741568776086,0.00443200387819937,-0.6288225135962461,-0.7775362395002066
959.0,33.96018789628525,7.358932422837972,10.676327872857529,0.028722813232690214,-0.05185536185816453,0.018330200171011057,0.6885155495189985,-0.31584287048100396,-1.9723870737062943,0.004432003878237368,-0.6171079806403823,-0.7868659972139936
960.0,33.98891070951794,7.3070770609798075,10.69465807302854,0.02872281323268311,-0.05203606805837069,0.017810738692574546,0.6866523954887336,-0.2981869406734671,-1.9785290806097058,0.00443200387822225,-0.6050566786148214,-0.7961700653787634
961.0,34.01763352275062,7.255040992921437,10.712468811721115,0.028722813232690214,-0.0522115706951336,0.017289496155113326,0.6847508260348956,-0.28045550305756656,-1.9844992649894346,0.004432003878203658,-0.592662711414561,-0.8054385562166516
962.0,34.04635633598331,7.202829422226303,10.729758307876228,0.02872281323269732,-0.052381852218346125,0.01676652468244555,0.6828110313129465,-0.2626502299454893,-1.9902967304062134,0.0044320038782237016,-0.579920555479412,-0.8146609765258633
963.0,34.07507914921601,7.150447570007957,10.746524832558674,0.028722813232690214,-0.05254689559996706,0.016241876571276848,0.6808332053003698,-0.24477280403200546,-1.99592059669795,0.0044320038782148736,-0.5668251158886624,-0.8238262227796757
964.0,34.1038019624487,7.09790067440799,10.76276670912995,0.028722813232690214,-0.052706684335831255,0.015715604285988505,0.6788175457785526,-0.22682491823620649,-2.001370000101693,0.004432003878235595,-0.5533717853919381,-0.8329225801200025
965.0,34.13252477568139,7.045193990072159,10.778482313415939,0.02872281323268311,-0.05286120244717907,0.015187760453367005,0.6767642543115358,-0.20880827554163917,-2.006644093365513,0.004432003878228863,-0.5395565061323814,-0.8419377257445118
966.0,34.16124758891407,6.99233278762498,10.793670073869306,0.028722813232690214,-0.053010434482335,0.014658397857354899,0.6746735362268232,-0.19072458883488258,-2.0117420458667223,0.004432003878228601,-0.525375833742211,-0.8508587371951353
967.0,34.18997040214676,6.939322353142645,10.80832847172666,0.028722813232690214,-0.05315436551821939,0.014127569433778575,0.672545600594531,-0.17257558074418983,-2.01666304372356,0.004432003878194001,-0.5108270034088038,-0.8596721060555621
968.0,34.21869321537945,6.886167987624425,10.82245604116044,0.028722813232690214,-0.053292981161845,0.013595328265026296,0.6703806602063285,-0.15436298347406058,-2.0214062899076373,0.004432003878250265,-0.4959079974270167,-0.8683637575518391
969.0,34.24741602861214,6.83287500646258,10.836051369425466,0.028722813232690214,-0.053426267551765605,0.013061727574775972,0.6681789315545108,-0.13608853864190312,-2.0259710043542,0.0044320038782297,-0.4806176136575538,-0.8769190765308631
970.0,34.27613884184483,6.779448738910815,10.849113097000242,0.02872281323269732,-0.05355421135946248,0.012526820722660759,0.6659406348102678,-0.11775399711127088,-2.03035642407082,0.004432003878193557,-0.46495553422751207,-0.8853229402499591
971.0,34.30486165507753,6.725894527551352,10.861639917722902,0.028722813232690214,-0.053676799790632224,0.011990661198902686,0.6636659938009731,-0.09936111882377507,-2.0345618032425636,0.004432003878243225,-0.4489223937081139,-0.8935597583648227
972.0,34.33358446831022,6.67221772776072,10.873630578921805,0.028722813232690214,-0.05379402058656435,0.011453302619020889,0.6613552359892547,-0.08091167263163218,-2.0385864133411418,0.0044320038782143245,-0.43251984591968107,-0.9016135204328064
973.0,34.36230728154291,6.618423707174156,10.885083881540826,0.028722813232690214,-0.05390586202526393,0.010914798718424379,0.659008592448818,-0.062407436127025484,-2.0424295432245465,0.004432003878208097,-0.41575062842783944,-0.9094678511654384
974.0,34.3910300947756,6.564517845148892,10.89599868025925,0.028722813232690214,-0.05401231292268527,0.01037520334704567,0.6566262978420582,-0.04385019547093871,-2.0460904992413798,0.00443200387825307,-0.39861862371475987,-0.9171060735647616
975.0,34.41975290800829,6.510505532226206,10.906373883606296,0.028722813232690214,-0.054113362633821716,0.009834570463983283,0.6542085903964615,-0.02524174522198719,-2.049568605330122,0.004432003878195872,-0.38112891594610926,-0.9245112799589668
976.0,34.44847572124098,6.456392169592385,10.91620845407028,0.02872281323268311,-0.05420900105379012,0.009292954132069653,0.6517557118807641,-0.006583888161910467,-2.0528632031183753,0.004432003878223781,-0.36328784220331145,-0.9316664108192831
977.0,34.477198534473665,6.402183168538595,10.925501408202349,0.028722813232690214,-0.05429921861882825,0.008750408512483432,0.6492679075807535,0.012121564878650348,-2.0559736520195373,0.004432003878245859,-0.34510303701517525,-0.9385543410930056
978.0,34.505921347706355,6.347883949919766,10.934251816714832,0.028722813232690214,-0.054384006307251376,0.008206987859340487,0.6467454262747881,0.030872795194720026,-2.0588993293275197,0.004432003878209277,-0.32658346901828317,-0.9451579736243078
979.0,34.534644160939045,6.293499943612515,10.942458804574173,0.02872281323269732,-0.05446335564037419,0.007662746514252916,0.6441885202090347,0.04966797638506787,-2.0616396303113684,0.00443200387821921,-0.30773946858863244,-0.9514603390653809
980.0,34.56336697417174,6.239036587972141,10.950121551088426,0.028722813232690214,-0.05453725868330128,0.0071177389008934,0.6415974450716082,0.06850527452925251,-2.0641939683045214,0.004432003878242856,-0.2885827453296087,-0.9574447015048176
981.0,34.59208978740443,6.1844993292888395,10.95723928998932,0.02872281323268311,-0.05460570804581533,0.0065720195195790865,0.6389724599682036,0.0873828483663262,-2.0665617747984535,0.004432003878204049,-0.26912639438302627,-0.9630946688607591
982.0,34.620812600637116,6.129893621243024,10.963811309508898,0.028722813232690214,-0.054668696883030776,0.006025642941789755,0.6363138273950518,0.10629884947542598,-2.0687424995276653,0.004432003878211091,-0.24938489063296373,-0.9683943069151163
983.0,34.649535413869806,6.075224924359993,10.969836952450688,0.028722813232690214,-0.05472621889611329,0.005478663804728612,0.6336218132131649,0.12525142245567397,-2.070735610557045,0.004432003878219451,-0.22937407001486826,-0.9733282557012499
984.0,34.678258227102496,6.02049870546388,10.975315616255417,0.028722813232690214,-0.054778268332912994,0.004931136805849334,0.6308966866217308,0.14423870510912,-2.0725405943669606,0.004432003878247381,-0.20911109731836156,-0.977881846809692
985.0,34.70698104033519,5.965720437130967,10.980246753061266,0.028722813232690214,-0.05482483998852494,0.0043831166974008795,0.6281387201311189,0.16325882862276297,-2.0741569559353015,0.004432003878222674,-0.18861442007127446,-0.9820412200528041
986.0,34.73570385356788,5.910895597142442,10.984629869758667,0.028722813232690214,-0.05486592920583,0.003834658280933212,0.6253481895357385,0.18230991775318067,-2.0755842188191846,0.004432003878233085,-0.1679037083282559,-0.985793437831295
987.0,34.76442666680057,5.856029667936612,10.9884645280396,0.028722813232690214,-0.0549015318759416,0.003285816401836783,0.6225253738863685,0.2013900910106975,-2.0768219252334217,0.004432003878206079,-0.14699978043446343,-0.9891265954840376
988.0,34.79314948003326,5.801128136060671,10.991750344441437,0.028722813232690214,-0.054931644438598326,0.002736645943832272,0.6196705554618993,0.2204974608460668,-2.077869636127164,0.004432003878237152,-0.12592451510818387,-0.9920299258774364
989.0,34.82187229326595,5.746196491622072,10.994486990385269,0.028722813232690214,-0.05495626388259911,0.0021872018235207236,0.6167840197422,0.23963013383584136,-2.0787269312620906,0.004432003878186115,-0.10470075045805702,-0.994493896509749
990.0,34.85059510649864,5.691240227739473,10.99667419220879,0.028722813232690214,-0.054975387746004856,0.0016375389848466426,0.6138660553782138,0.25878621087156045,-2.0793934092825164,0.004432003878234233,-0.08335217083362285,-0.9965102974675906
991.0,34.87931791973133,5.636264839993468,10.998311731193636,0.028722813232690214,-0.054989014116451074,0.001087712393635698,0.6109169541640104,0.2779637873471291,-2.0798686877894017,0.004432003878238759,-0.0619031826689787,-0.9980723186809032
992.0,34.90804073296402,5.581275825877017,10.999399443587272,0.028722813232690214,-0.05499714163131042,0.0005377770320968978,0.6079370110072806,0.2971609533482229,-2.0801524034091696,0.004432003878193763,-0.040378780740087473,-0.9991746150736455
993.0,34.93676354619671,5.526278684245707,10.999937220619369,0.0,-0.026278684245706785,0.0,0.2890638769432539,0.0,-0.9180921777974226,0.004432003878230753,-0.018804406473300717,-0.999813358401862
994.0,34.93676354619671,5.5,10.999937220619369,0.1608137445102571,-0.30227299702727173,0.0,3.324983990788454,1.7689410938255508,-11.444915818348427,6.123233995736766e-17,0.0,-1.0
995.0,35.097577290706965,5.197727002972728,10.999937220619369,0.1608137445102571,-0.29108825511673064,0.0,3.2019525319436717,1.7689410938255508,-11.052358474666601,0.02829627927853407,0.015054042773389084,-0.9994862162006879
996.0,35.25839103521722,4.906638747855998,10.999937220619369,0.1608137445102571,-0.2801120390221117,0.0,3.0812148439829112,1.7689410938255508,-10.665354755515482,0.05608106194386639,0.030982375306376545,-0.9979453927503363
997.0,35.41920477972748,4.626526708833886,10.999937220619369,0.1608137445102571,-0.26934434874340774,0.0,2.9627709269060944,1.7689410938255508,-10.283971728529385,0.0832751517125308,0.04780868761765251,-0.9953791129491982
998.0,35.58001852423774,4.357182360090478,10.999937220619369,0.1608137445102571,-0.25878518428062236,0.0,2.8466207807132604,1.7689410938255508,-9.90827646134301,0.10979609443556486,0.06555445161986953,-0.9917900138232462
999.0,35.740832268747994,4.098397175809856,10.999937220619369,0.1608137445102571,-0.2484345456337529,0.0,2.7327644054043794,1.7689410938255508,-9.538336021590826,0.1355582297596383,0.08423830980675483,-0.9871817834144501
1000.0,35.90164601325825,3.849962630176103,10.999937220619369,0.1608137445102571,-0.23829243280280066,0.0,2.621201800979467,1.7689410938255508,-9.174217476907456,0.16047281763297708,0.10387538749830193,-0.9815591569910653
1001.0,36.06245975776851,3.6116701973733023,10.999937220619369,0.1608137445102571,-0.22835884578776522,0.0,2.511932967438517,1.7689410938255508,-8.815987894927447,0.1844482575854058,0.12447652920329297,-0.9749279121818236
1002.0,36.223273502278765,3.383311351585537,10.999937220619369,0.1608137445102571,-0.21863378458864746,0.0,2.404957904781541,1.7689410938255508,-8.463714343285407,0.20739042042730638,0.14604746301559082,-0.9672948630390295
1003.0,36.38408724678902,3.1646775669968896,10.999937220619369,0.1608137445102571,-0.20911724920544605,0.0,2.3002766130085224,1.7689410938255508,-8.117463889615852,0.22920311320588035,0.16858790125869633,-0.9586678530366607
1004.0,36.54490099129928,2.9555603177914436,10.999937220619369,0.1608137445102571,-0.19980923963816188,0.0,2.197889092119472,1.7689410938255508,-7.777303601553385,0.24978869862773412,0.1920905908780666,-0.9490557470106686
1005.0,36.705714735809536,2.7557510781532817,10.999937220619369,0.1608137445102571,-0.1907097558867954,0.0,2.0977953421143947,1.7689410938255508,-7.443300546732592,0.2690488893481752,0.21654033332371628,-0.9384684220497604
1006.0,36.86652848031979,2.5650413222664863,10.999937220619369,0.1608137445102571,-0.18181879795134526,0.0,1.9999953629932754,1.7689410938255508,-7.115521792787995,0.28688573514376464,0.24191300072992764,-0.9269167573460217
1007.0,37.02734222483005,2.383222524315141,10.999937220619369,0.1608137445102571,-0.1731363658318128,0.0,1.9044891547561291,1.7689410938255508,-6.794034407354211,0.3032028166203458,0.2681745828053631,-0.9144126230158125
1008.0,37.18815596934031,2.2100861584833282,10.999937220619369,0.1608137445102571,-0.1646624595281967,0.0,1.8112767174029412,1.7689410938255508,-6.478905458065758,0.31790665239684507,0.29528030654356996,-0.9009688679024193
1009.0,37.348969713850565,2.0454236989551315,10.999937220619369,0.1608137445102571,-0.15639707904049827,0.0,1.7203580509337262,1.7689410938255508,-6.170202012557258,0.3309083173825237,0.3231738780068434,-0.8865993063730001
1010.0,37.50978345836082,1.8890266199146333,10.999937220619369,0.1608137445102571,-0.14834022436871663,0.0,1.6317331553484744,1.7689410938255508,-5.867991138463247,0.3421252577554452,0.35178690119233785,-0.8713187041233894
1011.0,37.67059720287108,1.7406863955459166,10.999937220619369,0.1608137445102571,-0.1404918955128518,0.0,1.5454020306471858,1.7689410938255508,-5.572339903418292,0.3514832737533326,0.38103853237070706,-0.8551427630053461
1012.0,37.831410947381336,1.6001945000330648,10.999937220619369,0.1608137445102571,-0.1328520924729042,0.0,1.4613646768298652,1.7689410938255508,-5.283315375056981,0.35891862496959953,0.4108354282297657,-0.8380881048918407
1013.0,37.99222469189159,1.4673424075601607,10.999937220619369,0.1608137445102571,-0.12542081524887405,0.0,1.379621093896515,1.7689410938255508,-5.000984621013892,0.36438019549805245,0.44107204164189245,-0.8201722545969559
1014.0,38.15303843640185,1.3419215923112866,10.999937220619369,0.1608137445102571,-0.1181980638407607,0.0,1.300171281847128,1.7689410938255508,-4.725414708923567,0.3678316394203778,0.4716313091025668,-0.8014136218679567
1015.0,38.31385218091211,1.223723528470526,10.999937220619369,0.1608137445102571,-0.11118383824856415,0.0,1.2230152406817043,1.7689410938255508,-4.456672706420578,0.3692534125916964,0.5023857584677628,-0.7818314824680298
1016.0,38.474665925422364,1.1125396902219618,10.999937220619369,0.1608137445102571,-0.10437813847228505,0.0,1.1481529704002509,1.7689410938255508,-4.194825681139518,0.3686445864908243,0.5331990447612595,-0.7614459583691344
1017.0,38.63547966993262,1.0081615517496767,10.999937220619369,0.1608137445102571,-0.09778096451192286,0.0,1.075584471002762,1.7689410938255508,-3.9399407007149354,0.366024336087246,0.5639278964885936,-0.7402779970753155
1018.0,38.79629341444288,0.9103805872377538,10.999937220619369,0.1608137445102571,-0.09139231636747769,0.0,1.0053097424892385,1.7689410938255508,-3.692084832781405,0.3614329979252807,0.5944244268407183,-0.7183493500977276
1019.0,38.957107158953136,0.8189882708702761,10.999937220619369,0.1608137445102571,-0.08521219403894931,0.0,0.9373287848596784,1.7689410938255508,-3.4513251449734854,0.35493260794513615,0.624538735870796,-0.6956825506034864
1020.0,39.11792090346339,0.7337760768313268,10.999937220619369,0.1608137445102571,-0.07924059752633861,0.0,0.8716415981140911,1.7689410938255508,-3.2177287049257823,0.34660685097027316,0.6541217041302877,-0.6723008902613168
1021.0,39.27873464797365,0.6545354793049882,10.999937220619369,0.1608137445102571,-0.07347752682964459,0.0,0.8082481822524659,1.7689410938255508,-2.9913625802728254,0.3365603841351167,0.6830278583978199,-0.6482283953077883
1022.0,39.43954839248391,0.5810579524753436,10.999937220619369,0.1608137445102571,-0.0679229819488677,0.0,0.7471485372748073,1.7689410938255508,-2.7722938386492015,0.3249175324733012,0.7111181786943844,-0.6234898018587335
1023.0,39.600362136994164,0.5131349705264759,10.999937220619369,0.1608137445102571,-0.06257696288400783,0.0,0.6883426631811145,1.7689410938255508,-2.5605895476894758,0.3118203931419345,0.738262714578168,-0.598110530491216
1024.0,39.76117588150442,0.4505580076424681,10.999937220619369,0.1608137445102571,-0.05743946963506508,0.0,0.6318305599713884,1.7689410938255508,-2.3563167750282212,0.29742642149237836,0.7643428883746429,-0.5721166601221697
1025.0,39.92198962601468,0.39311853800740304,10.999937220619369,0.1608137445102571,-0.052510502202039344,0.0,0.5776122276456279,1.7689410938255508,-2.159542588300004,0.28190560360483224,0.7892533827722198,-0.5455349012105487
1026.0,40.082803370524935,0.3406080358053637,10.999937220619369,0.1608137445102571,-0.04779006058493068,0.0,0.5256876662038337,1.7689410938255508,-1.9703340551393946,0.26543734277802283,0.812903538053169,-0.518392568310525
1027.0,40.24361711503519,0.292817975220433,10.999937220619369,0.1608137445102571,-0.043278144783739037,0.0,0.476056875646005,1.7689410938255508,-1.788758243180961,0.24820719969193572,0.8352182171003876,-0.49071755200393785
1028.0,40.40443085954545,0.24953983043669398,10.999937220619369,0.1608137445102571,-0.038974754798464545,0.0,0.4287198559721435,1.7689410938255508,-1.6148822200592774,0.23040362680206997,0.8561381306877632,-0.46253829024083526
1029.0,40.56524460405571,0.21056507563822943,10.999937220619369,0.1608137445102571,-0.03487989062910701,0.0,0.383676607182247,1.7689410938255508,-1.4487730534089056,0.21221482765059424,0.8756196479377307,-0.4338837391175581
1030.0,40.726058348565964,0.17568518500912242,10.999937220619369,0.1608137445102571,-0.030993552275666608,0.0,0.3409271292763173,1.7689410938255508,-1.2904978108644218,0.19382585306781183,0.8936341442744864,-0.40478334312239383
1031.0,40.88687209307622,0.1446916327334558,10.999937220619369,0.1608137445102571,-0.027315739738143205,0.0,0.300471422254353,1.7689410938255508,-1.1401235600603905,0.17541602137520027,0.910166959680343,-0.37526700487937414
1032.0,41.04768583758648,0.1173758929953126,10.999937220619369,0.1608137445102571,-0.023846453016536942,0.0,0.26230948611635574,1.7689410938255508,-0.9977173686313863,0.15715672171898323,0.9252160526077731,-0.3453650544213076
1033.0,41.208499582096735,0.09352943997877566,10.999937220619369,0.1608137445102571,-0.02058569211084768,0.0,0.2264413208623239,1.7689410938255508,-0.863346304211973,0.13920963147698495,0.9387904395753188,-0.3151082180236207
1034.0,41.36931332660699,0.07294374786792798,10.999937220619369,0.1608137445102571,-0.017533457021075505,0.0,0.19286692649225845,1.7689410938255508,-0.7370774344367234,0.12172535273518564,0.9509085081896234,-0.28452758663103245
1035.0,41.53012707111725,0.05541029084685248,10.999937220619369,0.1608137445102571,-0.014689747747220372,0.0,0.1615863030061589,1.7689410938255508,-0.6189778269402052,0.104842450878577,0.9615962835595133,-0.25365458390950735
1036.0,41.690940815627506,0.040720543099632106,10.999937220619369,0.1608137445102571,-0.012054564289282307,0.0,0.13259945040402552,1.7689410938255508,-0.5091145493569886,0.08868686137928541,0.9708857165340837,-0.2225209339563144
1037.0,41.85175456013776,0.0286659788103498,10.999937220619369,0.1608137445102571,-0.009627906647261295,0.0,0.10590636868585816,1.7689410938255508,-0.40755466932164264,0.07337161918497333,0.9788130486314464,-0.19115862870137232
1038.0,42.01256830464802,0.019038072163088504,10.999937220619369,0.1608137445102571,-0.007409774821157355,0.0,0.08150705785165702,1.7689410938255508,-0.3143652544687372,0.058996858436750434,0.9854172944493761,-0.15959989503337924
1039.0,42.17338204915828,0.01162829734193115,10.999937220619369,0.1608137445102571,-0.005400168810970468,0.0,0.059401517901421896,1.7689410938255508,-0.22961337243284097,0.045650027912288546,0.990738868961505,-0.127877161684506
1040.0,42.334195793668535,0.006228128530960681,10.999937220619369,0.1608137445102571,-0.0035990886167006405,0.0,0.03958974883515285,1.7689410938255508,-0.1533660908485235,0.03340626871718464,0.9948183752353632,-0.09602302590768176
1041.0,42.49500953817879,0.0026290399142600406,10.999937220619369,0.1608137445102571,-0.0020065342383478735,0.0,0.02207175065284991,1.7689410938255508,-0.08569047735035427,0.02232890439523549,0.9976955582441627,-0.06407021998071291
1042.0,42.65582328268905,0.0006225056759121669,10.999937220619369,0.1608137445102571,-0.0006225056759121669,0.0,0.006847523354513063,1.7689410938255508,-0.026653599572902618,0.012469998907662603,0.9994084227693957,-0.03205157757165517
1043.0,42.816637027199306,0.0,10.999937220619369,0.1608137445102571,-0.0006225056759121669,0.0,0.006847523354513063,1.7689410938255508,-0.026653599572902618,0.0038709440782762738,0.9999925078679054,0.0
