"No."	"PosX"	"PosY"	"PosZ"	"FrontX"	"FrontY"	"FrontZ"	"LeftX"	"LeftY"	"LeftZ"	"UpX"	"UpY"	"UpZ"
1	0.000000e+00	0.000000e+00	0.000000e+00	9.999461e-01	-1.038521e-02	0.000000e+00	0.000000e+00	0.000000e+00	-1.000000e+00	1.038521e-02	9.999461e-01	0.000000e+00
2	3.729504e-01	-3.873379e-03	0.000000e+00	9.999682e-01	-7.969290e-03	0.000000e+00	0.000000e+00	0.000000e+00	-1.000000e+00	7.969290e-03	9.999682e-01	0.000000e+00
3	7.459092e-01	-6.845690e-03	0.000000e+00	9.999869e-01	-5.125277e-03	0.000000e+00	0.000000e+00	0.000000e+00	-1.000000e+00	5.125277e-03	9.999869e-01	0.000000e+00
4	1.118875e+00	-8.757267e-03	0.000000e+00	9.999962e-01	-2.769182e-03	0.000000e+00	0.000000e+00	0.000000e+00	-1.000000e+00	2.769182e-03	9.999962e-01	0.000000e+00
5	1.491844e+00	-9.790090e-03	0.000000e+00	9.999975e-01	-2.233149e-03	0.000000e+00	0.000000e+00	0.000000e+00	-1.000000e+00	2.233149e-03	9.999975e-01	0.000000e+00
6	1.864814e+00	-1.062299e-02	0.000000e+00	9.999938e-01	-3.517220e-03	0.000000e+00	0.000000e+00	0.000000e+00	-1.000000e+00	3.517220e-03	9.999938e-01	0.000000e+00
7	2.237782e+00	-1.193481e-02	0.000000e+00	9.999790e-01	-6.488297e-03	0.000000e+00	0.000000e+00	0.000000e+00	-1.000000e+00	6.488297e-03	9.999790e-01	0.000000e+00
8	2.610745e+00	-1.435475e-02	0.000000e+00	9.999416e-01	-1.080819e-02	0.000000e+00	0.000000e+00	0.000000e+00	-1.000000e+00	1.080819e-02	9.999416e-01	0.000000e+00
9	2.983693e+00	-1.838589e-02	0.000000e+00	9.998818e-01	-1.537180e-02	0.000000e+00	0.000000e+00	0.000000e+00	-1.000000e+00	1.537180e-02	9.998818e-01	0.000000e+00
10	3.356620e+00	-2.411912e-02	0.000000e+00	9.999951e-01	-3.129201e-03	0.000000e+00	0.000000e+00	0.000000e+00	-1.000000e+00	3.129201e-03	9.999951e-01	0.000000e+00
11	3.729589e+00	-2.528622e-02	0.000000e+00	9.993971e-01	3.472062e-02	0.000000e+00	0.000000e+00	0.000000e+00	-1.000000e+00	-3.472062e-02	9.993971e-01	0.000000e+00
12	4.102334e+00	-1.233645e-02	0.000000e+00	9.965724e-01	8.272506e-02	0.000000e+00	0.000000e+00	0.000000e+00	-1.000000e+00	-8.272506e-02	9.965724e-01	0.000000e+00
13	4.474026e+00	1.851756e-02	0.000000e+00	9.911381e-01	1.328356e-01	0.000000e+00	0.000000e+00	0.000000e+00	-1.000000e+00	-1.328356e-01	9.911381e-01	0.000000e+00
14	4.843692e+00	6.806134e-02	0.000000e+00	9.832465e-01	1.822810e-01	0.000000e+00	0.000000e+00	0.000000e+00	-1.000000e+00	-1.822810e-01	9.832465e-01	0.000000e+00
15	5.210414e+00	1.360468e-01	0.000000e+00	9.730655e-01	2.305287e-01	0.000000e+00	0.000000e+00	0.000000e+00	-1.000000e+00	-2.305287e-01	9.730655e-01	0.000000e+00
16	5.573339e+00	2.220272e-01	0.000000e+00	9.606031e-01	2.779238e-01	0.000000e+00	0.000000e+00	0.000000e+00	-1.000000e+00	-2.779238e-01	9.606031e-01	0.000000e+00
17	5.931615e+00	3.256846e-01	0.000000e+00	9.456507e-01	3.251841e-01	0.000000e+00	0.000000e+00	0.000000e+00	-1.000000e+00	-3.251841e-01	9.456507e-01	0.000000e+00
18	6.284315e+00	4.469687e-01	0.000000e+00	9.277323e-01	3.732464e-01	0.000000e+00	0.000000e+00	0.000000e+00	-1.000000e+00	-3.732464e-01	9.277323e-01	0.000000e+00
19	6.630332e+00	5.861786e-01	0.000000e+00	9.060044e-01	4.232683e-01	0.000000e+00	0.000000e+00	0.000000e+00	-1.000000e+00	-4.232683e-01	9.060044e-01	0.000000e+00
20	6.968245e+00	7.440452e-01	0.000000e+00	8.854862e-01	4.646657e-01	0.000000e+00	0.000000e+00	0.000000e+00	-1.000000e+00	-4.646657e-01	8.854862e-01	0.000000e+00
21	7.298505e+00	9.173518e-01	0.000000e+00	8.837940e-01	4.678763e-01	0.000000e+00	0.000000e+00	0.000000e+00	-1.000000e+00	-4.678763e-01	8.837940e-01	0.000000e+00
22	7.628134e+00	1.091856e+00	0.000000e+00	8.837934e-01	4.678773e-01	0.000000e+00	0.000000e+00	0.000000e+00	-1.000000e+00	-4.678773e-01	8.837934e-01	0.000000e+00
23	7.957763e+00	1.266360e+00	0.000000e+00	8.837940e-01	4.678763e-01	0.000000e+00	0.000000e+00	0.000000e+00	-1.000000e+00	-4.678763e-01	8.837940e-01	0.000000e+00
24	8.287392e+00	1.440864e+00	0.000000e+00	8.837934e-01	4.678773e-01	0.000000e+00	0.000000e+00	0.000000e+00	-1.000000e+00	-4.678773e-01	8.837934e-01	0.000000e+00
25	8.617021e+00	1.615369e+00	0.000000e+00	8.837940e-01	4.678763e-01	0.000000e+00	0.000000e+00	0.000000e+00	-1.000000e+00	-4.678763e-01	8.837940e-01	0.000000e+00
26	8.946650e+00	1.789873e+00	0.000000e+00	8.837934e-01	4.678773e-01	0.000000e+00	0.000000e+00	0.000000e+00	-1.000000e+00	-4.678773e-01	8.837934e-01	0.000000e+00
27	9.276279e+00	1.964377e+00	0.000000e+00	8.837940e-01	4.678763e-01	0.000000e+00	0.000000e+00	0.000000e+00	-1.000000e+00	-4.678763e-01	8.837940e-01	0.000000e+00
28	9.605908e+00	2.138882e+00	0.000000e+00	8.837934e-01	4.678773e-01	0.000000e+00	0.000000e+00	0.000000e+00	-1.000000e+00	-4.678773e-01	8.837934e-01	0.000000e+00
29	9.935537e+00	2.313386e+00	0.000000e+00	8.837940e-01	4.678763e-01	0.000000e+00	0.000000e+00	0.000000e+00	-1.000000e+00	-4.678763e-01	8.837940e-01	0.000000e+00
30	1.026517e+01	2.487890e+00	0.000000e+00	8.837934e-01	4.678773e-01	0.000000e+00	0.000000e+00	0.000000e+00	-1.000000e+00	-4.678773e-01	8.837934e-01	0.000000e+00
31	1.059480e+01	2.662395e+00	0.000000e+00	8.837940e-01	4.678763e-01	0.000000e+00	0.000000e+00	0.000000e+00	-1.000000e+00	-4.678763e-01	8.837940e-01	0.000000e+00
32	1.092442e+01	2.836899e+00	0.000000e+00	8.837934e-01	4.678773e-01	0.000000e+00	0.000000e+00	0.000000e+00	-1.000000e+00	-4.678773e-01	8.837934e-01	0.000000e+00
33	1.125405e+01	3.011403e+00	0.000000e+00	8.837940e-01	4.678763e-01	0.000000e+00	0.000000e+00	0.000000e+00	-1.000000e+00	-4.678763e-01	8.837940e-01	0.000000e+00
34	1.158368e+01	3.185907e+00	0.000000e+00	8.837934e-01	4.678773e-01	0.000000e+00	0.000000e+00	0.000000e+00	-1.000000e+00	-4.678773e-01	8.837934e-01	0.000000e+00
35	1.191331e+01	3.360412e+00	0.000000e+00	8.837940e-01	4.678763e-01	0.000000e+00	0.000000e+00	0.000000e+00	-1.000000e+00	-4.678763e-01	8.837940e-01	0.000000e+00
36	1.224294e+01	3.534916e+00	0.000000e+00	8.837940e-01	4.678763e-01	0.000000e+00	0.000000e+00	0.000000e+00	-1.000000e+00	-4.678763e-01	8.837940e-01	0.000000e+00
37	1.257257e+01	3.709420e+00	0.000000e+00	8.837934e-01	4.678773e-01	0.000000e+00	0.000000e+00	0.000000e+00	-1.000000e+00	-4.678773e-01	8.837934e-01	0.000000e+00
38	1.290220e+01	3.883924e+00	0.000000e+00	8.837940e-01	4.678763e-01	0.000000e+00	0.000000e+00	0.000000e+00	-1.000000e+00	-4.678763e-01	8.837940e-01	0.000000e+00
39	1.323183e+01	4.058428e+00	0.000000e+00	8.837934e-01	4.678773e-01	0.000000e+00	0.000000e+00	0.000000e+00	-1.000000e+00	-4.678773e-01	8.837934e-01	0.000000e+00
40	1.356146e+01	4.232933e+00	0.000000e+00	8.837940e-01	4.678763e-01	0.000000e+00	0.000000e+00	0.000000e+00	-1.000000e+00	-4.678763e-01	8.837940e-01	0.000000e+00
41	1.389109e+01	4.407437e+00	0.000000e+00	8.837934e-01	4.678773e-01	0.000000e+00	0.000000e+00	0.000000e+00	-1.000000e+00	-4.678773e-01	8.837934e-01	0.000000e+00
42	1.422071e+01	4.581941e+00	0.000000e+00	8.837940e-01	4.678763e-01	0.000000e+00	0.000000e+00	0.000000e+00	-1.000000e+00	-4.678763e-01	8.837940e-01	0.000000e+00
43	1.455034e+01	4.756445e+00	0.000000e+00	8.837934e-01	4.678773e-01	0.000000e+00	0.000000e+00	0.000000e+00	-1.000000e+00	-4.678773e-01	8.837934e-01	0.000000e+00
44	1.487997e+01	4.930950e+00	0.000000e+00	8.837940e-01	4.678763e-01	0.000000e+00	0.000000e+00	0.000000e+00	-1.000000e+00	-4.678763e-01	8.837940e-01	0.000000e+00
45	1.520960e+01	5.105454e+00	0.000000e+00	8.837934e-01	4.678773e-01	0.000000e+00	0.000000e+00	0.000000e+00	-1.000000e+00	-4.678773e-01	8.837934e-01	0.000000e+00
46	1.553923e+01	5.279958e+00	0.000000e+00	8.837940e-01	4.678763e-01	0.000000e+00	0.000000e+00	0.000000e+00	-1.000000e+00	-4.678763e-01	8.837940e-01	0.000000e+00
47	1.586886e+01	5.454463e+00	0.000000e+00	8.837934e-01	4.678773e-01	0.000000e+00	0.000000e+00	0.000000e+00	-1.000000e+00	-4.678773e-01	8.837934e-01	0.000000e+00
48	1.619849e+01	5.628967e+00	0.000000e+00	8.837940e-01	4.678763e-01	0.000000e+00	0.000000e+00	0.000000e+00	-1.000000e+00	-4.678763e-01	8.837940e-01	0.000000e+00
49	1.652812e+01	5.803471e+00	0.000000e+00	8.837934e-01	4.678773e-01	0.000000e+00	0.000000e+00	0.000000e+00	-1.000000e+00	-4.678773e-01	8.837934e-01	0.000000e+00
50	1.685775e+01	5.977976e+00	0.000000e+00	8.837940e-01	4.678763e-01	0.000000e+00	0.000000e+00	0.000000e+00	-1.000000e+00	-4.678763e-01	8.837940e-01	0.000000e+00
51	1.718738e+01	6.152480e+00	0.000000e+00	8.837934e-01	4.678773e-01	0.000000e+00	0.000000e+00	0.000000e+00	-1.000000e+00	-4.678773e-01	8.837934e-01	0.000000e+00
52	1.751701e+01	6.326984e+00	0.000000e+00	8.837940e-01	4.678763e-01	0.000000e+00	0.000000e+00	0.000000e+00	-1.000000e+00	-4.678763e-01	8.837940e-01	0.000000e+00
53	1.784663e+01	6.501488e+00	0.000000e+00	8.837934e-01	4.678773e-01	0.000000e+00	0.000000e+00	0.000000e+00	-1.000000e+00	-4.678773e-01	8.837934e-01	0.000000e+00
54	1.817626e+01	6.675993e+00	0.000000e+00	8.837940e-01	4.678763e-01	0.000000e+00	0.000000e+00	0.000000e+00	-1.000000e+00	-4.678763e-01	8.837940e-01	0.000000e+00
55	1.850589e+01	6.850497e+00	0.000000e+00	8.837934e-01	4.678773e-01	0.000000e+00	0.000000e+00	0.000000e+00	-1.000000e+00	-4.678773e-01	8.837934e-01	0.000000e+00
56	1.883552e+01	7.025001e+00	0.000000e+00	8.837940e-01	4.678763e-01	0.000000e+00	0.000000e+00	0.000000e+00	-1.000000e+00	-4.678763e-01	8.837940e-01	0.000000e+00
57	1.916515e+01	7.199505e+00	0.000000e+00	8.837934e-01	4.678773e-01	0.000000e+00	0.000000e+00	0.000000e+00	-1.000000e+00	-4.678773e-01	8.837934e-01	0.000000e+00
58	1.949478e+01	7.374010e+00	0.000000e+00	8.837940e-01	4.678763e-01	0.000000e+00	0.000000e+00	0.000000e+00	-1.000000e+00	-4.678763e-01	8.837940e-01	0.000000e+00
59	1.982441e+01	7.548514e+00	0.000000e+00	8.837934e-01	4.678773e-01	0.000000e+00	0.000000e+00	0.000000e+00	-1.000000e+00	-4.678773e-01	8.837934e-01	0.000000e+00
60	2.015404e+01	7.723018e+00	0.000000e+00	8.837940e-01	4.678763e-01	0.000000e+00	0.000000e+00	0.000000e+00	-1.000000e+00	-4.678763e-01	8.837940e-01	0.000000e+00
61	2.048367e+01	7.897522e+00	0.000000e+00	8.837934e-01	4.678773e-01	0.000000e+00	0.000000e+00	0.000000e+00	-1.000000e+00	-4.678773e-01	8.837934e-01	0.000000e+00
62	2.081330e+01	8.072027e+00	0.000000e+00	8.837940e-01	4.678763e-01	0.000000e+00	0.000000e+00	0.000000e+00	-1.000000e+00	-4.678763e-01	8.837940e-01	0.000000e+00
63	2.114292e+01	8.246531e+00	0.000000e+00	8.837934e-01	4.678773e-01	0.000000e+00	0.000000e+00	0.000000e+00	-1.000000e+00	-4.678773e-01	8.837934e-01	0.000000e+00
64	2.147255e+01	8.421035e+00	0.000000e+00	8.837940e-01	4.678763e-01	0.000000e+00	0.000000e+00	0.000000e+00	-1.000000e+00	-4.678763e-01	8.837940e-01	0.000000e+00
65	2.180218e+01	8.595539e+00	0.000000e+00	8.837934e-01	4.678773e-01	0.000000e+00	0.000000e+00	0.000000e+00	-1.000000e+00	-4.678773e-01	8.837934e-01	0.000000e+00
66	2.213181e+01	8.770044e+00	0.000000e+00	8.837940e-01	4.678763e-01	0.000000e+00	0.000000e+00	0.000000e+00	-1.000000e+00	-4.678763e-01	8.837940e-01	0.000000e+00
67	2.246144e+01	8.944548e+00	0.000000e+00	8.837934e-01	4.678773e-01	0.000000e+00	0.000000e+00	0.000000e+00	-1.000000e+00	-4.678773e-01	8.837934e-01	0.000000e+00
68	2.279107e+01	9.119052e+00	0.000000e+00	8.837940e-01	4.678763e-01	0.000000e+00	0.000000e+00	0.000000e+00	-1.000000e+00	-4.678763e-01	8.837940e-01	0.000000e+00
69	2.312070e+01	9.293557e+00	0.000000e+00	8.837934e-01	4.678773e-01	0.000000e+00	0.000000e+00	0.000000e+00	-1.000000e+00	-4.678773e-01	8.837934e-01	0.000000e+00
70	2.345033e+01	9.468061e+00	0.000000e+00	8.837940e-01	4.678763e-01	0.000000e+00	0.000000e+00	0.000000e+00	-1.000000e+00	-4.678763e-01	8.837940e-01	0.000000e+00
71	2.377996e+01	9.642565e+00	0.000000e+00	8.837934e-01	4.678773e-01	0.000000e+00	0.000000e+00	0.000000e+00	-1.000000e+00	-4.678773e-01	8.837934e-01	0.000000e+00
72	2.410959e+01	9.817070e+00	0.000000e+00	8.837940e-01	4.678763e-01	0.000000e+00	0.000000e+00	0.000000e+00	-1.000000e+00	-4.678763e-01	8.837940e-01	0.000000e+00
73	2.443921e+01	9.991574e+00	0.000000e+00	8.838691e-01	4.677342e-01	0.000000e+00	0.000000e+00	0.000000e+00	-1.000000e+00	-4.677342e-01	8.838691e-01	0.000000e+00
74	2.476887e+01	1.016602e+01	0.000000e+00	8.915726e-01	4.528778e-01	0.000000e+00	0.000000e+00	0.000000e+00	-1.000000e+00	-4.528778e-01	8.915726e-01	0.000000e+00
75	2.510140e+01	1.033493e+01	0.000000e+00	9.061534e-01	4.229492e-01	0.000000e+00	0.000000e+00	0.000000e+00	-1.000000e+00	-4.229492e-01	9.061534e-01	0.000000e+00
76	2.543937e+01	1.049268e+01	0.000000e+00	9.225212e-01	3.859463e-01	0.000000e+00	0.000000e+00	0.000000e+00	-1.000000e+00	-3.859463e-01	9.225212e-01	0.000000e+00
77	2.578344e+01	1.063663e+01	0.000000e+00	9.405357e-01	3.396949e-01	0.000000e+00	0.000000e+00	0.000000e+00	-1.000000e+00	-3.396949e-01	9.405357e-01	0.000000e+00
78	2.613424e+01	1.076333e+01	0.000000e+00	9.595095e-01	2.816762e-01	0.000000e+00	0.000000e+00	0.000000e+00	-1.000000e+00	-2.816762e-01	9.595095e-01	0.000000e+00
79	2.649211e+01	1.086838e+01	0.000000e+00	9.778225e-01	2.094352e-01	0.000000e+00	0.000000e+00	0.000000e+00	-1.000000e+00	-2.094352e-01	9.778225e-01	0.000000e+00
80	2.685680e+01	1.094650e+01	0.000000e+00	9.925443e-01	1.218842e-01	0.000000e+00	0.000000e+00	0.000000e+00	-1.000000e+00	-1.218842e-01	9.925443e-01	0.000000e+00
81	2.722699e+01	1.099195e+01	0.000000e+00	9.997673e-01	2.157128e-02	0.000000e+00	0.000000e+00	0.000000e+00	-1.000000e+00	-2.157128e-02	9.997673e-01	0.000000e+00
82	2.759988e+01	1.100000e+01	0.000000e+00	9.965236e-01	-8.331100e-02	0.000000e+00	0.000000e+00	0.000000e+00	-1.000000e+00	8.331100e-02	9.965236e-01	0.000000e+00
83	2.797155e+01	1.096893e+01	0.000000e+00	9.836134e-01	-1.802904e-01	0.000000e+00	0.000000e+00	0.000000e+00	-1.000000e+00	1.802904e-01	9.836134e-01	0.000000e+00
84	2.833841e+01	1.090168e+01	0.000000e+00	9.659938e-01	-2.585653e-01	0.000000e+00	0.000000e+00	0.000000e+00	-1.000000e+00	2.585653e-01	9.659938e-01	0.000000e+00
85	2.869870e+01	1.080525e+01	0.000000e+00	9.425519e-01	-3.340597e-01	0.000000e+00	0.000000e+00	0.000000e+00	-1.000000e+00	3.340597e-01	9.425519e-01	0.000000e+00
86	2.905024e+01	1.068065e+01	0.000000e+00	9.060649e-01	-4.231388e-01	0.000000e+00	0.000000e+00	0.000000e+00	-1.000000e+00	4.231388e-01	9.060649e-01	0.000000e+00
87	2.938818e+01	1.052283e+01	0.000000e+00	8.621745e-01	-5.066114e-01	0.000000e+00	0.000000e+00	0.000000e+00	-1.000000e+00	5.066114e-01	8.621745e-01	0.000000e+00
88	2.970974e+01	1.033388e+01	0.000000e+00	8.186043e-01	-5.743580e-01	0.000000e+00	0.000000e+00	0.000000e+00	-1.000000e+00	5.743580e-01	8.186043e-01	0.000000e+00
89	3.001506e+01	1.011966e+01	0.000000e+00	7.797659e-01	-6.260711e-01	0.000000e+00	0.000000e+00	0.000000e+00	-1.000000e+00	6.260711e-01	7.797659e-01	0.000000e+00
90	3.030589e+01	9.886159e+00	0.000000e+00	7.468482e-01	-6.649946e-01	0.000000e+00	0.000000e+00	0.000000e+00	-1.000000e+00	6.649946e-01	7.468482e-01	0.000000e+00
91	3.058444e+01	9.638135e+00	0.000000e+00	7.194491e-01	-6.945452e-01	0.000000e+00	0.000000e+00	0.000000e+00	-1.000000e+00	6.945452e-01	7.194491e-01	0.000000e+00
92	3.085277e+01	9.379090e+00	0.000000e+00	6.966903e-01	-7.173720e-01	0.000000e+00	0.000000e+00	0.000000e+00	-1.000000e+00	7.173720e-01	6.966903e-01	0.000000e+00
93	3.111262e+01	9.111532e+00	0.000000e+00	6.776810e-01	-7.353560e-01	0.000000e+00	0.000000e+00	0.000000e+00	-1.000000e+00	7.353560e-01	6.776810e-01	0.000000e+00
94	3.136537e+01	8.837265e+00	0.000000e+00	6.616692e-01	-7.497959e-01	0.000000e+00	0.000000e+00	0.000000e+00	-1.000000e+00	7.497959e-01	6.616692e-01	0.000000e+00
95	3.161216e+01	8.557614e+00	0.000000e+00	6.480503e-01	-7.615975e-01	0.000000e+00	0.000000e+00	0.000000e+00	-1.000000e+00	7.615975e-01	6.480503e-01	0.000000e+00
96	3.185386e+01	8.273560e+00	0.000000e+00	6.363549e-01	-7.713964e-01	0.000000e+00	0.000000e+00	0.000000e+00	-1.000000e+00	7.713964e-01	6.363549e-01	0.000000e+00
97	3.209120e+01	7.985852e+00	0.000000e+00	6.262221e-01	-7.796447e-01	0.000000e+00	0.000000e+00	0.000000e+00	-1.000000e+00	7.796447e-01	6.262221e-01	0.000000e+00
98	3.232476e+01	7.695068e+00	0.000000e+00	6.173693e-01	-7.866735e-01	0.000000e+00	0.000000e+00	0.000000e+00	-1.000000e+00	7.866735e-01	6.173693e-01	0.000000e+00
99	3.255503e+01	7.401662e+00	0.000000e+00	6.095707e-01	-7.927317e-01	0.000000e+00	0.000000e+00	0.000000e+00	-1.000000e+00	7.927317e-01	6.095707e-01	0.000000e+00
100	3.278238e+01	7.105996e+00	0.000000e+00	6.038327e-01	-7.971111e-01	0.000000e+00	0.000000e+00	0.000000e+00	-1.000000e+00	7.971111e-01	6.038327e-01	0.000000e+00
101	3.300759e+01	6.808697e+00	0.000000e+00	6.129649e-01	-7.901102e-01	0.000000e+00	0.000000e+00	0.000000e+00	-1.000000e+00	7.901102e-01	6.129649e-01	0.000000e+00
102	3.323621e+01	6.514009e+00	0.000000e+00	6.266063e-01	-7.793360e-01	0.000000e+00	0.000000e+00	0.000000e+00	-1.000000e+00	7.793360e-01	6.266063e-01	0.000000e+00
103	3.346991e+01	6.223340e+00	0.000000e+00	6.405507e-01	-7.679159e-01	0.000000e+00	0.000000e+00	0.000000e+00	-1.000000e+00	7.679159e-01	6.405507e-01	0.000000e+00
104	3.370882e+01	5.936930e+00	0.000000e+00	6.547833e-01	-7.558167e-01	0.000000e+00	0.000000e+00	0.000000e+00	-1.000000e+00	7.558167e-01	6.547833e-01	0.000000e+00
105	3.395303e+01	5.655032e+00	0.000000e+00	6.692737e-01	-7.430160e-01	0.000000e+00	0.000000e+00	0.000000e+00	-1.000000e+00	7.430160e-01	6.692737e-01	0.000000e+00
106	3.420265e+01	5.377909e+00	0.000000e+00	6.839911e-01	-7.294903e-01	0.000000e+00	0.000000e+00	0.000000e+00	-1.000000e+00	7.294903e-01	6.839911e-01	0.000000e+00
107	3.445776e+01	5.105831e+00	0.000000e+00	6.988982e-01	-7.152212e-01	0.000000e+00	0.000000e+00	0.000000e+00	-1.000000e+00	7.152212e-01	6.988982e-01	0.000000e+00
108	3.471843e+01	4.839074e+00	0.000000e+00	7.139458e-01	-7.002010e-01	0.000000e+00	0.000000e+00	0.000000e+00	-1.000000e+00	7.002010e-01	7.139458e-01	0.000000e+00
109	3.498471e+01	4.577920e+00	0.000000e+00	7.290788e-01	-6.844298e-01	0.000000e+00	0.000000e+00	0.000000e+00	-1.000000e+00	6.844298e-01	7.290788e-01	0.000000e+00
110	3.525664e+01	4.322648e+00	0.000000e+00	7.442349e-01	-6.679179e-01	0.000000e+00	0.000000e+00	0.000000e+00	-1.000000e+00	6.679179e-01	7.442349e-01	0.000000e+00
111	3.553421e+01	4.073534e+00	0.000000e+00	7.593432e-01	-6.506903e-01	0.000000e+00	0.000000e+00	0.000000e+00	-1.000000e+00	6.506903e-01	7.593432e-01	0.000000e+00
112	3.581743e+01	3.830846e+00	0.000000e+00	7.743204e-01	-6.327938e-01	0.000000e+00	0.000000e+00	0.000000e+00	-1.000000e+00	6.327938e-01	7.743204e-01	0.000000e+00
113	3.610623e+01	3.594832e+00	0.000000e+00	7.890840e-01	-6.142853e-01	0.000000e+00	0.000000e+00	0.000000e+00	-1.000000e+00	6.142853e-01	7.890840e-01	0.000000e+00
114	3.640053e+01	3.365722e+00	0.000000e+00	8.035380e-01	-5.952535e-01	0.000000e+00	0.000000e+00	0.000000e+00	-1.000000e+00	5.952535e-01	8.035380e-01	0.000000e+00
115	3.670023e+01	3.143710e+00	0.000000e+00	8.175849e-01	-5.758081e-01	0.000000e+00	0.000000e+00	0.000000e+00	-1.000000e+00	5.758081e-01	8.175849e-01	0.000000e+00
116	3.700516e+01	2.928951e+00	0.000000e+00	8.311270e-01	-5.560826e-01	0.000000e+00	0.000000e+00	0.000000e+00	-1.000000e+00	5.560826e-01	8.311270e-01	0.000000e+00
117	3.731515e+01	2.721548e+00	0.000000e+00	8.440612e-01	-5.362468e-01	0.000000e+00	0.000000e+00	0.000000e+00	-1.000000e+00	5.362468e-01	8.440612e-01	0.000000e+00
118	3.762996e+01	2.521544e+00	0.000000e+00	8.562900e-01	-5.164953e-01	0.000000e+00	0.000000e+00	0.000000e+00	-1.000000e+00	5.164953e-01	8.562900e-01	0.000000e+00
119	3.794933e+01	2.328906e+00	0.000000e+00	8.677191e-01	-4.970548e-01	0.000000e+00	0.000000e+00	0.000000e+00	-1.000000e+00	4.970548e-01	8.677191e-01	0.000000e+00
120	3.827296e+01	2.143519e+00	0.000000e+00	8.782585e-01	-4.781862e-01	0.000000e+00	0.000000e+00	0.000000e+00	-1.000000e+00	4.781862e-01	8.782585e-01	0.000000e+00
121	3.860053e+01	1.965170e+00	0.000000e+00	8.878276e-01	-4.601762e-01	0.000000e+00	0.000000e+00	0.000000e+00	-1.000000e+00	4.601762e-01	8.878276e-01	0.000000e+00
122	3.893166e+01	1.793538e+00	0.000000e+00	8.963511e-01	-4.433450e-01	0.000000e+00	0.000000e+00	0.000000e+00	-1.000000e+00	4.433450e-01	8.963511e-01	0.000000e+00
123	3.926597e+01	1.628183e+00	0.000000e+00	9.038659e-01	-4.278160e-01	0.000000e+00	0.000000e+00	0.000000e+00	-1.000000e+00	4.278160e-01	9.038659e-01	0.000000e+00
124	3.960309e+01	1.468621e+00	0.000000e+00	9.112965e-01	-4.117507e-01	0.000000e+00	0.000000e+00	0.000000e+00	-1.000000e+00	4.117507e-01	9.112965e-01	0.000000e+00
125	3.994297e+01	1.315050e+00	0.000000e+00	9.190948e-01	-3.940364e-01	0.000000e+00	0.000000e+00	0.000000e+00	-1.000000e+00	3.940364e-01	9.190948e-01	0.000000e+00
126	4.028577e+01	1.168086e+00	0.000000e+00	9.271467e-01	-3.746984e-01	0.000000e+00	0.000000e+00	0.000000e+00	-1.000000e+00	3.746984e-01	9.271467e-01	0.000000e+00
127	4.063157e+01	1.028334e+00	0.000000e+00	9.353098e-01	-3.538299e-01	0.000000e+00	0.000000e+00	0.000000e+00	-1.000000e+00	3.538299e-01	9.353098e-01	0.000000e+00
128	4.098041e+01	8.963661e-01	0.000000e+00	9.434318e-01	-3.315666e-01	0.000000e+00	0.000000e+00	0.000000e+00	-1.000000e+00	3.315666e-01	9.434318e-01	0.000000e+00
129	4.133228e+01	7.727015e-01	0.000000e+00	9.513522e-01	-3.081054e-01	0.000000e+00	0.000000e+00	0.000000e+00	-1.000000e+00	3.081054e-01	9.513522e-01	0.000000e+00
130	4.168711e+01	6.577873e-01	0.000000e+00	9.589216e-01	-2.836713e-01	0.000000e+00	0.000000e+00	0.000000e+00	-1.000000e+00	2.836713e-01	9.589216e-01	0.000000e+00
131	4.204476e+01	5.519862e-01	0.000000e+00	9.660031e-01	-2.585304e-01	0.000000e+00	0.000000e+00	0.000000e+00	-1.000000e+00	2.585304e-01	9.660031e-01	0.000000e+00
132	4.240505e+01	4.555620e-01	0.000000e+00	9.724879e-01	-2.329533e-01	0.000000e+00	0.000000e+00	0.000000e+00	-1.000000e+00	2.329533e-01	9.724879e-01	0.000000e+00
133	4.276776e+01	3.686773e-01	0.000000e+00	9.782951e-01	-2.072168e-01	0.000000e+00	0.000000e+00	0.000000e+00	-1.000000e+00	2.072168e-01	9.782951e-01	0.000000e+00
134	4.313264e+01	2.913915e-01	0.000000e+00	9.833767e-01	-1.815773e-01	0.000000e+00	0.000000e+00	0.000000e+00	-1.000000e+00	1.815773e-01	9.833767e-01	0.000000e+00
135	4.349941e+01	2.236685e-01	0.000000e+00	9.877146e-01	-1.562686e-01	0.000000e+00	0.000000e+00	0.000000e+00	-1.000000e+00	1.562686e-01	9.877146e-01	0.000000e+00
136	4.386779e+01	1.653849e-01	0.000000e+00	9.913178e-01	-1.314879e-01	0.000000e+00	0.000000e+00	0.000000e+00	-1.000000e+00	1.314879e-01	9.913178e-01	0.000000e+00
137	4.423753e+01	1.163438e-01	0.000000e+00	9.942162e-01	-1.073975e-01	0.000000e+00	0.000000e+00	0.000000e+00	-1.000000e+00	1.073975e-01	9.942162e-01	0.000000e+00
138	4.460834e+01	7.628769e-02	0.000000e+00	9.964557e-01	-8.411915e-02	0.000000e+00	0.000000e+00	0.000000e+00	-1.000000e+00	8.411915e-02	9.964557e-01	0.000000e+00
139	4.497999e+01	4.491373e-02	0.000000e+00	9.980928e-01	-6.173157e-02	0.000000e+00	0.000000e+00	0.000000e+00	-1.000000e+00	6.173157e-02	9.980928e-01	0.000000e+00
140	4.535225e+01	2.188967e-02	0.000000e+00	9.991990e-01	-4.001674e-02	0.000000e+00	0.000000e+00	0.000000e+00	-1.000000e+00	4.001674e-02	9.991990e-01	0.000000e+00
141	4.572492e+01	6.964606e-03	0.000000e+00	9.998256e-01	-1.867334e-02	0.000000e+00	0.000000e+00	0.000000e+00	-1.000000e+00	1.867334e-02	9.998256e-01	0.000000e+00
142	4.609783e+01	0.000000e+00	0.000000e+00	9.999880e-01	-4.906000e-03	0.000000e+00	0.000000e+00	0.000000e+00	-1.000000e+00	4.906000e-03	9.999880e-01	0.000000e+00
143	4.609783e+01	0.000000e+00	0.000000e+00	9.999821e-01	5.988467e-03	0.000000e+00	0.000000e+00	0.000000e+00	-1.000000e+00	-5.988467e-03	9.999821e-01	0.000000e+00
144	4.668483e+01	1.054591e-02	0.000000e+00	9.996589e-01	2.611668e-02	0.000000e+00	0.000000e+00	0.000000e+00	-1.000000e+00	-2.611668e-02	9.996589e-01	0.000000e+00
145	4.727164e+01	5.653832e-02	0.000000e+00	9.989740e-01	4.528844e-02	0.000000e+00	0.000000e+00	0.000000e+00	-1.000000e+00	-4.528844e-02	9.989740e-01	0.000000e+00
146	4.785805e+01	1.362929e-01	0.000000e+00	9.979969e-01	6.326205e-02	0.000000e+00	0.000000e+00	0.000000e+00	-1.000000e+00	-6.326205e-02	9.979969e-01	0.000000e+00
147	4.844388e+01	2.476997e-01	0.000000e+00	9.968084e-01	7.983070e-02	0.000000e+00	0.000000e+00	0.000000e+00	-1.000000e+00	-7.983070e-02	9.968084e-01	0.000000e+00
148	4.902902e+01	3.882844e-01	0.000000e+00	9.954924e-01	9.484153e-02	0.000000e+00	0.000000e+00	0.000000e+00	-1.000000e+00	-9.484153e-02	9.954924e-01	0.000000e+00
149	4.961339e+01	5.553038e-01	0.000000e+00	9.941270e-01	1.082198e-01	0.000000e+00	0.000000e+00	0.000000e+00	-1.000000e+00	-1.082198e-01	9.941270e-01	0.000000e+00
150	5.019695e+01	7.458827e-01	0.000000e+00	9.927785e-01	1.199618e-01	0.000000e+00	0.000000e+00	0.000000e+00	-1.000000e+00	-1.199618e-01	9.927785e-01	0.000000e+00
151	5.077973e+01	9.571397e-01	0.000000e+00	9.914969e-01	1.301300e-01	0.000000e+00	0.000000e+00	0.000000e+00	-1.000000e+00	-1.301300e-01	9.914969e-01	0.000000e+00
152	5.136175e+01	1.186303e+00	0.000000e+00	9.903155e-01	1.388352e-01	0.000000e+00	0.000000e+00	0.000000e+00	-1.000000e+00	-1.388352e-01	9.903155e-01	0.000000e+00
153	5.194307e+01	1.430797e+00	0.000000e+00	9.892516e-01	1.462232e-01	0.000000e+00	0.000000e+00	0.000000e+00	-1.000000e+00	-1.462232e-01	9.892516e-01	0.000000e+00
154	5.252378e+01	1.688302e+00	0.000000e+00	9.883115e-01	1.524478e-01	0.000000e+00	0.000000e+00	0.000000e+00	-1.000000e+00	-1.524478e-01	9.883115e-01	0.000000e+00
155	5.310393e+01	1.956768e+00	0.000000e+00	9.874925e-01	1.576662e-01	0.000000e+00	0.000000e+00	0.000000e+00	-1.000000e+00	-1.576662e-01	9.874925e-01	0.000000e+00
156	5.368360e+01	2.234424e+00	0.000000e+00	9.867859e-01	1.620295e-01	0.000000e+00	0.000000e+00	0.000000e+00	-1.000000e+00	-1.620295e-01	9.867859e-01	0.000000e+00
157	5.426285e+01	2.519763e+00	0.000000e+00	9.861815e-01	1.656687e-01	0.000000e+00	0.000000e+00	0.000000e+00	-1.000000e+00	-1.656687e-01	9.861815e-01	0.000000e+00
158	5.484175e+01	2.811512e+00	0.000000e+00	9.856669e-01	1.687029e-01	0.000000e+00	0.000000e+00	0.000000e+00	-1.000000e+00	-1.687029e-01	9.856669e-01	0.000000e+00
159	5.542035e+01	3.108604e+00	0.000000e+00	9.852303e-01	1.712344e-01	0.000000e+00	0.000000e+00	0.000000e+00	-1.000000e+00	-1.712344e-01	9.852303e-01	0.000000e+00
160	5.599869e+01	3.410154e+00	0.000000e+00	9.848604e-01	1.733492e-01	0.000000e+00	0.000000e+00	0.000000e+00	-1.000000e+00	-1.733492e-01	9.848604e-01	0.000000e+00
161	5.657682e+01	3.715428e+00	0.000000e+00	9.845497e-01	1.751054e-01	0.000000e+00	0.000000e+00	0.000000e+00	-1.000000e+00	-1.751054e-01	9.845497e-01	0.000000e+00
162	5.715476e+01	4.023795e+00	0.000000e+00	9.844356e-01	1.757455e-01	0.000000e+00	0.000000e+00	0.000000e+00	-1.000000e+00	-1.757455e-01	9.844356e-01	0.000000e+00
163	5.773264e+01	4.333289e+00	0.000000e+00	9.844360e-01	1.757435e-01	0.000000e+00	0.000000e+00	0.000000e+00	-1.000000e+00	-1.757435e-01	9.844360e-01	0.000000e+00
164	5.831051e+01	4.642780e+00	0.000000e+00	9.844362e-01	1.757425e-01	0.000000e+00	0.000000e+00	0.000000e+00	-1.000000e+00	-1.757425e-01	9.844362e-01	0.000000e+00
165	5.888839e+01	4.952269e+00	0.000000e+00	9.844362e-01	1.757425e-01	0.000000e+00	0.000000e+00	0.000000e+00	-1.000000e+00	-1.757425e-01	9.844362e-01	0.000000e+00
166	5.946626e+01	5.261758e+00	0.000000e+00	9.844362e-01	1.757425e-01	0.000000e+00	0.000000e+00	0.000000e+00	-1.000000e+00	-1.757425e-01	9.844362e-01	0.000000e+00
167	6.004414e+01	5.571247e+00	0.000000e+00	9.844360e-01	1.757435e-01	0.000000e+00	0.000000e+00	0.000000e+00	-1.000000e+00	-1.757435e-01	9.844360e-01	0.000000e+00
168	6.062202e+01	5.880737e+00	0.000000e+00	9.844362e-01	1.757425e-01	0.000000e+00	0.000000e+00	0.000000e+00	-1.000000e+00	-1.757425e-01	9.844362e-01	0.000000e+00
169	6.119989e+01	6.190226e+00	0.000000e+00	9.844362e-01	1.757425e-01	0.000000e+00	0.000000e+00	0.000000e+00	-1.000000e+00	-1.757425e-01	9.844362e-01	0.000000e+00
170	6.177777e+01	6.499715e+00	0.000000e+00	9.844362e-01	1.757425e-01	0.000000e+00	0.000000e+00	0.000000e+00	-1.000000e+00	-1.757425e-01	9.844362e-01	0.000000e+00
171	6.235564e+01	6.809204e+00	0.000000e+00	9.844360e-01	1.757435e-01	0.000000e+00	0.000000e+00	0.000000e+00	-1.000000e+00	-1.757435e-01	9.844360e-01	0.000000e+00
172	6.293352e+01	7.118695e+00	0.000000e+00	9.844362e-01	1.757425e-01	0.000000e+00	0.000000e+00	0.000000e+00	-1.000000e+00	-1.757425e-01	9.844362e-01	0.000000e+00
173	6.351140e+01	7.428184e+00	0.000000e+00	9.844362e-01	1.757425e-01	0.000000e+00	0.000000e+00	0.000000e+00	-1.000000e+00	-1.757425e-01	9.844362e-01	0.000000e+00
174	6.408927e+01	7.737673e+00	0.000000e+00	9.844653e-01	1.755792e-01	0.000000e+00	0.000000e+00	0.000000e+00	-1.000000e+00	-1.755792e-01	9.844653e-01	0.000000e+00
175	6.466716e+01	8.046874e+00	0.000000e+00	9.850101e-01	1.724967e-01	0.000000e+00	0.000000e+00	0.000000e+00	-1.000000e+00	-1.724967e-01	9.850101e-01	0.000000e+00
176	6.524538e+01	8.350647e+00	0.000000e+00	9.858039e-01	1.679005e-01	0.000000e+00	0.000000e+00	0.000000e+00	-1.000000e+00	-1.679005e-01	9.858039e-01	0.000000e+00
177	6.582406e+01	8.646326e+00	0.000000e+00	9.866824e-01	1.626585e-01	0.000000e+00	0.000000e+00	0.000000e+00	-1.000000e+00	-1.626585e-01	9.866824e-01	0.000000e+00
178	6.640325e+01	8.932774e+00	0.000000e+00	9.876498e-01	1.566776e-01	0.000000e+00	0.000000e+00	0.000000e+00	-1.000000e+00	-1.566776e-01	9.876498e-01	0.000000e+00
179	6.698301e+01	9.208689e+00	0.000000e+00	9.887079e-01	1.498558e-01	0.000000e+00	0.000000e+00	0.000000e+00	-1.000000e+00	-1.498558e-01	9.887079e-01	0.000000e+00
180	6.756340e+01	9.472590e+00	0.000000e+00	9.898558e-01	1.420759e-01	0.000000e+00	0.000000e+00	0.000000e+00	-1.000000e+00	-1.420759e-01	9.898558e-01	0.000000e+00
181	6.814445e+01	9.722791e+00	0.000000e+00	9.910858e-01	1.332253e-01	0.000000e+00	0.000000e+00	0.000000e+00	-1.000000e+00	-1.332253e-01	9.910858e-01	0.000000e+00
182	6.872623e+01	9.957405e+00	0.000000e+00	9.923829e-01	1.231919e-01	0.000000e+00	0.000000e+00	0.000000e+00	-1.000000e+00	-1.231919e-01	9.923829e-01	0.000000e+00
183	6.930877e+01	1.017435e+01	0.000000e+00	9.937230e-01	1.118690e-01	0.000000e+00	0.000000e+00	0.000000e+00	-1.000000e+00	-1.118690e-01	9.937230e-01	0.000000e+00
184	6.989210e+01	1.037136e+01	0.000000e+00	9.950695e-01	9.917996e-02	0.000000e+00	0.000000e+00	0.000000e+00	-1.000000e+00	-9.917996e-02	9.950695e-01	0.000000e+00
185	7.047622e+01	1.054602e+01	0.000000e+00	9.963738e-01	8.508328e-02	0.000000e+00	0.000000e+00	0.000000e+00	-1.000000e+00	-8.508328e-02	9.963738e-01	0.000000e+00
186	7.106110e+01	1.069585e+01	0.000000e+00	9.975762e-01	6.958255e-02	0.000000e+00	0.000000e+00	0.000000e+00	-1.000000e+00	-6.958255e-02	9.975762e-01	0.000000e+00
187	7.164669e+01	1.081839e+01	0.000000e+00	9.986079e-01	5.274745e-02	0.000000e+00	0.000000e+00	0.000000e+00	-1.000000e+00	-5.274745e-02	9.986079e-01	0.000000e+00
188	7.223289e+01	1.091128e+01	0.000000e+00	9.993974e-01	3.471171e-02	0.000000e+00	0.000000e+00	0.000000e+00	-1.000000e+00	-3.471171e-02	9.993974e-01	0.000000e+00
189	7.281954e+01	1.097241e+01	0.000000e+00	9.998772e-01	1.566899e-02	0.000000e+00	0.000000e+00	0.000000e+00	-1.000000e+00	-1.566899e-02	9.998772e-01	0.000000e+00
190	7.340648e+01	1.100000e+01	0.000000e+00	9.999914e-01	-4.139127e-03	0.000000e+00	0.000000e+00	0.000000e+00	-1.000000e+00	4.139127e-03	9.999914e-01	0.000000e+00
191	7.399349e+01	1.099271e+01	0.000000e+00	9.997012e-01	-2.444524e-02	0.000000e+00	0.000000e+00	0.000000e+00	-1.000000e+00	2.444524e-02	9.997012e-01	0.000000e+00
192	7.458033e+01	1.094966e+01	0.000000e+00	9.989874e-01	-4.499016e-02	0.000000e+00	0.000000e+00	0.000000e+00	-1.000000e+00	4.499016e-02	9.989874e-01	0.000000e+00
193	7.516675e+01	1.087043e+01	0.000000e+00	9.978498e-01	-6.554186e-02	0.000000e+00	0.000000e+00	0.000000e+00	-1.000000e+00	6.554186e-02	9.978498e-01	0.000000e+00
194	7.575249e+01	1.075501e+01	0.000000e+00	9.963011e-01	-8.593046e-02	0.000000e+00	0.000000e+00	0.000000e+00	-1.000000e+00	8.593046e-02	9.963011e-01	0.000000e+00
195	7.633734e+01	1.060368e+01	0.000000e+00	9.943612e-01	-1.060462e-01	0.000000e+00	0.000000e+00	0.000000e+00	-1.000000e+00	1.060462e-01	9.943612e-01	0.000000e+00
196	7.692104e+01	1.041693e+01	0.000000e+00	9.920480e-01	-1.258601e-01	0.000000e+00	0.000000e+00	0.000000e+00	-1.000000e+00	1.258601e-01	9.920480e-01	0.000000e+00
197	7.750338e+01	1.019529e+01	0.000000e+00	9.893886e-01	-1.452936e-01	0.000000e+00	0.000000e+00	0.000000e+00	-1.000000e+00	1.452936e-01	9.893886e-01	0.000000e+00
198	7.808416e+01	9.939422e+00	0.000000e+00	9.864192e-01	-1.642470e-01	0.000000e+00	0.000000e+00	0.000000e+00	-1.000000e+00	1.642470e-01	9.864192e-01	0.000000e+00
199	7.866320e+01	9.650177e+00	0.000000e+00	9.831790e-01	-1.826447e-01	0.000000e+00	0.000000e+00	0.000000e+00	-1.000000e+00	1.826447e-01	9.831790e-01	0.000000e+00
200	7.924034e+01	9.328533e+00	0.000000e+00	9.797180e-01	-2.003811e-01	0.000000e+00	0.000000e+00	0.000000e+00	-1.000000e+00	2.003811e-01	9.797180e-01	0.000000e+00
201	7.981545e+01	8.975654e+00	0.000000e+00	9.761017e-01	-2.173140e-01	0.000000e+00	0.000000e+00	0.000000e+00	-1.000000e+00	2.173140e-01	9.761017e-01	0.000000e+00
202	8.038843e+01	8.592957e+00	0.000000e+00	9.724141e-01	-2.332611e-01	0.000000e+00	0.000000e+00	0.000000e+00	-1.000000e+00	2.332611e-01	9.724141e-01	0.000000e+00
203	8.095925e+01	8.182175e+00	0.000000e+00	9.687640e-01	-2.479845e-01	0.000000e+00	0.000000e+00	0.000000e+00	-1.000000e+00	2.479845e-01	9.687640e-01	0.000000e+00
204	8.152793e+01	7.745466e+00	0.000000e+00	9.652881e-01	-2.611876e-01	0.000000e+00	0.000000e+00	0.000000e+00	-1.000000e+00	2.611876e-01	9.652881e-01	0.000000e+00
205	8.209456e+01	7.285505e+00	0.000000e+00	9.621555e-01	-2.725010e-01	0.000000e+00	0.000000e+00	0.000000e+00	-1.000000e+00	2.725010e-01	9.621555e-01	0.000000e+00
206	8.265936e+01	6.805621e+00	0.000000e+00	9.595722e-01	-2.814627e-01	0.000000e+00	0.000000e+00	0.000000e+00	-1.000000e+00	2.814627e-01	9.595722e-01	0.000000e+00
207	8.322264e+01	6.309955e+00	0.000000e+00	9.577731e-01	-2.875251e-01	0.000000e+00	0.000000e+00	0.000000e+00	-1.000000e+00	2.875251e-01	9.577731e-01	0.000000e+00
208	8.378486e+01	5.803613e+00	0.000000e+00	9.570143e-01	-2.900407e-01	0.000000e+00	0.000000e+00	0.000000e+00	-1.000000e+00	2.900407e-01	9.570143e-01	0.000000e+00
209	8.434664e+01	5.292841e+00	0.000000e+00	9.572867e-01	-2.891404e-01	0.000000e+00	0.000000e+00	0.000000e+00	-1.000000e+00	2.891404e-01	9.572867e-01	0.000000e+00
210	8.490858e+01	4.783654e+00	0.000000e+00	9.581052e-01	-2.864164e-01	0.000000e+00	0.000000e+00	0.000000e+00	-1.000000e+00	2.864164e-01	9.581052e-01	0.000000e+00
211	8.547100e+01	4.279264e+00	0.000000e+00	9.594445e-01	-2.818975e-01	0.000000e+00	0.000000e+00	0.000000e+00	-1.000000e+00	2.818975e-01	9.594445e-01	0.000000e+00
212	8.603421e+01	3.782833e+00	0.000000e+00	9.613652e-01	-2.752763e-01	0.000000e+00	0.000000e+00	0.000000e+00	-1.000000e+00	2.752763e-01	9.613652e-01	0.000000e+00
213	8.659854e+01	3.298061e+00	0.000000e+00	9.639045e-01	-2.662481e-01	0.000000e+00	0.000000e+00	0.000000e+00	-1.000000e+00	2.662481e-01	9.639045e-01	0.000000e+00
214	8.716436e+01	2.829189e+00	0.000000e+00	9.670541e-01	-2.545708e-01	0.000000e+00	0.000000e+00	0.000000e+00	-1.000000e+00	2.545708e-01	9.670541e-01	0.000000e+00
215	8.773204e+01	2.380880e+00	0.000000e+00	9.707400e-01	-2.401328e-01	0.000000e+00	0.000000e+00	0.000000e+00	-1.000000e+00	2.401328e-01	9.707400e-01	0.000000e+00
216	8.830187e+01	1.957998e+00	0.000000e+00	9.748062e-01	-2.230534e-01	0.000000e+00	0.000000e+00	0.000000e+00	-1.000000e+00	2.230534e-01	9.748062e-01	0.000000e+00
217	8.887410e+01	1.565193e+00	0.000000e+00	9.790272e-01	-2.037294e-01	0.000000e+00	0.000000e+00	0.000000e+00	-1.000000e+00	2.037294e-01	9.790272e-01	0.000000e+00
218	8.944880e+01	1.206418e+00	0.000000e+00	9.833277e-01	-1.818421e-01	0.000000e+00	0.000000e+00	0.000000e+00	-1.000000e+00	1.818421e-01	9.833277e-01	0.000000e+00
219	9.002602e+01	8.861874e-01	0.000000e+00	9.876507e-01	-1.566719e-01	0.000000e+00	0.000000e+00	0.000000e+00	-1.000000e+00	1.566719e-01	9.876507e-01	0.000000e+00
220	9.060578e+01	6.102825e-01	0.000000e+00	9.916847e-01	-1.286916e-01	0.000000e+00	0.000000e+00	0.000000e+00	-1.000000e+00	1.286916e-01	9.916847e-01	0.000000e+00
221	9.118791e+01	3.836519e-01	0.000000e+00	9.951514e-01	-9.835464e-02	0.000000e+00	0.000000e+00	0.000000e+00	-1.000000e+00	9.835464e-02	9.951514e-01	0.000000e+00
222	9.177208e+01	2.104458e-01	0.000000e+00	9.978220e-01	-6.596360e-02	0.000000e+00	0.000000e+00	0.000000e+00	-1.000000e+00	6.596360e-02	9.978220e-01	0.000000e+00
223	9.235781e+01	9.428154e-02	0.000000e+00	9.994986e-01	-3.166159e-02	0.000000e+00	0.000000e+00	0.000000e+00	-1.000000e+00	3.166159e-02	9.994986e-01	0.000000e+00
224	9.294453e+01	3.852434e-02	0.000000e+00	9.994986e-01	-3.166159e-02	0.000000e+00	0.000000e+00	0.000000e+00	-1.000000e+00	3.166159e-02	9.994986e-01	0.000000e+00
225	9.294453e+01	3.852434e-02	0.000000e+00	1.000000e+00	6.229634e-03	0.000000e+00	0.000000e+00	0.000000e+00	0.000000e+00	0.000000e+00	0.000000e+00	0.000000e+00
226	9.394453e+01	4.475398e-02	0.000000e+00	1.000000e+00	1.867479e-02	0.000000e+00	0.000000e+00	0.000000e+00	1.244516e-02	-6.229513e-03	9.999805e-01	-4.447948e-04
227	9.494453e+01	6.342877e-02	0.000000e+00	1.000000e+00	3.107764e-02	0.000000e+00	0.000000e+00	0.000000e+00	3.725086e-02	-1.867151e-02	9.998241e-01	-1.778171e-03
228	9.594453e+01	9.450641e-02	0.000000e+00	1.000000e+00	4.341010e-02	0.000000e+00	0.000000e+00	0.000000e+00	7.424822e-02	-3.106240e-02	9.995095e-01	-3.997100e-03
229	9.694453e+01	1.379165e-01	0.000000e+00	1.000000e+00	5.564421e-02	0.000000e+00	0.000000e+00	0.000000e+00	1.231847e-01	-4.336816e-02	9.990340e-01	-7.096524e-03
230	9.794453e+01	1.935607e-01	0.000000e+00	1.000000e+00	6.775227e-02	0.000000e+00	0.000000e+00	0.000000e+00	1.837250e-01	-5.555486e-02	9.983943e-01	-1.106935e-02
231	9.894453e+01	2.613130e-01	0.000000e+00	1.000000e+00	7.970685e-02	0.000000e+00	0.000000e+00	0.000000e+00	2.554525e-01	-6.758875e-02	9.975865e-01	-1.590640e-02
232	9.994453e+01	3.410198e-01	0.000000e+00	1.000000e+00	9.148087e-02	0.000000e+00	0.000000e+00	0.000000e+00	3.378706e-01	-7.943632e-02	9.966060e-01	-2.159645e-02
233	1.009445e+02	4.325007e-01	0.000000e+00	1.000000e+00	1.030477e-01	0.000000e+00	0.000000e+00	0.000000e+00	4.304049e-01	-9.106443e-02	9.954477e-01	-2.812614e-02
234	1.019445e+02	5.355484e-01	0.000000e+00	1.000000e+00	1.143810e-01	0.000000e+00	0.000000e+00	0.000000e+00	5.324050e-01	-1.024403e-01	9.941062e-01	-3.547998e-02
235	1.029445e+02	6.499294e-01	0.000000e+00	1.000000e+00	1.254552e-01	0.000000e+00	0.000000e+00	0.000000e+00	6.431474e-01	-1.135318e-01	9.925755e-01	-4.364035e-02
236	1.039445e+02	7.753846e-01	0.000000e+00	1.000000e+00	1.362453e-01	0.000000e+00	0.000000e+00	0.000000e+00	7.618379e-01	-1.243072e-01	9.908493e-01	-5.258743e-02
237	1.049445e+02	9.116299e-01	0.000000e+00	1.000000e+00	1.467267e-01	0.000000e+00	0.000000e+00	0.000000e+00	8.876148e-01	-1.347359e-01	9.889212e-01	-6.229922e-02
238	1.059445e+02	1.058357e+00	0.000000e+00	1.000000e+00	1.568757e-01	0.000000e+00	0.000000e+00	0.000000e+00	1.019552e+00	-1.447876e-01	9.867846e-01	-7.275152e-02
239	1.069445e+02	1.215232e+00	0.000000e+00	1.000000e+00	1.666694e-01	0.000000e+00	0.000000e+00	0.000000e+00	1.156663e+00	-1.544336e-01	9.844329e-01	-8.391794e-02
240	1.079445e+02	1.381902e+00	0.000000e+00	1.000000e+00	1.760854e-01	0.000000e+00	0.000000e+00	0.000000e+00	1.297904e+00	-1.636459e-01	9.818595e-01	-9.576991e-02
241	1.089445e+02	1.557987e+00	0.000000e+00	1.000000e+00	1.851026e-01	0.000000e+00	0.000000e+00	0.000000e+00	1.442180e+00	-1.723979e-01	9.790583e-01	-1.082767e-01
242	1.099445e+02	1.743090e+00	0.000000e+00	1.000000e+00	1.937005e-01	0.000000e+00	0.000000e+00	0.000000e+00	1.588344e+00	-1.806645e-01	9.760231e-01	-1.214055e-01
243	1.109445e+02	1.936790e+00	0.000000e+00	1.000000e+00	2.018596e-01	0.000000e+00	0.000000e+00	0.000000e+00	1.735207e+00	-1.884219e-01	9.727484e-01	-1.351213e-01
244	1.119445e+02	2.138650e+00	0.000000e+00	1.000000e+00	2.095614e-01	0.000000e+00	0.000000e+00	0.000000e+00	1.881541e+00	-1.956482e-01	9.692292e-01	-1.493873e-01
245	1.129445e+02	2.348211e+00	0.000000e+00	1.000000e+00	2.167885e-01	0.000000e+00	0.000000e+00	0.000000e+00	2.026083e+00	-2.023234e-01	9.654611e-01	-1.641648e-01
246	1.139445e+02	2.565000e+00	0.000000e+00	1.000000e+00	2.235245e-01	0.000000e+00	0.000000e+00	0.000000e+00	2.167539e+00	-2.084293e-01	9.614407e-01	-1.794132e-01
247	1.149445e+02	2.788524e+00	0.000000e+00	1.000000e+00	2.297541e-01	0.000000e+00	0.000000e+00	0.000000e+00	2.304591e+00	-2.139499e-01	9.571652e-01	-1.950903e-01
248	1.159445e+02	3.018278e+00	0.000000e+00	1.000000e+00	2.354633e-01	0.000000e+00	0.000000e+00	0.000000e+00	2.435902e+00	-2.188714e-01	9.526331e-01	-2.111526e-01
249	1.169445e+02	3.253742e+00	0.000000e+00	1.000000e+00	2.406391e-01	0.000000e+00	0.000000e+00	0.000000e+00	2.560120e+00	-2.231825e-01	9.478440e-01	-2.275549e-01
250	1.179445e+02	3.494381e+00	0.000000e+00	1.000000e+00	2.452697e-01	0.000000e+00	0.000000e+00	0.000000e+00	2.675886e+00	-2.268742e-01	9.427987e-01	-2.442513e-01
251	1.189445e+02	3.739651e+00	0.000000e+00	1.000000e+00	2.493447e-01	0.000000e+00	0.000000e+00	0.000000e+00	2.781837e+00	-2.299402e-01	9.374992e-01	-2.611948e-01
252	1.199445e+02	3.988995e+00	0.000000e+00	1.000000e+00	2.528549e-01	0.000000e+00	0.000000e+00	0.000000e+00	2.876612e+00	-2.323766e-01	9.319492e-01	-2.783377e-01
253	1.209445e+02	4.241850e+00	0.000000e+00	1.000000e+00	2.557923e-01	0.000000e+00	0.000000e+00	0.000000e+00	2.958859e+00	-2.341825e-01	9.261536e-01	-2.956318e-01
254	1.219445e+02	4.497642e+00	0.000000e+00	1.000000e+00	2.581502e-01	0.000000e+00	0.000000e+00	0.000000e+00	3.027239e+00	-2.353594e-01	9.201190e-01	-3.130287e-01
255	1.229445e+02	4.755793e+00	0.000000e+00	1.000000e+00	2.599234e-01	0.000000e+00	0.000000e+00	0.000000e+00	3.080433e+00	-2.359116e-01	9.138537e-01	-3.304801e-01
256	1.239445e+02	5.015716e+00	0.000000e+00	1.000000e+00	2.611077e-01	0.000000e+00	0.000000e+00	0.000000e+00	3.117147e+00	-2.358460e-01	9.073676e-01	-3.479379e-01
257	1.249445e+02	5.276824e+00	0.000000e+00	1.000000e+00	2.617005e-01	0.000000e+00	0.000000e+00	0.000000e+00	3.136118e+00	-2.351724e-01	9.006720e-01	-3.653546e-01
258	1.259445e+02	5.538524e+00	0.000000e+00	1.000000e+00	2.617005e-01	0.000000e+00	0.000000e+00	0.000000e+00	3.136118e+00	-2.339027e-01	8.937801e-01	-3.826834e-01
259	1.269445e+02	5.800225e+00	0.000000e+00	1.000000e+00	2.611077e-01	0.000000e+00	0.000000e+00	0.000000e+00	3.115961e+00	-2.320517e-01	8.867069e-01	-3.998787e-01
260	1.279445e+02	6.061333e+00	0.000000e+00	1.000000e+00	2.599234e-01	0.000000e+00	0.000000e+00	0.000000e+00	3.074510e+00	-2.296360e-01	8.794687e-01	-4.168958e-01
261	1.289445e+02	6.321256e+00	0.000000e+00	1.000000e+00	2.581502e-01	0.000000e+00	0.000000e+00	0.000000e+00	3.010677e+00	-2.266749e-01	8.720836e-01	-4.336919e-01
262	1.299445e+02	6.579406e+00	0.000000e+00	1.000000e+00	2.557923e-01	0.000000e+00	0.000000e+00	0.000000e+00	2.923433e+00	-2.231893e-01	8.645713e-01	-4.502255e-01
263	1.309445e+02	6.835198e+00	0.000000e+00	1.000000e+00	2.528549e-01	0.000000e+00	0.000000e+00	0.000000e+00	2.811813e+00	-2.192019e-01	8.569528e-01	-4.664573e-01
264	1.319445e+02	7.088053e+00	0.000000e+00	1.000000e+00	2.493447e-01	0.000000e+00	0.000000e+00	0.000000e+00	2.674916e+00	-2.147372e-01	8.492506e-01	-4.823498e-01
265	1.329445e+02	7.337398e+00	0.000000e+00	1.000000e+00	2.452697e-01	0.000000e+00	0.000000e+00	0.000000e+00	2.511915e+00	-2.098207e-01	8.414886e-01	-4.978677e-01
266	1.339445e+02	7.582668e+00	0.000000e+00	1.000000e+00	2.406391e-01	0.000000e+00	0.000000e+00	0.000000e+00	2.322058e+00	-2.044793e-01	8.336916e-01	-5.129781e-01
267	1.349445e+02	7.823307e+00	0.000000e+00	1.000000e+00	2.354633e-01	0.000000e+00	0.000000e+00	0.000000e+00	2.104676e+00	-1.987404e-01	8.258858e-01	-5.276504e-01
268	1.359445e+02	8.058770e+00	0.000000e+00	1.000000e+00	2.297541e-01	0.000000e+00	0.000000e+00	0.000000e+00	1.859182e+00	-1.926321e-01	8.180982e-01	-5.418563e-01
269	1.369445e+02	8.288524e+00	0.000000e+00	1.000000e+00	2.235245e-01	0.000000e+00	0.000000e+00	0.000000e+00	1.585078e+00	-1.861828e-01	8.103565e-01	-5.555702e-01
270	1.379445e+02	8.512049e+00	0.000000e+00	1.000000e+00	2.167885e-01	0.000000e+00	0.000000e+00	0.000000e+00	1.281958e+00	-1.794207e-01	8.026894e-01	-5.687688e-01
271	1.389445e+02	8.728837e+00	0.000000e+00	1.000000e+00	2.095614e-01	0.000000e+00	0.000000e+00	0.000000e+00	9.495124e-01	-1.723741e-01	7.951256e-01	-5.814314e-01
272	1.399445e+02	8.938399e+00	0.000000e+00	1.000000e+00	2.018596e-01	0.000000e+00	0.000000e+00	0.000000e+00	5.875274e-01	-1.650704e-01	7.876946e-01	-5.935394e-01
273	1.409445e+02	9.140258e+00	0.000000e+00	1.000000e+00	1.937005e-01	0.000000e+00	0.000000e+00	0.000000e+00	1.958912e-01	-1.575364e-01	7.804258e-01	-6.050768e-01
274	1.419445e+02	9.333959e+00	0.000000e+00	1.000000e+00	1.851026e-01	0.000000e+00	0.000000e+00	0.000000e+00	-2.254049e-01	-1.497980e-01	7.733485e-01	-6.160297e-01
275	1.429445e+02	9.519062e+00	0.000000e+00	1.000000e+00	1.760854e-01	0.000000e+00	0.000000e+00	0.000000e+00	-6.762647e-01	-1.418797e-01	7.664922e-01	-6.263864e-01
276	1.439445e+02	9.695147e+00	0.000000e+00	1.000000e+00	1.666694e-01	0.000000e+00	0.000000e+00	0.000000e+00	-1.156485e+00	-1.338048e-01	7.598855e-01	-6.361370e-01
277	1.449445e+02	9.861816e+00	0.000000e+00	1.000000e+00	1.568757e-01	0.000000e+00	0.000000e+00	0.000000e+00	-1.665755e+00	-1.255948e-01	7.535568e-01	-6.452736e-01
278	1.459445e+02	1.001869e+01	0.000000e+00	1.000000e+00	1.467267e-01	0.000000e+00	0.000000e+00	0.000000e+00	-2.203653e+00	-1.172699e-01	7.475336e-01	-6.537899e-01
279	1.469445e+02	1.016542e+01	0.000000e+00	1.000000e+00	1.362453e-01	0.000000e+00	0.000000e+00	0.000000e+00	-2.769649e+00	-1.088481e-01	7.418425e-01	-6.616810e-01
280	1.479445e+02	1.030166e+01	0.000000e+00	1.000000e+00	1.254552e-01	0.000000e+00	0.000000e+00	0.000000e+00	-3.363101e+00	-1.003459e-01	7.365089e-01	-6.689434e-01
281	1.489445e+02	1.042712e+01	0.000000e+00	1.000000e+00	1.143810e-01	0.000000e+00	0.000000e+00	0.000000e+00	-3.983259e+00	-9.177766e-02	7.315570e-01	-6.755747e-01
282	1.499445e+02	1.054150e+01	0.000000e+00	1.000000e+00	1.030477e-01	0.000000e+00	0.000000e+00	0.000000e+00	-4.629260e+00	-8.315607e-02	7.270094e-01	-6.815734e-01
283	1.509445e+02	1.064455e+01	0.000000e+00	1.000000e+00	9.148087e-02	0.000000e+00	0.000000e+00	0.000000e+00	-5.300133e+00	-7.449184e-02	7.228872e-01	-6.869389e-01
284	1.519445e+02	1.073603e+01	0.000000e+00	1.000000e+00	7.970685e-02	0.000000e+00	0.000000e+00	0.000000e+00	-5.994800e+00	-6.579393e-02	7.192097e-01	-6.916709e-01
285	1.529445e+02	1.081574e+01	0.000000e+00	1.000000e+00	6.775227e-02	0.000000e+00	0.000000e+00	0.000000e+00	-6.712075e+00	-5.706963e-02	7.159940e-01	-6.957698e-01
286	1.539445e+02	1.088349e+01	0.000000e+00	1.000000e+00	5.564421e-02	0.000000e+00	0.000000e+00	0.000000e+00	-7.450667e+00	-4.832468e-02	7.132555e-01	-6.992362e-01
287	1.549445e+02	1.093913e+01	0.000000e+00	1.000000e+00	4.341010e-02	0.000000e+00	0.000000e+00	0.000000e+00	-8.209182e+00	-3.956343e-02	7.110071e-01	-7.020710e-01
288	1.559445e+02	1.098254e+01	0.000000e+00	1.000000e+00	3.107764e-02	0.000000e+00	0.000000e+00	0.000000e+00	-8.986126e+00	-3.078902e-02	7.092595e-01	-7.042748e-01
289	1.569445e+02	1.101362e+01	0.000000e+00	1.000000e+00	1.867479e-02	0.000000e+00	0.000000e+00	0.000000e+00	-9.779909e+00	-2.200363e-02	7.080212e-01	-7.058483e-01
290	1.579445e+02	1.103229e+01	0.000000e+00	1.000000e+00	6.229634e-03	0.000000e+00	0.000000e+00	0.000000e+00	-1.058884e+01	-1.320864e-02	7.072979e-01	-7.067922e-01
291	1.589445e+02	1.103852e+01	0.000000e+00	1.000000e+00	-1.557629e-03	-2.273902e-02	-2.501293e-01	1.500776e+00	-1.110280e+01	-4.404931e-03	7.070931e-01	-7.071068e-01
292	1.599445e+02	1.103697e+01	-2.273902e-02	1.000000e+00	-4.672005e-03	-6.835868e-02	-7.519452e-01	4.557292e+00	-1.131147e+01	-1.497440e-02	7.070988e-01	-7.069562e-01
293	1.609445e+02	1.103229e+01	-9.109770e-02	1.000000e+00	-7.783735e-03	-1.144076e-01	-1.258480e+00	7.688618e+00	-1.152306e+01	-4.493731e-02	7.071953e-01	-7.055887e-01
294	1.619445e+02	1.102451e+01	-2.055053e-01	1.000000e+00	-1.089106e-02	-1.611871e-01	-1.773037e+00	1.091640e+01	-1.173747e+01	-7.493869e-02	7.074181e-01	-7.028114e-01
295	1.629445e+02	1.101362e+01	-3.666923e-01	1.000000e+00	-1.399221e-02	-2.090224e-01	-2.299171e+00	1.426487e+01	-1.195455e+01	-1.050023e-01	7.077623e-01	-6.986036e-01
296	1.639445e+02	1.099963e+01	-5.757147e-01	1.000000e+00	-1.708544e-02	-2.582748e-01	-2.840813e+00	1.776180e+01	-1.217417e+01	-1.351523e-01	7.082207e-01	-6.929339e-01
297	1.649445e+02	1.098254e+01	-8.339895e-01	1.000000e+00	-2.016898e-02	-3.093569e-01	-3.402428e+00	2.143971e+01	-1.239618e+01	-1.654133e-01	7.087831e-01	-6.857587e-01
298	1.659445e+02	1.096237e+01	-1.143346e+00	1.000000e+00	-2.324111e-02	-3.627521e-01	-3.989222e+00	2.533756e+01	-1.262045e+01	-1.958105e-01	7.094368e-01	-6.770211e-01
299	1.669445e+02	1.093913e+01	-1.506098e+00	1.000000e+00	-2.630007e-02	-4.190416e-01	-4.607419e+00	2.950298e+01	-1.284681e+01	-2.263703e-01	7.101660e-01	-6.666489e-01
300	1.679445e+02	1.091283e+01	-1.925140e+00	1.000000e+00	-2.934414e-02	-4.789420e-01	-5.264654e+00	3.399551e+01	-1.307512e+01	-2.571198e-01	7.109513e-01	-6.545515e-01
301	1.689445e+02	1.088349e+01	-2.404082e+00	1.000000e+00	-3.237158e-02	-5.433591e-01	-5.970533e+00	3.889121e+01	-1.330520e+01	-2.880881e-01	7.117698e-01	-6.406161e-01
302	1.699445e+02	1.085112e+01	-2.947441e+00	1.000000e+00	-3.538069e-02	-6.134700e-01	-6.737483e+00	4.428975e+01	-1.353691e+01	-3.193061e-01	7.125941e-01	-6.247025e-01
303	1.709445e+02	1.081574e+01	-3.560911e+00	1.000000e+00	-3.836976e-02	-6.908496e-01	-7.582063e+00	5.032536e+01	-1.377005e+01	-3.508073e-01	7.133917e-01	-6.066354e-01
304	1.719445e+02	1.077737e+01	-4.251761e+00	1.000000e+00	-4.133709e-02	-7.776766e-01	-8.527101e+00	5.718469e+01	-1.400447e+01	-3.826290e-01	7.141237e-01	-5.861931e-01
305	1.729445e+02	1.073603e+01	-5.029437e+00	1.000000e+00	-4.428102e-02	-8.770858e-01	-9.605338e+00	6.513743e+01	-1.423999e+01	-4.148131e-01	7.147435e-01	-5.630913e-01
306	1.739445e+02	1.069175e+01	-5.906523e+00	1.000000e+00	-4.719986e-02	-9.938081e-01	-1.086605e+01	7.459193e+01	-1.447641e+01	-4.474090e-01	7.151941e-01	-5.369568e-01
307	1.749445e+02	1.064455e+01	-6.900331e+00	1.000000e+00	-5.009196e-02	-1.135429e+00	-1.238804e+01	8.620483e+01	-1.471356e+01	-4.804764e-01	7.154044e-01	-5.072859e-01
308	1.759445e+02	1.059446e+01	-8.035760e+00	1.000000e+00	-5.295570e-02	-1.315129e+00	-1.430796e+01	1.011200e+02	-1.495125e+01	-5.140919e-01	7.152831e-01	-4.733706e-01
309	1.769445e+02	1.054150e+01	-9.350889e+00	1.000000e+00	-5.578943e-02	-1.558574e+00	-1.689135e+01	1.215693e+02	-1.518929e+01	-5.483610e-01	7.147066e-01	-4.341597e-01
310	1.779445e+02	1.048571e+01	-1.090946e+01	1.000000e+00	-5.859157e-02	-1.925385e+00	-2.075406e+01	1.527483e+02	-1.542747e+01	-5.834457e-01	7.134963e-01	-3.879616e-01
311	1.789445e+02	1.042712e+01	-1.283485e+01	1.000000e+00	-6.136052e-02	-2.607713e+00	-2.787803e+01	2.114285e+02	-1.566560e+01	-6.196394e-01	7.113602e-01	-3.316830e-01
312	1.799445e+02	1.036576e+01	-1.544256e+01	1.000000e+00	-6.409472e-02	-6.557439e+00	-6.870999e+01	5.550546e+02	-1.590348e+01	-6.576797e-01	7.076996e-01	-2.581058e-01
313	1.809445e+02	1.030166e+01	-2.200000e+01	-1.000000e+00	-6.679261e-02	-6.557439e+00	-6.876935e+01	5.990546e+02	4.385390e+00	-7.071831e-01	6.985984e-01	-1.088687e-01
314	1.799445e+02	1.023487e+01	-2.855744e+01	-1.000000e+00	-6.945268e-02	-2.607713e+00	-2.857254e+01	2.554285e+02	4.153964e+00	-7.082451e-01	6.974899e-01	1.090719e-01
315	1.789445e+02	1.016542e+01	-3.116515e+01	-1.000000e+00	-7.207340e-02	-1.925385e+00	-2.174435e+01	1.967483e+02	3.928582e+00	-6.595050e-01	7.054683e-01	2.595528e-01
316	1.779445e+02	1.009335e+01	-3.309054e+01	-1.000000e+00	-7.465330e-02	-1.558574e+00	-1.814150e+01	1.655693e+02	3.709291e+00	-6.214160e-01	7.083506e-01	3.347859e-01
317	1.769445e+02	1.001869e+01	-3.464911e+01	-1.000000e+00	-7.719091e-02	-1.315129e+00	-1.579981e+01	1.451200e+02	3.496131e+00	-5.844731e-01	7.098628e-01	3.930470e-01
318	1.759445e+02	9.941501e+00	-3.596424e+01	-1.000000e+00	-7.968480e-02	-1.135429e+00	-1.410993e+01	1.302048e+02	3.289138e+00	-5.480433e-01	7.104532e-01	4.414802e-01
319	1.749445e+02	9.861816e+00	-3.709967e+01	-1.000000e+00	-8.213356e-02	-9.938081e-01	-1.280959e+01	1.185919e+02	3.088340e+00	-5.119075e-01	7.103088e-01	4.831273e-01
320	1.739445e+02	9.779683e+00	-3.809348e+01	-1.000000e+00	-8.453580e-02	-8.770858e-01	-1.176409e+01	1.091374e+02	2.893759e+00	-4.759629e-01	7.095304e-01	5.196402e-01
321	1.729445e+02	9.695147e+00	-3.897056e+01	-1.000000e+00	-8.689015e-02	-7.776766e-01	-1.089589e+01	1.011847e+02	2.705410e+00	-4.401531e-01	7.081809e-01	5.520372e-01
322	1.719445e+02	9.608257e+00	-3.974824e+01	-1.000000e+00	-8.919529e-02	-6.908496e-01	-1.015660e+01	9.432536e+01	2.523304e+00	-4.044444e-01	7.063045e-01	5.809979e-01
323	1.709445e+02	9.519062e+00	-4.043909e+01	-1.000000e+00	-9.144991e-02	-6.134700e-01	-9.514176e+00	8.828975e+01	2.347444e+00	-3.688154e-01	7.039352e-01	6.070012e-01
324	1.699445e+02	9.427612e+00	-4.105256e+01	-1.000000e+00	-9.365273e-02	-5.433591e-01	-8.946330e+00	8.289121e+01	2.177827e+00	-3.332517e-01	7.011010e-01	6.303973e-01
325	1.689445e+02	9.333959e+00	-4.159592e+01	-1.000000e+00	-9.580251e-02	-4.789420e-01	-8.436967e+00	7.799551e+01	2.014444e+00	-2.977435e-01	6.978268e-01	6.514495e-01
326	1.679445e+02	9.238156e+00	-4.207486e+01	-1.000000e+00	-9.789802e-02	-4.190416e-01	-7.974074e+00	7.350298e+01	1.857281e+00	-2.622838e-01	6.941360e-01	6.703600e-01
327	1.669445e+02	9.140258e+00	-4.249390e+01	-1.000000e+00	-9.993808e-02	-3.627521e-01	-7.548432e+00	6.933756e+01	1.706316e+00	-2.268673e-01	6.900509e-01	6.872853e-01
328	1.659445e+02	9.040320e+00	-4.285665e+01	-1.000000e+00	-1.019215e-01	-3.093569e-01	-7.152783e+00	6.543971e+01	1.561524e+00	-1.914900e-01	6.855939e-01	7.023479e-01
329	1.649445e+02	8.938399e+00	-4.316601e+01	-1.000000e+00	-1.038473e-01	-2.582748e-01	-6.781285e+00	6.176180e+01	1.422872e+00	-1.561487e-01	6.807878e-01	7.156435e-01
330	1.639445e+02	8.834552e+00	-4.342429e+01	-1.000000e+00	-1.057142e-01	-2.090224e-01	-6.429128e+00	5.826487e+01	1.290322e+00	-1.208407e-01	6.756558e-01	7.272460e-01
331	1.629445e+02	8.728837e+00	-4.363331e+01	-1.000000e+00	-1.075212e-01	-1.611871e-01	-6.092271e+00	5.491640e+01	1.163830e+00	-8.556343e-02	6.702221e-01	7.372118e-01
332	1.619445e+02	8.621316e+00	-4.379449e+01	-1.000000e+00	-1.092673e-01	-1.144076e-01	-5.767243e+00	5.168862e+01	1.043347e+00	-5.031474e-02	6.645117e-01	7.455820e-01
333	1.609445e+02	8.512049e+00	-4.390890e+01	-1.000000e+00	-1.109516e-01	-6.835868e-02	-5.451000e+00	4.855729e+01	9.288189e-01	-1.509250e-02	6.585511e-01	7.523847e-01
334	1.599445e+02	8.401097e+00	-4.397726e+01	-1.000000e+00	-1.125729e-01	-2.273902e-02	-5.140806e+00	4.550078e+01	8.201857e-01	2.010534e-02	6.523676e-01	7.576360e-01
335	1.589445e+02	8.288524e+00	-4.400000e+01	-1.000000e+00	-1.141306e-01	2.273902e-02	-4.834148e+00	4.249922e+01	7.173822e-01	5.528075e-02	6.459901e-01	7.613415e-01
336	1.579445e+02	8.174394e+00	-4.397726e+01	-1.000000e+00	-1.156236e-01	6.835868e-02	-4.528650e+00	3.953395e+01	6.203382e-01	9.043561e-02	6.394489e-01	7.634962e-01
337	1.569445e+02	8.058770e+00	-4.390890e+01	-1.000000e+00	-1.170511e-01	1.144076e-01	-4.222006e+00	3.658682e+01	5.289786e-01	1.255717e-01	6.327760e-01	7.640853e-01
338	1.559445e+02	7.941719e+00	-4.379449e+01	-1.000000e+00	-1.184122e-01	1.611871e-01	-3.911912e+00	3.363971e+01	4.432233e-01	1.606905e-01	6.260049e-01	7.630835e-01
339	1.549445e+02	7.823307e+00	-4.363331e+01	-1.000000e+00	-1.197064e-01	2.090224e-01	-3.595991e+00	3.067392e+01	3.629875e-01	1.957934e-01	6.191713e-01	7.604550e-01
340	1.539445e+02	7.703601e+00	-4.342429e+01	-1.000000e+00	-1.209327e-01	2.582748e-01	-3.271720e+00	2.766952e+01	2.881819e-01	2.308813e-01	6.123127e-01	7.561527e-01
341	1.529445e+02	7.582668e+00	-4.316601e+01	-1.000000e+00	-1.220905e-01	3.093569e-01	-2.936328e+00	2.460460e+01	2.187124e-01	2.659545e-01	6.054692e-01	7.501169e-01
342	1.519445e+02	7.460577e+00	-4.285665e+01	-1.000000e+00	-1.231792e-01	3.627521e-01	-2.586683e+00	2.145428e+01	1.544808e-01	3.010126e-01	5.986832e-01	7.422734e-01
343	1.509445e+02	7.337398e+00	-4.249390e+01	-1.000000e+00	-1.241981e-01	4.190416e-01	-2.219129e+00	1.818949e+01	9.538453e-02	3.360542e-01	5.920007e-01	7.325317e-01
344	1.499445e+02	7.213200e+00	-4.207486e+01	-1.000000e+00	-1.251466e-01	4.789420e-01	-1.829274e+00	1.477517e+01	4.131695e-02	3.710768e-01	5.854708e-01	7.207815e-01
345	1.489445e+02	7.088053e+00	-4.159592e+01	-1.000000e+00	-1.260243e-01	5.433591e-01	-1.411672e+00	1.116781e+01	-7.832553e-03	4.060759e-01	5.791474e-01	7.068880e-01
346	1.479445e+02	6.962029e+00	-4.105256e+01	-1.000000e+00	-1.268306e-01	6.134700e-01	-9.593585e-01	7.311711e+00	-5.217840e-02	4.410449e-01	5.730894e-01	6.906865e-01
347	1.469445e+02	6.835198e+00	-4.043909e+01	-1.000000e+00	-1.275651e-01	6.908496e-01	-4.631351e-01	3.133212e+00	-9.183870e-02	4.759742e-01	5.673627e-01	6.719733e-01
348	1.459445e+02	6.707633e+00	-3.974824e+01	-1.000000e+00	-1.282272e-01	7.776766e-01	8.960272e-02	-1.468620e+00	-1.269351e-01	5.108501e-01	5.620416e-01	6.504932e-01
349	1.449445e+02	6.579406e+00	-3.897056e+01	-1.000000e+00	-1.288168e-01	8.770858e-01	7.168509e-01	-6.637899e+00	-1.575925e-01	5.456532e-01	5.572123e-01	6.259210e-01
350	1.439445e+02	6.450589e+00	-3.809348e+01	-1.000000e+00	-1.293334e-01	9.938081e-01	1.445602e+00	-1.259073e+01	-1.839393e-01	5.803561e-01	5.529768e-01	5.978323e-01
351	1.429445e+02	6.321256e+00	-3.709967e+01	-1.000000e+00	-1.297768e-01	1.135429e+00	2.318920e+00	-1.967177e+01	-2.061067e-01	6.149196e-01	5.494604e-01	5.656563e-01
352	1.419445e+02	6.191479e+00	-3.596424e+01	-1.000000e+00	-1.301466e-01	1.315129e+00	3.411308e+00	-2.847710e+01	-2.242289e-01	6.492866e-01	5.468240e-01	5.285929e-01
353	1.409445e+02	6.061333e+00	-3.464911e+01	-1.000000e+00	-1.304427e-01	1.558574e+00	4.867269e+00	-4.016245e+01	-2.384428e-01	6.833702e-01	5.452866e-01	4.854562e-01
354	1.399445e+02	5.930890e+00	-3.309054e+01	-1.000000e+00	-1.306650e-01	1.925385e+00	7.021299e+00	-5.740256e+01	-2.488881e-01	7.170315e-01	5.451737e-01	4.343402e-01
355	1.389445e+02	5.800225e+00	-3.116515e+01	-1.000000e+00	-1.308132e-01	2.607713e+00	1.094805e+01	-8.878964e+01	-2.557067e-01	7.500286e-01	5.470373e-01	3.717624e-01
356	1.379445e+02	5.669412e+00	-2.855744e+01	-1.000000e+00	-1.308873e-01	6.557439e+00	3.318639e+01	-2.665273e+02	-2.590428e-01	7.818847e-01	5.520753e-01	2.896019e-01
357	1.369445e+02	5.538524e+00	-2.200000e+01	1.000000e+00	-1.308873e-01	6.557439e+00	3.318639e+01	-3.105273e+02	-1.125904e+01	8.131783e-01	5.690259e-01	1.222725e-01
358	1.379445e+02	5.407637e+00	-1.544256e+01	1.000000e+00	-1.308132e-01	2.607713e+00	1.198101e+01	-1.327896e+02	-1.125571e+01	8.153205e-01	5.658795e-01	-1.226086e-01
359	1.389445e+02	5.276824e+00	-1.283485e+01	1.000000e+00	-1.306650e-01	1.925385e+00	8.408679e+00	-1.014026e+02	-1.124889e+01	7.876856e-01	5.424847e-01	-2.919961e-01
360	1.399445e+02	5.146159e+00	-1.090946e+01	1.000000e+00	-1.304427e-01	1.558574e+00	6.537567e+00	-8.416245e+01	-1.123844e+01	7.589646e-01	5.309626e-01	-3.768971e-01
361	1.409445e+02	5.015716e+00	-9.350889e+00	1.000000e+00	-1.301466e-01	1.315129e+00	5.328665e+00	-7.247710e+01	-1.122423e+01	7.285934e-01	5.226063e-01	-4.427576e-01
362	1.419445e+02	4.885569e+00	-8.035760e+00	1.000000e+00	-1.297768e-01	1.135429e+00	4.460620e+00	-6.367177e+01	-1.120611e+01	6.970722e-01	5.162436e-01	-4.975770e-01
363	1.429445e+02	4.755793e+00	-6.900331e+00	1.000000e+00	-1.293334e-01	9.938081e-01	3.795616e+00	-5.659073e+01	-1.118394e+01	6.646602e-01	5.113413e-01	-5.447540e-01
364	1.439445e+02	4.626459e+00	-5.906523e+00	1.000000e+00	-1.288168e-01	8.770858e-01	3.263153e+00	-5.063790e+01	-1.115759e+01	6.315106e-01	5.075887e-01	-5.861298e-01
365	1.449445e+02	4.497642e+00	-5.029437e+00	1.000000e+00	-1.282272e-01	7.776766e-01	2.822841e+00	-4.546862e+01	-1.112694e+01	5.977225e-01	5.047788e-01	-6.228372e-01
366	1.459445e+02	4.369415e+00	-4.251761e+00	1.000000e+00	-1.275651e-01	6.908496e-01	2.449618e+00	-4.086679e+01	-1.109184e+01	5.633645e-01	5.027607e-01	-6.556311e-01
367	1.469445e+02	4.241850e+00	-3.560911e+00	1.000000e+00	-1.268306e-01	6.134700e-01	2.126982e+00	-3.668829e+01	-1.105218e+01	5.284865e-01	5.014174e-01	-6.850421e-01
368	1.479445e+02	4.115020e+00	-2.947441e+00	1.000000e+00	-1.260243e-01	5.433591e-01	1.843551e+00	-3.283219e+01	-1.100783e+01	4.931263e-01	5.006535e-01	-7.114581e-01
369	1.489445e+02	3.988995e+00	-2.404082e+00	1.000000e+00	-1.251466e-01	4.789420e-01	1.591183e+00	-2.922483e+01	-1.095868e+01	4.573131e-01	5.003886e-01	-7.351707e-01
370	1.499445e+02	3.863849e+00	-1.925140e+00	1.000000e+00	-1.241981e-01	4.190416e-01	1.363871e+00	-2.581051e+01	-1.090462e+01	4.210707e-01	5.005526e-01	-7.564037e-01
371	1.509445e+02	3.739651e+00	-1.506098e+00	1.000000e+00	-1.231792e-01	3.627521e-01	1.157071e+00	-2.254572e+01	-1.084552e+01	3.844184e-01	5.010831e-01	-7.753311e-01
372	1.519445e+02	3.616471e+00	-1.143346e+00	1.000000e+00	-1.220905e-01	3.093569e-01	9.672707e-01	-1.939540e+01	-1.078129e+01	3.473726e-01	5.019235e-01	-7.920891e-01
373	1.529445e+02	3.494381e+00	-8.339895e-01	1.000000e+00	-1.209327e-01	2.582748e-01	7.917040e-01	-1.633048e+01	-1.071182e+01	3.099473e-01	5.030217e-01	-8.067849e-01
374	1.539445e+02	3.373448e+00	-5.757147e-01	1.000000e+00	-1.197064e-01	2.090224e-01	6.281569e-01	-1.332608e+01	-1.063701e+01	2.721549e-01	5.043291e-01	-8.195022e-01
375	1.549445e+02	3.253742e+00	-3.666923e-01	1.000000e+00	-1.184122e-01	1.611871e-01	4.748306e-01	-1.036029e+01	-1.055678e+01	2.340064e-01	5.058000e-01	-8.303056e-01
376	1.559445e+02	3.135330e+00	-2.055053e-01	1.000000e+00	-1.170511e-01	1.144076e-01	3.302434e-01	-7.413183e+00	-1.047102e+01	1.955121e-01	5.073913e-01	-8.392432e-01
377	1.569445e+02	3.018278e+00	-9.109770e-02	1.000000e+00	-1.156236e-01	6.835868e-02	1.931590e-01	-4.466053e+00	-1.037966e+01	1.566814e-01	5.090616e-01	-8.463494e-01
378	1.579445e+02	2.902655e+00	-2.273902e-02	1.000000e+00	-1.141306e-01	2.273902e-02	6.253232e-02	-1.500776e+00	-1.028262e+01	1.175232e-01	5.107715e-01	-8.516459e-01
379	1.589445e+02	2.788524e+00	0.000000e+00	1.000000e+00	-1.125729e-01	-2.273902e-02	-6.253232e-02	1.500776e+00	-1.017981e+01	7.804616e-02	5.124831e-01	-8.551432e-01
380	1.599445e+02	2.675951e+00	-2.273902e-02	1.000000e+00	-1.109516e-01	-6.835868e-02	-1.828140e-01	4.557292e+00	-1.007118e+01	3.825881e-02	5.141599e-01	-8.568407e-01
381	1.609445e+02	2.565000e+00	-9.109770e-02	1.000000e+00	-1.092673e-01	-1.144076e-01	-2.990020e-01	7.688618e+00	-9.956653e+00	-1.830563e-03	5.157667e-01	-8.567271e-01
382	1.619445e+02	2.455733e+00	-2.055053e-01	1.000000e+00	-1.075212e-01	-1.611871e-01	-4.117189e-01	1.091640e+01	-9.836170e+00	-4.221364e-02	5.172695e-01	-8.547809e-01
383	1.629445e+02	2.348211e+00	-3.666923e-01	1.000000e+00	-1.057142e-01	-2.090224e-01	-5.215408e-01	1.426487e+01	-9.709678e+00	-8.288209e-02	5.186354e-01	-8.509688e-01
384	1.639445e+02	2.242497e+00	-5.757147e-01	1.000000e+00	-1.038473e-01	-2.582748e-01	-6.290170e-01	1.776180e+01	-9.577128e+00	-1.238275e-01	5.198327e-01	-8.452460e-01
385	1.649445e+02	2.138650e+00	-8.339895e-01	1.000000e+00	-1.019215e-01	-3.093569e-01	-7.346898e-01	2.143971e+01	-9.438476e+00	-1.650415e-01	5.208304e-01	-8.375542e-01
386	1.659445e+02	2.036728e+00	-1.143346e+00	1.000000e+00	-9.993808e-02	-3.627521e-01	-8.391165e-01	2.533756e+01	-9.293684e+00	-2.065156e-01	5.215985e-01	-8.278202e-01
387	1.669445e+02	1.936790e+00	-1.506098e+00	1.000000e+00	-9.789802e-02	-4.190416e-01	-9.428965e-01	2.950298e+01	-9.142719e+00	-2.482412e-01	5.221080e-01	-8.159532e-01
388	1.679445e+02	1.838892e+00	-1.925140e+00	1.000000e+00	-9.580251e-02	-4.789420e-01	-1.046705e+00	3.399551e+01	-8.985556e+00	-2.902100e-01	5.223302e-01	-8.018412e-01
389	1.689445e+02	1.743090e+00	-2.404082e+00	1.000000e+00	-9.365273e-02	-5.433591e-01	-1.151340e+00	3.889121e+01	-8.822173e+00	-3.324137e-01	5.222369e-01	-7.853469e-01
390	1.699445e+02	1.649437e+00	-2.947441e+00	1.000000e+00	-9.144991e-02	-6.134700e-01	-1.257790e+00	4.428975e+01	-8.652556e+00	-3.748447e-01	5.218003e-01	-7.663001e-01
391	1.709445e+02	1.557987e+00	-3.560911e+00	1.000000e+00	-8.919529e-02	-6.908496e-01	-1.367337e+00	5.032536e+01	-8.476696e+00	-4.174959e-01	5.209917e-01	-7.444896e-01
392	1.719445e+02	1.468792e+00	-4.251761e+00	1.000000e+00	-8.689015e-02	-7.776766e-01	-1.481722e+00	5.718469e+01	-8.294590e+00	-4.603614e-01	5.197817e-01	-7.196488e-01
393	1.729445e+02	1.381902e+00	-5.029437e+00	1.000000e+00	-8.453580e-02	-8.770858e-01	-1.603425e+00	6.513743e+01	-8.106241e+00	-5.034374e-01	5.181385e-01	-6.914357e-01
394	1.739445e+02	1.297366e+00	-5.906523e+00	1.000000e+00	-8.213356e-02	-9.938081e-01	-1.736171e+00	7.459193e+01	-7.911660e+00	-5.467233e-01	5.160262e-01	-6.594017e-01
395	1.749445e+02	1.215232e+00	-6.900331e+00	1.000000e+00	-7.968480e-02	-1.135429e+00	-1.885920e+00	8.620483e+01	-7.710862e+00	-5.902235e-01	5.134018e-01	-6.229404e-01
396	1.759445e+02	1.135548e+00	-8.035760e+00	1.000000e+00	-7.719091e-02	-1.315129e+00	-2.063015e+00	1.011200e+02	-7.503869e+00	-6.339522e-01	5.102097e-01	-5.811976e-01
397	1.769445e+02	1.058357e+00	-9.350889e+00	1.000000e+00	-7.465330e-02	-1.558574e+00	-2.287559e+00	1.215693e+02	-7.290709e+00	-6.779411e-01	5.063708e-01	-5.329020e-01
398	1.779445e+02	9.837033e-01	-1.090946e+01	1.000000e+00	-7.207340e-02	-1.925385e+00	-2.606116e+00	1.527483e+02	-7.071418e+00	-7.222597e-01	5.017597e-01	-4.760024e-01
399	1.789445e+02	9.116299e-01	-1.283485e+01	1.000000e+00	-6.945268e-02	-2.607713e+00	-3.168223e+00	2.114285e+02	-6.846036e+00	-7.670758e-01	4.961448e-01	-4.067371e-01
400	1.799445e+02	8.421772e-01	-1.544256e+01	1.000000e+00	-6.679261e-02	-6.557439e+00	-6.301354e+00	5.550546e+02	-6.614610e+00	-8.129302e-01	4.889735e-01	-3.163059e-01
401	1.809445e+02	7.753846e-01	-2.200000e+01	-1.000000e+00	-6.409472e-02	-6.557439e+00	-6.242000e+00	5.990546e+02	-4.903475e+00	-8.694636e-01	4.756680e-01	-1.333156e-01
402	1.799445e+02	7.112899e-01	-2.855744e+01	-1.000000e+00	-6.136052e-02	-2.607713e+00	-3.506679e+00	2.554285e+02	-4.665600e+00	-8.705351e-01	4.736672e-01	1.334471e-01
403	1.789445e+02	6.499294e-01	-3.116515e+01	-1.000000e+00	-5.859157e-02	-1.925385e+00	-3.003205e+00	1.967483e+02	-4.427470e+00	-8.168940e-01	4.817067e-01	3.172426e-01
404	1.779445e+02	5.913378e-01	-3.309054e+01	-1.000000e+00	-5.578943e-02	-1.558574e+00	-2.707703e+00	1.655693e+02	-4.189288e+00	-7.742324e-01	4.832084e-01	4.087467e-01
405	1.769445e+02	5.355484e-01	-3.464911e+01	-1.000000e+00	-5.295570e-02	-1.315129e+00	-2.488519e+00	1.451200e+02	-3.951254e+00	-7.328101e-01	4.829726e-01	4.792982e-01
406	1.759445e+02	4.825927e-01	-3.596424e+01	-1.000000e+00	-5.009196e-02	-1.135429e+00	-2.305727e+00	1.302048e+02	-3.713565e+00	-6.920028e-01	4.817298e-01	5.376509e-01
407	1.749445e+02	4.325007e-01	-3.709967e+01	-1.000000e+00	-4.719986e-02	-9.938081e-01	-2.142636e+00	1.185919e+02	-3.476412e+00	-6.515826e-01	4.798370e-01	5.875343e-01
408	1.739445e+02	3.853009e-01	-3.809348e+01	-1.000000e+00	-4.428102e-02	-8.770858e-01	-1.990971e+00	1.091374e+02	-3.239986e+00	-6.114330e-01	4.775144e-01	6.309752e-01
409	1.729445e+02	3.410198e-01	-3.897056e+01	-1.000000e+00	-4.133709e-02	-7.776766e-01	-1.846173e+00	1.011847e+02	-3.004472e+00	-5.714831e-01	4.749153e-01	6.692253e-01
410	1.719445e+02	2.996827e-01	-3.974824e+01	-1.000000e+00	-3.836976e-02	-6.908496e-01	-1.705552e+00	9.432536e+01	-2.770052e+00	-5.316855e-01	4.721548e-01	7.031218e-01
411	1.709445e+02	2.613130e-01	-4.043909e+01	-1.000000e+00	-3.538069e-02	-6.134700e-01	-1.567437e+00	8.828975e+01	-2.536905e+00	-4.920064e-01	4.693234e-01	7.332566e-01
412	1.699445e+02	2.259323e-01	-4.105256e+01	-1.000000e+00	-3.237158e-02	-5.433591e-01	-1.430766e+00	8.289121e+01	-2.305204e+00	-4.524205e-01	4.664944e-01	7.600649e-01
413	1.689445e+02	1.935607e-01	-4.159592e+01	-1.000000e+00	-2.934414e-02	-4.789420e-01	-1.294850e+00	7.799551e+01	-2.075118e+00	-4.129083e-01	4.637291e-01	7.838763e-01
414	1.679445e+02	1.642166e-01	-4.207486e+01	-1.000000e+00	-2.630007e-02	-4.190416e-01	-1.159242e+00	7.350298e+01	-1.846813e+00	-3.734548e-01	4.610787e-01	8.049459e-01
415	1.669445e+02	1.379165e-01	-4.249390e+01	-1.000000e+00	-2.324111e-02	-3.627521e-01	-1.023660e+00	6.933756e+01	-1.620450e+00	-3.340478e-01	4.585871e-01	8.234743e-01
416	1.659445e+02	1.146754e-01	-4.285665e+01	-1.000000e+00	-2.016898e-02	-3.093569e-01	-8.879331e-01	6.543971e+01	-1.396185e+00	-2.946778e-01	4.562913e-01	8.396209e-01
417	1.649445e+02	9.450641e-02	-4.316601e+01	-1.000000e+00	-1.708544e-02	-2.582748e-01	-7.519688e-01	6.176180e+01	-1.174169e+00	-2.553371e-01	4.542231e-01	8.535129e-01
418	1.639445e+02	7.742098e-02	-4.342429e+01	-1.000000e+00	-1.399221e-02	-2.090224e-01	-6.157319e-01	5.826487e+01	-9.545502e-01	-2.160194e-01	4.524091e-01	8.652523e-01
419	1.629445e+02	6.342877e-02	-4.363331e+01	-1.000000e+00	-1.089106e-02	-1.611871e-01	-4.792271e-01	5.491640e+01	-7.374695e-01	-1.767198e-01	4.508715e-01	8.749200e-01
420	1.619445e+02	5.253771e-02	-4.379449e+01	-1.000000e+00	-7.783735e-03	-1.144076e-01	-3.424880e-01	5.168862e+01	-5.230644e-01	-1.374341e-01	4.496285e-01	8.825792e-01
421	1.609445e+02	4.475398e-02	-4.390890e+01	-1.000000e+00	-4.672005e-03	-6.835868e-02	-2.055685e-01	4.855729e+01	-3.114667e-01	-9.815893e-02	4.486942e-01	8.882783e-01
422	1.599445e+02	4.008197e-02	-4.397726e+01	-1.000000e+00	-1.557629e-03	-2.273902e-02	-6.853568e-02	4.550078e+01	-1.028035e-01	-5.889161e-02	4.480791e-01	8.920521e-01
423	1.589445e+02	3.852434e-02	-4.400000e+01	-1.000000e+00	0.000000e+00	0.000000e+00	0.000000e+00	4.400000e+01	0.000000e+00	-1.962965e-02	4.477902e-01	8.939232e-01
424	1.579445e+02	3.852434e-02	-4.400000e+01	-1.000000e+00	0.000000e+00	0.000000e+00	0.000000e+00	4.400000e+01	0.000000e+00	0.000000e+00	4.483193e-01	8.938735e-01
425	1.569445e+02	3.852434e-02	-4.400000e+01	-1.000000e+00	0.000000e+00	0.000000e+00	0.000000e+00	4.400000e+01	0.000000e+00	0.000000e+00	4.499978e-01	8.930297e-01
426	1.559445e+02	3.852434e-02	-4.400000e+01	-1.000000e+00	0.000000e+00	0.000000e+00	0.000000e+00	4.400000e+01	0.000000e+00	0.000000e+00	4.527874e-01	8.916185e-01
427	1.549445e+02	3.852434e-02	-4.400000e+01	-1.000000e+00	0.000000e+00	0.000000e+00	0.000000e+00	4.400000e+01	0.000000e+00	0.000000e+00	4.566766e-01	8.896328e-01
428	1.539445e+02	3.852434e-02	-4.400000e+01	-1.000000e+00	0.000000e+00	0.000000e+00	0.000000e+00	4.400000e+01	0.000000e+00	0.000000e+00	4.616491e-01	8.870626e-01
429	1.529445e+02	3.852434e-02	-4.400000e+01	-1.000000e+00	0.000000e+00	0.000000e+00	0.000000e+00	4.400000e+01	0.000000e+00	0.000000e+00	4.676841e-01	8.838957e-01
430	1.519445e+02	3.852434e-02	-4.400000e+01	-1.000000e+00	0.000000e+00	0.000000e+00	0.000000e+00	4.400000e+01	0.000000e+00	0.000000e+00	4.747561e-01	8.801174e-01
431	1.509445e+02	3.852434e-02	-4.400000e+01	-1.000000e+00	0.000000e+00	0.000000e+00	0.000000e+00	4.400000e+01	0.000000e+00	0.000000e+00	4.828352e-01	8.757112e-01
432	1.499445e+02	3.852434e-02	-4.400000e+01	-1.000000e+00	0.000000e+00	0.000000e+00	0.000000e+00	4.400000e+01	0.000000e+00	0.000000e+00	4.918867e-01	8.706592e-01
433	1.489445e+02	3.852434e-02	-4.400000e+01	-1.000000e+00	0.000000e+00	0.000000e+00	0.000000e+00	4.400000e+01	0.000000e+00	0.000000e+00	5.018718e-01	8.649420e-01
434	1.479445e+02	3.852434e-02	-4.400000e+01	-1.000000e+00	0.000000e+00	0.000000e+00	0.000000e+00	4.400000e+01	0.000000e+00	0.000000e+00	5.127472e-01	8.585396e-01
435	1.469445e+02	3.852434e-02	-4.400000e+01	-1.000000e+00	0.000000e+00	0.000000e+00	0.000000e+00	4.400000e+01	0.000000e+00	0.000000e+00	5.244654e-01	8.514317e-01
436	1.459445e+02	3.852434e-02	-4.400000e+01	-1.000000e+00	0.000000e+00	0.000000e+00	0.000000e+00	4.400000e+01	0.000000e+00	0.000000e+00	5.369749e-01	8.435982e-01
437	1.449445e+02	3.852434e-02	-4.400000e+01	-1.000000e+00	0.000000e+00	0.000000e+00	0.000000e+00	4.400000e+01	0.000000e+00	0.000000e+00	5.502201e-01	8.350196e-01
438	1.439445e+02	3.852434e-02	-4.400000e+01	-1.000000e+00	0.000000e+00	0.000000e+00	0.000000e+00	4.400000e+01	0.000000e+00	0.000000e+00	5.641421e-01	8.256777e-01
439	1.429445e+02	3.852434e-02	-4.400000e+01	-1.000000e+00	0.000000e+00	0.000000e+00	0.000000e+00	4.400000e+01	0.000000e+00	0.000000e+00	5.786782e-01	8.155559e-01
440	1.419445e+02	3.852434e-02	-4.400000e+01	-1.000000e+00	0.000000e+00	0.000000e+00	0.000000e+00	4.400000e+01	0.000000e+00	0.000000e+00	5.937629e-01	8.046400e-01
441	1.409445e+02	3.852434e-02	-4.400000e+01	-1.000000e+00	0.000000e+00	0.000000e+00	0.000000e+00	4.400000e+01	0.000000e+00	0.000000e+00	6.093278e-01	7.929184e-01
442	1.399445e+02	3.852434e-02	-4.400000e+01	-1.000000e+00	0.000000e+00	0.000000e+00	0.000000e+00	4.400000e+01	0.000000e+00	0.000000e+00	6.253020e-01	7.803828e-01
443	1.389445e+02	3.852434e-02	-4.400000e+01	-1.000000e+00	0.000000e+00	0.000000e+00	0.000000e+00	4.400000e+01	0.000000e+00	0.000000e+00	6.416129e-01	7.670286e-01
444	1.379445e+02	3.852434e-02	-4.400000e+01	-1.000000e+00	0.000000e+00	0.000000e+00	0.000000e+00	4.400000e+01	0.000000e+00	0.000000e+00	6.581862e-01	7.528552e-01
445	1.369445e+02	3.852434e-02	-4.400000e+01	-1.000000e+00	0.000000e+00	0.000000e+00	0.000000e+00	4.400000e+01	0.000000e+00	0.000000e+00	6.749466e-01	7.378666e-01
446	1.359445e+02	3.852434e-02	-4.400000e+01	-1.000000e+00	0.000000e+00	0.000000e+00	0.000000e+00	4.400000e+01	0.000000e+00	0.000000e+00	6.918183e-01	7.220716e-01
447	1.349445e+02	3.852434e-02	-4.400000e+01	-1.000000e+00	0.000000e+00	0.000000e+00	0.000000e+00	4.400000e+01	0.000000e+00	0.000000e+00	7.087259e-01	7.054840e-01
448	1.339445e+02	3.852434e-02	-4.400000e+01	-1.000000e+00	0.000000e+00	0.000000e+00	0.000000e+00	4.400000e+01	0.000000e+00	0.000000e+00	7.255942e-01	6.881229e-01
449	1.329445e+02	3.852434e-02	-4.400000e+01	-1.000000e+00	0.000000e+00	0.000000e+00	0.000000e+00	4.400000e+01	0.000000e+00	0.000000e+00	7.423495e-01	6.700128e-01
450	1.319445e+02	3.852434e-02	-4.400000e+01	-1.000000e+00	0.000000e+00	0.000000e+00	0.000000e+00	4.400000e+01	0.000000e+00	0.000000e+00	7.589200e-01	6.511839e-01
451	1.309445e+02	3.852434e-02	-4.400000e+01	-1.000000e+00	0.000000e+00	0.000000e+00	0.000000e+00	4.400000e+01	0.000000e+00	0.000000e+00	7.752361e-01	6.316716e-01
452	1.299445e+02	3.852434e-02	-4.400000e+01	-1.000000e+00	0.000000e+00	0.000000e+00	0.000000e+00	4.400000e+01	0.000000e+00	0.000000e+00	7.912314e-01	6.115169e-01
453	1.289445e+02	3.852434e-02	-4.400000e+01	-1.000000e+00	0.000000e+00	0.000000e+00	0.000000e+00	4.400000e+01	0.000000e+00	0.000000e+00	8.068430e-01	5.907659e-01
454	1.279445e+02	3.852434e-02	-4.400000e+01	-1.000000e+00	0.000000e+00	0.000000e+00	0.000000e+00	4.400000e+01	0.000000e+00	0.000000e+00	8.220121e-01	5.694700e-01
455	1.269445e+02	3.852434e-02	-4.400000e+01	-1.000000e+00	0.000000e+00	0.000000e+00	0.000000e+00	4.400000e+01	0.000000e+00	0.000000e+00	8.366845e-01	5.476851e-01
456	1.259445e+02	3.852434e-02	-4.400000e+01	-1.000000e+00	0.000000e+00	0.000000e+00	0.000000e+00	4.400000e+01	0.000000e+00	0.000000e+00	8.508111e-01	5.254717e-01
457	1.249445e+02	3.852434e-02	-4.400000e+01	-1.000000e+00	0.000000e+00	0.000000e+00	0.000000e+00	4.400000e+01	0.000000e+00	0.000000e+00	8.643481e-01	5.028940e-01
458	1.239445e+02	3.852434e-02	-4.400000e+01	-1.000000e+00	0.000000e+00	0.000000e+00	0.000000e+00	4.400000e+01	0.000000e+00	0.000000e+00	8.772574e-01	4.800202e-01
459	1.229445e+02	3.852434e-02	-4.400000e+01	-1.000000e+00	0.000000e+00	0.000000e+00	0.000000e+00	4.400000e+01	0.000000e+00	0.000000e+00	8.895071e-01	4.569213e-01
460	1.219445e+02	3.852434e-02	-4.400000e+01	-1.000000e+00	0.000000e+00	0.000000e+00	0.000000e+00	4.400000e+01	0.000000e+00	0.000000e+00	9.010715e-01	4.336707e-01
461	1.209445e+02	3.852434e-02	-4.400000e+01	-1.000000e+00	0.000000e+00	0.000000e+00	0.000000e+00	4.400000e+01	0.000000e+00	0.000000e+00	9.119308e-01	4.103439e-01
462	1.199445e+02	3.852434e-02	-4.400000e+01	-1.000000e+00	0.000000e+00	0.000000e+00	0.000000e+00	4.400000e+01	0.000000e+00	0.000000e+00	9.220722e-01	3.870180e-01
463	1.189445e+02	3.852434e-02	-4.400000e+01	-1.000000e+00	0.000000e+00	0.000000e+00	0.000000e+00	4.400000e+01	0.000000e+00	0.000000e+00	9.314886e-01	3.637706e-01
464	1.179445e+02	3.852434e-02	-4.400000e+01	-1.000000e+00	0.000000e+00	0.000000e+00	0.000000e+00	4.400000e+01	0.000000e+00	0.000000e+00	9.401794e-01	3.406799e-01
465	1.169445e+02	3.852434e-02	-4.400000e+01	-1.000000e+00	0.000000e+00	0.000000e+00	0.000000e+00	4.400000e+01	0.000000e+00	0.000000e+00	9.481499e-01	3.178234e-01
466	1.159445e+02	3.852434e-02	-4.400000e+01	-1.000000e+00	0.000000e+00	0.000000e+00	0.000000e+00	4.400000e+01	0.000000e+00	0.000000e+00	9.554113e-01	2.952782e-01
467	1.149445e+02	3.852434e-02	-4.400000e+01	-1.000000e+00	0.000000e+00	0.000000e+00	0.000000e+00	4.400000e+01	0.000000e+00	0.000000e+00	9.619800e-01	2.731198e-01
468	1.139445e+02	3.852434e-02	-4.400000e+01	-1.000000e+00	0.000000e+00	0.000000e+00	0.000000e+00	4.400000e+01	0.000000e+00	0.000000e+00	9.678775e-01	2.514222e-01
469	1.129445e+02	3.852434e-02	-4.400000e+01	-1.000000e+00	0.000000e+00	0.000000e+00	0.000000e+00	4.400000e+01	0.000000e+00	0.000000e+00	9.731299e-01	2.302569e-01
470	1.119445e+02	3.852434e-02	-4.400000e+01	-1.000000e+00	0.000000e+00	0.000000e+00	0.000000e+00	4.400000e+01	0.000000e+00	0.000000e+00	9.777673e-01	2.096930e-01
471	1.109445e+02	3.852434e-02	-4.400000e+01	-1.000000e+00	0.000000e+00	0.000000e+00	0.000000e+00	4.400000e+01	0.000000e+00	0.000000e+00	9.818234e-01	1.897966e-01
472	1.099445e+02	3.852434e-02	-4.400000e+01	-1.000000e+00	0.000000e+00	0.000000e+00	0.000000e+00	4.400000e+01	0.000000e+00	0.000000e+00	9.853350e-01	1.706308e-01
473	1.089445e+02	3.852434e-02	-4.400000e+01	-1.000000e+00	0.000000e+00	0.000000e+00	0.000000e+00	4.400000e+01	0.000000e+00	0.000000e+00	9.883412e-01	1.522550e-01
474	1.079445e+02	3.852434e-02	-4.400000e+01	-1.000000e+00	0.000000e+00	0.000000e+00	0.000000e+00	4.400000e+01	0.000000e+00	0.000000e+00	9.908830e-01	1.347253e-01
475	1.069445e+02	3.852434e-02	-4.400000e+01	-1.000000e+00	0.000000e+00	0.000000e+00	0.000000e+00	4.400000e+01	0.000000e+00	0.000000e+00	9.930024e-01	1.180940e-01
476	1.059445e+02	3.852434e-02	-4.400000e+01	-1.000000e+00	0.000000e+00	0.000000e+00	0.000000e+00	4.400000e+01	0.000000e+00	0.000000e+00	9.947423e-01	1.024096e-01
477	1.049445e+02	3.852434e-02	-4.400000e+01	-1.000000e+00	0.000000e+00	0.000000e+00	0.000000e+00	4.400000e+01	0.000000e+00	0.000000e+00	9.961455e-01	8.771668e-02
478	1.039445e+02	3.852434e-02	-4.400000e+01	-1.000000e+00	0.000000e+00	0.000000e+00	0.000000e+00	4.400000e+01	0.000000e+00	0.000000e+00	9.972541e-01	7.405618e-02
479	1.029445e+02	3.852434e-02	-4.400000e+01	-1.000000e+00	0.000000e+00	0.000000e+00	0.000000e+00	4.400000e+01	0.000000e+00	0.000000e+00	9.981092e-01	6.146517e-02
480	1.019445e+02	3.852434e-02	-4.400000e+01	-1.000000e+00	0.000000e+00	0.000000e+00	0.000000e+00	4.400000e+01	0.000000e+00	0.000000e+00	9.987504e-01	4.997702e-02
481	1.009445e+02	3.852434e-02	-4.400000e+01	-1.000000e+00	0.000000e+00	0.000000e+00	0.000000e+00	4.400000e+01	0.000000e+00	0.000000e+00	9.992148e-01	3.962145e-02
482	9.994453e+01	3.852434e-02	-4.400000e+01	-1.000000e+00	0.000000e+00	0.000000e+00	0.000000e+00	4.400000e+01	0.000000e+00	0.000000e+00	9.995371e-01	3.042467e-02
483	9.894453e+01	3.852434e-02	-4.400000e+01	-1.000000e+00	0.000000e+00	0.000000e+00	0.000000e+00	4.400000e+01	0.000000e+00	0.000000e+00	9.997489e-01	2.240942e-02
484	9.794453e+01	3.852434e-02	-4.400000e+01	-1.000000e+00	0.000000e+00	0.000000e+00	0.000000e+00	4.400000e+01	0.000000e+00	0.000000e+00	9.998784e-01	1.559516e-02
485	9.694453e+01	3.852434e-02	-4.400000e+01	-1.000000e+00	0.000000e+00	0.000000e+00	0.000000e+00	4.400000e+01	0.000000e+00	0.000000e+00	9.999500e-01	9.998132e-03
486	9.594453e+01	3.852434e-02	-4.400000e+01	-1.000000e+00	0.000000e+00	0.000000e+00	0.000000e+00	4.400000e+01	0.000000e+00	0.000000e+00	9.999841e-01	5.631455e-03
487	9.494453e+01	3.852434e-02	-4.400000e+01	-1.000000e+00	0.000000e+00	0.000000e+00	0.000000e+00	4.400000e+01	0.000000e+00	0.000000e+00	9.999969e-01	2.505244e-03
488	9.394453e+01	3.852434e-02	-4.400000e+01	-1.000000e+00	0.000000e+00	0.000000e+00	0.000000e+00	4.400000e+01	0.000000e+00	0.000000e+00	9.999998e-01	6.266665e-04
489	9.294453e+01	3.852434e-02	-4.400000e+01	-1.000000e+00	0.000000e+00	0.000000e+00	0.000000e+00	4.400000e+01	0.000000e+00	0.000000e+00	1.000000e+00	0.000000e+00
490	9.294453e+01	3.852434e-02	-4.400000e+01	-9.994986e-01	3.166159e-02	-0.000000e+00	-0.000000e+00	-0.000000e+00	1.000000e+00	3.166159e-02	9.994986e-01	0.000000e+00
491	9.235781e+01	4.907025e-02	-4.400000e+01	-9.994986e-01	3.166159e-02	-0.000000e+00	-0.000000e+00	-0.000000e+00	1.000000e+00	3.166159e-02	9.994986e-01	0.000000e+00
492	9.177208e+01	9.506267e-02	-4.400000e+01	-9.978220e-01	6.596360e-02	-0.000000e+00	-0.000000e+00	-0.000000e+00	1.000000e+00	6.596360e-02	9.978220e-01	0.000000e+00
493	9.118791e+01	1.748172e-01	-4.400000e+01	-9.951514e-01	9.835464e-02	-0.000000e+00	-0.000000e+00	-0.000000e+00	1.000000e+00	9.835464e-02	9.951514e-01	0.000000e+00
494	9.060578e+01	2.862240e-01	-4.400000e+01	-9.916847e-01	1.286916e-01	-0.000000e+00	-0.000000e+00	-0.000000e+00	1.000000e+00	1.286916e-01	9.916847e-01	0.000000e+00
495	9.002602e+01	4.268087e-01	-4.400000e+01	-9.876507e-01	1.566719e-01	-0.000000e+00	-0.000000e+00	-0.000000e+00	1.000000e+00	1.566719e-01	9.876507e-01	0.000000e+00
496	8.944880e+01	5.938281e-01	-4.400000e+01	-9.833277e-01	1.818421e-01	-0.000000e+00	-0.000000e+00	-0.000000e+00	1.000000e+00	1.818421e-01	9.833277e-01	0.000000e+00
497	8.887410e+01	7.844071e-01	-4.400000e+01	-9.790272e-01	2.037294e-01	-0.000000e+00	-0.000000e+00	-0.000000e+00	1.000000e+00	2.037294e-01	9.790272e-01	0.000000e+00
498	8.830187e+01	9.956641e-01	-4.400000e+01	-9.748062e-01	2.230534e-01	-0.000000e+00	-0.000000e+00	-0.000000e+00	1.000000e+00	2.230534e-01	9.748062e-01	0.000000e+00
499	8.773204e+01	1.224828e+00	-4.400000e+01	-9.707400e-01	2.401328e-01	-0.000000e+00	-0.000000e+00	-0.000000e+00	1.000000e+00	2.401328e-01	9.707400e-01	0.000000e+00
500	8.716436e+01	1.469322e+00	-4.400000e+01	-9.670541e-01	2.545708e-01	-0.000000e+00	-0.000000e+00	-0.000000e+00	1.000000e+00	2.545708e-01	9.670541e-01	0.000000e+00
501	8.659854e+01	1.726826e+00	-4.400000e+01	-9.639045e-01	2.662481e-01	-0.000000e+00	-0.000000e+00	-0.000000e+00	1.000000e+00	2.662481e-01	9.639045e-01	0.000000e+00
502	8.603421e+01	1.995292e+00	-4.400000e+01	-9.613652e-01	2.752763e-01	-0.000000e+00	-0.000000e+00	-0.000000e+00	1.000000e+00	2.752763e-01	9.613652e-01	0.000000e+00
503	8.547100e+01	2.272948e+00	-4.400000e+01	-9.594445e-01	2.818975e-01	-0.000000e+00	-0.000000e+00	-0.000000e+00	1.000000e+00	2.818975e-01	9.594445e-01	0.000000e+00
504	8.490858e+01	2.558288e+00	-4.400000e+01	-9.581052e-01	2.864164e-01	-0.000000e+00	-0.000000e+00	-0.000000e+00	1.000000e+00	2.864164e-01	9.581052e-01	0.000000e+00
505	8.434664e+01	2.850036e+00	-4.400000e+01	-9.572867e-01	2.891404e-01	-0.000000e+00	-0.000000e+00	-0.000000e+00	1.000000e+00	2.891404e-01	9.572867e-01	0.000000e+00
506	8.378486e+01	3.147128e+00	-4.400000e+01	-9.570143e-01	2.900407e-01	-0.000000e+00	-0.000000e+00	-0.000000e+00	1.000000e+00	2.900407e-01	9.570143e-01	0.000000e+00
507	8.322264e+01	3.448678e+00	-4.400000e+01	-9.577731e-01	2.875251e-01	-0.000000e+00	-0.000000e+00	-0.000000e+00	1.000000e+00	2.875251e-01	9.577731e-01	0.000000e+00
508	8.265936e+01	3.753952e+00	-4.400000e+01	-9.595722e-01	2.814627e-01	-0.000000e+00	-0.000000e+00	-0.000000e+00	1.000000e+00	2.814627e-01	9.595722e-01	0.000000e+00
509	8.209456e+01	4.062319e+00	-4.400000e+01	-9.621555e-01	2.725010e-01	-0.000000e+00	-0.000000e+00	-0.000000e+00	1.000000e+00	2.725010e-01	9.621555e-01	0.000000e+00
510	8.152793e+01	4.371813e+00	-4.400000e+01	-9.652881e-01	2.611876e-01	-0.000000e+00	-0.000000e+00	-0.000000e+00	1.000000e+00	2.611876e-01	9.652881e-01	0.000000e+00
511	8.095925e+01	4.681304e+00	-4.400000e+01	-9.687640e-01	2.479845e-01	-0.000000e+00	-0.000000e+00	-0.000000e+00	1.000000e+00	2.479845e-01	9.687640e-01	0.000000e+00
512	8.038843e+01	4.990793e+00	-4.400000e+01	-9.724141e-01	2.332611e-01	-0.000000e+00	-0.000000e+00	-0.000000e+00	1.000000e+00	2.332611e-01	9.724141e-01	0.000000e+00
513	7.981545e+01	5.300282e+00	-4.400000e+01	-9.761017e-01	2.173140e-01	-0.000000e+00	-0.000000e+00	-0.000000e+00	1.000000e+00	2.173140e-01	9.761017e-01	0.000000e+00
514	7.924034e+01	5.609771e+00	-4.400000e+01	-9.797180e-01	2.003811e-01	-0.000000e+00	-0.000000e+00	-0.000000e+00	1.000000e+00	2.003811e-01	9.797180e-01	0.000000e+00
515	7.866320e+01	5.919262e+00	-4.400000e+01	-9.831790e-01	1.826447e-01	-0.000000e+00	-0.000000e+00	-0.000000e+00	1.000000e+00	1.826447e-01	9.831790e-01	0.000000e+00
516	7.808416e+01	6.228751e+00	-4.400000e+01	-9.864192e-01	1.642470e-01	-0.000000e+00	-0.000000e+00	-0.000000e+00	1.000000e+00	1.642470e-01	9.864192e-01	0.000000e+00
517	7.750338e+01	6.538240e+00	-4.400000e+01	-9.893886e-01	1.452936e-01	-0.000000e+00	-0.000000e+00	-0.000000e+00	1.000000e+00	1.452936e-01	9.893886e-01	0.000000e+00
518	7.692104e+01	6.847729e+00	-4.400000e+01	-9.920480e-01	1.258601e-01	-0.000000e+00	-0.000000e+00	-0.000000e+00	1.000000e+00	1.258601e-01	9.920480e-01	0.000000e+00
519	7.633734e+01	7.157219e+00	-4.400000e+01	-9.943612e-01	1.060462e-01	-0.000000e+00	-0.000000e+00	-0.000000e+00	1.000000e+00	1.060462e-01	9.943612e-01	0.000000e+00
520	7.575249e+01	7.466708e+00	-4.400000e+01	-9.963011e-01	8.593046e-02	-0.000000e+00	-0.000000e+00	-0.000000e+00	1.000000e+00	8.593046e-02	9.963011e-01	0.000000e+00
521	7.516675e+01	7.776197e+00	-4.400000e+01	-9.978498e-01	6.554186e-02	-0.000000e+00	-0.000000e+00	-0.000000e+00	1.000000e+00	6.554186e-02	9.978498e-01	0.000000e+00
522	7.458033e+01	8.085399e+00	-4.400000e+01	-9.989874e-01	4.499016e-02	-0.000000e+00	-0.000000e+00	-0.000000e+00	1.000000e+00	4.499016e-02	9.989874e-01	0.000000e+00
523	7.399349e+01	8.389171e+00	-4.400000e+01	-9.997012e-01	2.444524e-02	-0.000000e+00	-0.000000e+00	-0.000000e+00	1.000000e+00	2.444524e-02	9.997012e-01	0.000000e+00
524	7.340648e+01	8.684850e+00	-4.400000e+01	-9.999914e-01	4.139127e-03	-0.000000e+00	-0.000000e+00	-0.000000e+00	1.000000e+00	4.139127e-03	9.999914e-01	0.000000e+00
525	7.281954e+01	8.971298e+00	-4.400000e+01	-9.998772e-01	-1.566899e-02	-0.000000e+00	-0.000000e+00	-0.000000e+00	1.000000e+00	-1.566899e-02	9.998772e-01	0.000000e+00
526	7.223289e+01	9.247213e+00	-4.400000e+01	-9.993974e-01	-3.471171e-02	-0.000000e+00	-0.000000e+00	-0.000000e+00	1.000000e+00	-3.471171e-02	9.993974e-01	0.000000e+00
527	7.164669e+01	9.511114e+00	-4.400000e+01	-9.986079e-01	-5.274745e-02	-0.000000e+00	-0.000000e+00	-0.000000e+00	1.000000e+00	-5.274745e-02	9.986079e-01	0.000000e+00
528	7.106110e+01	9.761315e+00	-4.400000e+01	-9.975762e-01	-6.958255e-02	-0.000000e+00	-0.000000e+00	-0.000000e+00	1.000000e+00	-6.958255e-02	9.975762e-01	0.000000e+00
529	7.047622e+01	9.995930e+00	-4.400000e+01	-9.963738e-01	-8.508328e-02	-0.000000e+00	-0.000000e+00	-0.000000e+00	1.000000e+00	-8.508328e-02	9.963738e-01	0.000000e+00
530	6.989210e+01	1.021288e+01	-4.400000e+01	-9.950695e-01	-9.917996e-02	-0.000000e+00	-0.000000e+00	-0.000000e+00	1.000000e+00	-9.917996e-02	9.950695e-01	0.000000e+00
531	6.930877e+01	1.040988e+01	-4.400000e+01	-9.937230e-01	-1.118690e-01	-0.000000e+00	-0.000000e+00	-0.000000e+00	1.000000e+00	-1.118690e-01	9.937230e-01	0.000000e+00
532	6.872623e+01	1.058454e+01	-4.400000e+01	-9.923829e-01	-1.231919e-01	-0.000000e+00	-0.000000e+00	-0.000000e+00	1.000000e+00	-1.231919e-01	9.923829e-01	0.000000e+00
533	6.814445e+01	1.073437e+01	-4.400000e+01	-9.910858e-01	-1.332253e-01	-0.000000e+00	-0.000000e+00	-0.000000e+00	1.000000e+00	-1.332253e-01	9.910858e-01	0.000000e+00
534	6.756340e+01	1.085691e+01	-4.400000e+01	-9.898558e-01	-1.420759e-01	-0.000000e+00	-0.000000e+00	-0.000000e+00	1.000000e+00	-1.420759e-01	9.898558e-01	0.000000e+00
535	6.698301e+01	1.094980e+01	-4.400000e+01	-9.887079e-01	-1.498558e-01	-0.000000e+00	-0.000000e+00	-0.000000e+00	1.000000e+00	-1.498558e-01	9.887079e-01	0.000000e+00
536	6.640325e+01	1.101093e+01	-4.400000e+01	-9.876498e-01	-1.566776e-01	-0.000000e+00	-0.000000e+00	-0.000000e+00	1.000000e+00	-1.566776e-01	9.876498e-01	0.000000e+00
537	6.582406e+01	1.103852e+01	-4.400000e+01	-9.866824e-01	-1.626585e-01	-0.000000e+00	-0.000000e+00	-0.000000e+00	1.000000e+00	-1.626585e-01	9.866824e-01	0.000000e+00
538	6.524538e+01	1.103124e+01	-4.400000e+01	-9.858039e-01	-1.679005e-01	-0.000000e+00	-0.000000e+00	-0.000000e+00	1.000000e+00	-1.679005e-01	9.858039e-01	0.000000e+00
539	6.466716e+01	1.098819e+01	-4.400000e+01	-9.850101e-01	-1.724967e-01	-0.000000e+00	-0.000000e+00	-0.000000e+00	1.000000e+00	-1.724967e-01	9.850101e-01	0.000000e+00
540	6.408927e+01	1.090896e+01	-4.400000e+01	-9.844653e-01	-1.755792e-01	-0.000000e+00	-0.000000e+00	-0.000000e+00	1.000000e+00	-1.755792e-01	9.844653e-01	0.000000e+00
541	6.351140e+01	1.079354e+01	-4.400000e+01	-9.844362e-01	-1.757425e-01	-0.000000e+00	-0.000000e+00	-0.000000e+00	1.000000e+00	-1.757425e-01	9.844362e-01	0.000000e+00
542	6.293352e+01	1.064221e+01	-4.400000e+01	-9.844362e-01	-1.757425e-01	-0.000000e+00	-0.000000e+00	-0.000000e+00	1.000000e+00	-1.757425e-01	9.844362e-01	0.000000e+00
543	6.235564e+01	1.045546e+01	-4.400000e+01	-9.844360e-01	-1.757435e-01	-0.000000e+00	-0.000000e+00	-0.000000e+00	1.000000e+00	-1.757435e-01	9.844360e-01	0.000000e+00
544	6.177777e+01	1.023381e+01	-4.400000e+01	-9.844362e-01	-1.757425e-01	-0.000000e+00	-0.000000e+00	-0.000000e+00	1.000000e+00	-1.757425e-01	9.844362e-01	0.000000e+00
545	6.119989e+01	9.977946e+00	-4.400000e+01	-9.844362e-01	-1.757425e-01	-0.000000e+00	-0.000000e+00	-0.000000e+00	1.000000e+00	-1.757425e-01	9.844362e-01	0.000000e+00
546	6.062202e+01	9.688701e+00	-4.400000e+01	-9.844362e-01	-1.757425e-01	-0.000000e+00	-0.000000e+00	-0.000000e+00	1.000000e+00	-1.757425e-01	9.844362e-01	0.000000e+00
547	6.004414e+01	9.367057e+00	-4.400000e+01	-9.844360e-01	-1.757435e-01	-0.000000e+00	-0.000000e+00	-0.000000e+00	1.000000e+00	-1.757435e-01	9.844360e-01	0.000000e+00
548	5.946626e+01	9.014179e+00	-4.400000e+01	-9.844362e-01	-1.757425e-01	-0.000000e+00	-0.000000e+00	-0.000000e+00	1.000000e+00	-1.757425e-01	9.844362e-01	0.000000e+00
549	5.888839e+01	8.631481e+00	-4.400000e+01	-9.844362e-01	-1.757425e-01	-0.000000e+00	-0.000000e+00	-0.000000e+00	1.000000e+00	-1.757425e-01	9.844362e-01	0.000000e+00
550	5.831051e+01	8.220700e+00	-4.400000e+01	-9.844362e-01	-1.757425e-01	-0.000000e+00	-0.000000e+00	-0.000000e+00	1.000000e+00	-1.757425e-01	9.844362e-01	0.000000e+00
551	5.773264e+01	7.783990e+00	-4.400000e+01	-9.844360e-01	-1.757435e-01	-0.000000e+00	-0.000000e+00	-0.000000e+00	1.000000e+00	-1.757435e-01	9.844360e-01	0.000000e+00
552	5.715476e+01	7.324029e+00	-4.400000e+01	-9.844356e-01	-1.757455e-01	-0.000000e+00	-0.000000e+00	-0.000000e+00	1.000000e+00	-1.757455e-01	9.844356e-01	0.000000e+00
553	5.657682e+01	6.844145e+00	-4.400000e+01	-9.845497e-01	-1.751054e-01	-0.000000e+00	-0.000000e+00	-0.000000e+00	1.000000e+00	-1.751054e-01	9.845497e-01	0.000000e+00
554	5.599869e+01	6.348479e+00	-4.400000e+01	-9.848604e-01	-1.733492e-01	-0.000000e+00	-0.000000e+00	-0.000000e+00	1.000000e+00	-1.733492e-01	9.848604e-01	0.000000e+00
555	5.542035e+01	5.842137e+00	-4.400000e+01	-9.852303e-01	-1.712344e-01	-0.000000e+00	-0.000000e+00	-0.000000e+00	1.000000e+00	-1.712344e-01	9.852303e-01	0.000000e+00
556	5.484175e+01	5.331365e+00	-4.400000e+01	-9.856669e-01	-1.687029e-01	-0.000000e+00	-0.000000e+00	-0.000000e+00	1.000000e+00	-1.687029e-01	9.856669e-01	0.000000e+00
557	5.426285e+01	4.822178e+00	-4.400000e+01	-9.861815e-01	-1.656687e-01	-0.000000e+00	-0.000000e+00	-0.000000e+00	1.000000e+00	-1.656687e-01	9.861815e-01	0.000000e+00
558	5.368360e+01	4.317789e+00	-4.400000e+01	-9.867859e-01	-1.620295e-01	-0.000000e+00	-0.000000e+00	-0.000000e+00	1.000000e+00	-1.620295e-01	9.867859e-01	0.000000e+00
559	5.310393e+01	3.821357e+00	-4.400000e+01	-9.874925e-01	-1.576662e-01	-0.000000e+00	-0.000000e+00	-0.000000e+00	1.000000e+00	-1.576662e-01	9.874925e-01	0.000000e+00
560	5.252378e+01	3.336586e+00	-4.400000e+01	-9.883115e-01	-1.524478e-01	-0.000000e+00	-0.000000e+00	-0.000000e+00	1.000000e+00	-1.524478e-01	9.883115e-01	0.000000e+00
561	5.194307e+01	2.867713e+00	-4.400000e+01	-9.892516e-01	-1.462232e-01	-0.000000e+00	-0.000000e+00	-0.000000e+00	1.000000e+00	-1.462232e-01	9.892516e-01	0.000000e+00
562	5.136175e+01	2.419405e+00	-4.400000e+01	-9.903155e-01	-1.388352e-01	-0.000000e+00	-0.000000e+00	-0.000000e+00	1.000000e+00	-1.388352e-01	9.903155e-01	0.000000e+00
563	5.077973e+01	1.996522e+00	-4.400000e+01	-9.914969e-01	-1.301300e-01	-0.000000e+00	-0.000000e+00	-0.000000e+00	1.000000e+00	-1.301300e-01	9.914969e-01	0.000000e+00
564	5.019695e+01	1.603717e+00	-4.400000e+01	-9.927785e-01	-1.199618e-01	-0.000000e+00	-0.000000e+00	-0.000000e+00	1.000000e+00	-1.199618e-01	9.927785e-01	0.000000e+00
565	4.961339e+01	1.244942e+00	-4.400000e+01	-9.941270e-01	-1.082198e-01	-0.000000e+00	-0.000000e+00	-0.000000e+00	1.000000e+00	-1.082198e-01	9.941270e-01	0.000000e+00
566	4.902902e+01	9.247118e-01	-4.400000e+01	-9.954924e-01	-9.484153e-02	-0.000000e+00	-0.000000e+00	-0.000000e+00	1.000000e+00	-9.484153e-02	9.954924e-01	0.000000e+00
567	4.844388e+01	6.488069e-01	-4.400000e+01	-9.968084e-01	-7.983070e-02	-0.000000e+00	-0.000000e+00	-0.000000e+00	1.000000e+00	-7.983070e-02	9.968084e-01	0.000000e+00
568	4.785805e+01	4.221762e-01	-4.400000e+01	-9.979969e-01	-6.326205e-02	-0.000000e+00	-0.000000e+00	-0.000000e+00	1.000000e+00	-6.326205e-02	9.979969e-01	0.000000e+00
569	4.727164e+01	2.489702e-01	-4.400000e+01	-9.989740e-01	-4.528844e-02	-0.000000e+00	-0.000000e+00	-0.000000e+00	1.000000e+00	-4.528844e-02	9.989740e-01	0.000000e+00
570	4.668483e+01	1.328059e-01	-4.400000e+01	-9.996589e-01	-2.611668e-02	-0.000000e+00	-0.000000e+00	-0.000000e+00	1.000000e+00	-2.611668e-02	9.996589e-01	0.000000e+00
571	4.609783e+01	7.704869e-02	-4.400000e+01	-9.999821e-01	-5.988467e-03	-0.000000e+00	-0.000000e+00	-0.000000e+00	1.000000e+00	-5.988467e-03	9.999821e-01	0.000000e+00
572	4.609783e+01	7.704869e-02	-4.400000e+01	-1.100000e+01	-0.000000e+00	-0.000000e+00	-0.000000e+00	-0.000000e+00	1.000000e+00	0.000000e+00	1.000000e+00	0.000000e+00
573	4.509783e+01	7.704869e-02	-4.400000e+01	-1.000000e+01	-0.000000e+00	-0.000000e+00	-0.000000e+00	-0.000000e+00	1.000000e+00	0.000000e+00	1.000000e+00	0.000000e+00
574	4.409783e+01	7.704869e-02	-4.400000e+01	-9.000000e+00	-0.000000e+00	-0.000000e+00	-0.000000e+00	-0.000000e+00	1.000000e+00	0.000000e+00	1.000000e+00	0.000000e+00
575	4.309783e+01	7.704869e-02	-4.400000e+01	-8.000000e+00	-0.000000e+00	-0.000000e+00	-0.000000e+00	-0.000000e+00	1.000000e+00	0.000000e+00	1.000000e+00	0.000000e+00
576	4.209783e+01	7.704869e-02	-4.400000e+01	-7.000000e+00	-0.000000e+00	-0.000000e+00	-0.000000e+00	-0.000000e+00	1.000000e+00	0.000000e+00	1.000000e+00	0.000000e+00
577	4.109783e+01	7.704869e-02	-4.400000e+01	-6.000000e+00	-0.000000e+00	-0.000000e+00	-0.000000e+00	-0.000000e+00	1.000000e+00	0.000000e+00	1.000000e+00	0.000000e+00
578	4.009783e+01	7.704869e-02	-4.400000e+01	-5.000000e+00	-0.000000e+00	-0.000000e+00	-0.000000e+00	-0.000000e+00	1.000000e+00	0.000000e+00	1.000000e+00	0.000000e+00
579	3.909783e+01	7.704869e-02	-4.400000e+01	-4.000000e+00	-0.000000e+00	-0.000000e+00	-0.000000e+00	-0.000000e+00	1.000000e+00	0.000000e+00	1.000000e+00	0.000000e+00
580	3.809783e+01	7.704869e-02	-4.400000e+01	-3.000000e+00	-0.000000e+00	-0.000000e+00	-0.000000e+00	-0.000000e+00	1.000000e+00	0.000000e+00	1.000000e+00	0.000000e+00
581	3.709783e+01	7.704869e-02	-4.400000e+01	-2.000000e+00	-0.000000e+00	-0.000000e+00	-0.000000e+00	-0.000000e+00	1.000000e+00	0.000000e+00	1.000000e+00	0.000000e+00
582	3.609783e+01	7.704869e-02	-4.400000e+01	-1.000000e+00	-0.000000e+00	-0.000000e+00	-0.000000e+00	-0.000000e+00	1.000000e+00	0.000000e+00	1.000000e+00	0.000000e+00
583	3.509783e+01	7.704869e-02	-4.400000e+01	-0.000000e+00	-0.000000e+00	-0.000000e+00	-0.000000e+00	-0.000000e+00	1.000000e+00	0.000000e+00	1.000000e+00	0.000000e+00
584	3.509783e+01	0.000000e+00	-4.400000e+01	-1.382684e+00	0.000000e+00	0.000000e+00	0.000000e+00	0.000000e+00	-1.000000e+00	0.000000e+00	1.000000e+00	0.000000e+00
585	3.371514e+01	0.000000e+00	-4.400000e+01	-1.382684e+00	0.000000e+00	0.000000e+00	0.000000e+00	0.000000e+00	-1.000000e+00	0.000000e+00	1.000000e+00	0.000000e+00
586	3.233246e+01	0.000000e+00	-4.400000e+01	-1.382684e+00	0.000000e+00	0.000000e+00	0.000000e+00	0.000000e+00	-1.000000e+00	0.000000e+00	1.000000e+00	0.000000e+00
587	3.094977e+01	0.000000e+00	-4.400000e+01	-1.382684e+00	0.000000e+00	0.000000e+00	0.000000e+00	0.000000e+00	-1.000000e+00	0.000000e+00	1.000000e+00	0.000000e+00
588	2.956709e+01	0.000000e+00	-4.400000e+01	-1.382684e+00	0.000000e+00	0.000000e+00	0.000000e+00	0.000000e+00	-1.000000e+00	0.000000e+00	1.000000e+00	0.000000e+00
589	2.818441e+01	0.000000e+00	-4.400000e+01	-1.382684e+00	0.000000e+00	0.000000e+00	0.000000e+00	0.000000e+00	-1.000000e+00	0.000000e+00	1.000000e+00	0.000000e+00
590	2.680172e+01	0.000000e+00	-4.400000e+01	-1.382684e+00	0.000000e+00	0.000000e+00	0.000000e+00	0.000000e+00	-1.000000e+00	0.000000e+00	1.000000e+00	0.000000e+00
591	2.541904e+01	0.000000e+00	-4.400000e+01	-1.382684e+00	0.000000e+00	0.000000e+00	0.000000e+00	0.000000e+00	-1.000000e+00	0.000000e+00	1.000000e+00	0.000000e+00
592	2.403636e+01	0.000000e+00	-4.400000e+01	-1.382684e+00	0.000000e+00	0.000000e+00	0.000000e+00	0.000000e+00	-1.000000e+00	0.000000e+00	1.000000e+00	0.000000e+00
593	2.265367e+01	0.000000e+00	-4.400000e+01	-1.382684e+00	0.000000e+00	0.000000e+00	0.000000e+00	0.000000e+00	-1.000000e+00	0.000000e+00	1.000000e+00	0.000000e+00
594	2.127099e+01	0.000000e+00	-4.400000e+01	-1.382684e+00	0.000000e+00	0.000000e+00	0.000000e+00	0.000000e+00	-1.000000e+00	0.000000e+00	1.000000e+00	0.000000e+00
595	1.988831e+01	0.000000e+00	-4.400000e+01	-1.382684e+00	0.000000e+00	0.000000e+00	0.000000e+00	0.000000e+00	-1.000000e+00	0.000000e+00	1.000000e+00	0.000000e+00
596	1.850562e+01	0.000000e+00	-4.400000e+01	-1.382684e+00	0.000000e+00	0.000000e+00	0.000000e+00	0.000000e+00	-1.000000e+00	0.000000e+00	1.000000e+00	0.000000e+00
597	1.712294e+01	0.000000e+00	-4.400000e+01	-1.382684e+00	0.000000e+00	0.000000e+00	0.000000e+00	0.000000e+00	-1.000000e+00	0.000000e+00	1.000000e+00	0.000000e+00
598	1.574025e+01	0.000000e+00	-4.400000e+01	-1.382684e+00	0.000000e+00	0.000000e+00	0.000000e+00	0.000000e+00	-1.000000e+00	0.000000e+00	1.000000e+00	0.000000e+00
599	1.435757e+01	0.000000e+00	-4.400000e+01	-1.382684e+00	0.000000e+00	0.000000e+00	0.000000e+00	0.000000e+00	-1.000000e+00	0.000000e+00	1.000000e+00	0.000000e+00
600	1.297489e+01	0.000000e+00	-4.400000e+01	-1.382684e+00	0.000000e+00	0.000000e+00	0.000000e+00	0.000000e+00	-1.000000e+00	0.000000e+00	1.000000e+00	0.000000e+00
601	1.159220e+01	0.000000e+00	-4.400000e+01	-1.382684e+00	0.000000e+00	0.000000e+00	0.000000e+00	0.000000e+00	-1.000000e+00	0.000000e+00	1.000000e+00	0.000000e+00
602	1.020952e+01	0.000000e+00	-4.400000e+01	-1.382684e+00	0.000000e+00	0.000000e+00	0.000000e+00	0.000000e+00	-1.000000e+00	0.000000e+00	1.000000e+00	0.000000e+00
603	8.826836e+00	0.000000e+00	-4.400000e+01	-1.382684e+00	0.000000e+00	0.000000e+00	0.000000e+00	0.000000e+00	-1.000000e+00	0.000000e+00	1.000000e+00	0.000000e+00
604	7.444153e+00	0.000000e+00	-4.400000e+01	-1.382684e+00	0.000000e+00	0.000000e+00	0.000000e+00	0.000000e+00	-1.000000e+00	0.000000e+00	1.000000e+00	0.000000e+00
605	6.061469e+00	0.000000e+00	-4.400000e+01	-1.382684e+00	0.000000e+00	0.000000e+00	0.000000e+00	0.000000e+00	-1.000000e+00	0.000000e+00	1.000000e+00	0.000000e+00
606	4.678785e+00	0.000000e+00	-4.400000e+01	-1.382684e+00	0.000000e+00	0.000000e+00	0.000000e+00	0.000000e+00	-1.000000e+00	0.000000e+00	1.000000e+00	0.000000e+00
607	3.296102e+00	0.000000e+00	-4.400000e+01	-1.382684e+00	0.000000e+00	0.000000e+00	0.000000e+00	0.000000e+00	-1.000000e+00	0.000000e+00	1.000000e+00	0.000000e+00
608	1.913418e+00	0.000000e+00	-4.400000e+01	-1.382684e+00	0.000000e+00	0.000000e+00	0.000000e+00	0.000000e+00	-1.000000e+00	0.000000e+00	1.000000e+00	0.000000e+00
609	5.307345e-01	0.000000e+00	-4.400000e+01	-1.382684e+00	0.000000e+00	0.000000e+00	0.000000e+00	0.000000e+00	-1.000000e+00	0.000000e+00	1.000000e+00	0.000000e+00
610	-8.519491e-01	0.000000e+00	-4.400000e+01	-1.382684e+00	0.000000e+00	0.000000e+00	0.000000e+00	0.000000e+00	-1.000000e+00	0.000000e+00	1.000000e+00	0.000000e+00
611	-2.234633e+00	0.000000e+00	-4.400000e+01	-1.382684e+00	0.000000e+00	0.000000e+00	0.000000e+00	0.000000e+00	-1.000000e+00	0.000000e+00	1.000000e+00	0.000000e+00
612	-3.617316e+00	0.000000e+00	-4.400000e+01	-1.382684e+00	0.000000e+00	0.000000e+00	0.000000e+00	0.000000e+00	-1.000000e+00	0.000000e+00	1.000000e+00	0.000000e+00
613	-5.000000e+00	0.000000e+00	-4.400000e+01	-1.776357e-15	0.000000e+00	0.000000e+00	0.000000e+00	0.000000e+00	-1.000000e+00	0.000000e+00	1.000000e+00	0.000000e+00
614	-5.000000e+00	0.000000e+00	-4.400000e+01	-8.746433e-01	0.000000e+00	1.739326e-02	0.000000e+00	0.000000e+00	-1.000000e+00	0.000000e+00	1.000000e+00	0.000000e+00
615	-5.874643e+00	0.000000e+00	-4.398261e+01	-8.732603e-01	0.000000e+00	5.215228e-02	0.000000e+00	0.000000e+00	-1.000000e+00	0.000000e+00	1.000000e+00	0.000000e+00
616	-6.747904e+00	0.000000e+00	-4.393045e+01	-8.704965e-01	0.000000e+00	8.682884e-02	0.000000e+00	0.000000e+00	-1.000000e+00	0.000000e+00	1.000000e+00	0.000000e+00
617	-7.618400e+00	0.000000e+00	-4.384363e+01	-8.663563e-01	0.000000e+00	1.213681e-01	0.000000e+00	0.000000e+00	-1.000000e+00	0.000000e+00	1.000000e+00	0.000000e+00
618	-8.484757e+00	0.000000e+00	-4.372226e+01	-8.608462e-01	0.000000e+00	1.557155e-01	0.000000e+00	0.000000e+00	-1.000000e+00	0.000000e+00	1.000000e+00	0.000000e+00
619	-9.345603e+00	0.000000e+00	-4.356654e+01	-8.539749e-01	0.000000e+00	1.898166e-01	0.000000e+00	0.000000e+00	-1.000000e+00	0.000000e+00	1.000000e+00	0.000000e+00
620	-1.019958e+01	0.000000e+00	-4.337673e+01	-8.457533e-01	0.000000e+00	2.236176e-01	0.000000e+00	0.000000e+00	-1.000000e+00	0.000000e+00	1.000000e+00	0.000000e+00
621	-1.104533e+01	0.000000e+00	-4.315311e+01	-8.361944e-01	0.000000e+00	2.570650e-01	0.000000e+00	0.000000e+00	-1.000000e+00	0.000000e+00	1.000000e+00	0.000000e+00
622	-1.188153e+01	0.000000e+00	-4.289604e+01	-8.253133e-01	0.000000e+00	2.901059e-01	0.000000e+00	0.000000e+00	-1.000000e+00	0.000000e+00	1.000000e+00	0.000000e+00
623	-1.270684e+01	0.000000e+00	-4.260594e+01	-8.131272e-01	0.000000e+00	3.226882e-01	0.000000e+00	0.000000e+00	-1.000000e+00	0.000000e+00	1.000000e+00	0.000000e+00
624	-1.351997e+01	0.000000e+00	-4.228325e+01	-7.996554e-01	0.000000e+00	3.547601e-01	0.000000e+00	0.000000e+00	-1.000000e+00	0.000000e+00	1.000000e+00	0.000000e+00
625	-1.431962e+01	0.000000e+00	-4.192849e+01	-7.849191e-01	0.000000e+00	3.862712e-01	0.000000e+00	0.000000e+00	-1.000000e+00	0.000000e+00	1.000000e+00	0.000000e+00
626	-1.510454e+01	0.000000e+00	-4.154222e+01	-7.689418e-01	0.000000e+00	4.171714e-01	0.000000e+00	0.000000e+00	-1.000000e+00	0.000000e+00	1.000000e+00	0.000000e+00
627	-1.587348e+01	0.000000e+00	-4.112505e+01	-7.517486e-01	0.000000e+00	4.474121e-01	0.000000e+00	0.000000e+00	-1.000000e+00	0.000000e+00	1.000000e+00	0.000000e+00
628	-1.662523e+01	0.000000e+00	-4.067763e+01	-7.333667e-01	0.000000e+00	4.769453e-01	0.000000e+00	0.000000e+00	-1.000000e+00	0.000000e+00	1.000000e+00	0.000000e+00
629	-1.735860e+01	0.000000e+00	-4.020069e+01	-7.138252e-01	0.000000e+00	5.057243e-01	0.000000e+00	0.000000e+00	-1.000000e+00	0.000000e+00	1.000000e+00	0.000000e+00
630	-1.807242e+01	0.000000e+00	-3.969496e+01	-6.931550e-01	0.000000e+00	5.337037e-01	0.000000e+00	0.000000e+00	-1.000000e+00	0.000000e+00	1.000000e+00	0.000000e+00
631	-1.876558e+01	0.000000e+00	-3.916126e+01	-6.713888e-01	0.000000e+00	5.608391e-01	0.000000e+00	0.000000e+00	-1.000000e+00	0.000000e+00	1.000000e+00	0.000000e+00
632	-1.943697e+01	0.000000e+00	-3.860042e+01	-6.485610e-01	0.000000e+00	5.870878e-01	0.000000e+00	0.000000e+00	-1.000000e+00	0.000000e+00	1.000000e+00	0.000000e+00
633	-2.008553e+01	0.000000e+00	-3.801333e+01	-6.247077e-01	0.000000e+00	6.124082e-01	0.000000e+00	0.000000e+00	-1.000000e+00	0.000000e+00	1.000000e+00	0.000000e+00
634	-2.071024e+01	0.000000e+00	-3.740093e+01	-5.998666e-01	0.000000e+00	6.367602e-01	0.000000e+00	0.000000e+00	-1.000000e+00	0.000000e+00	1.000000e+00	0.000000e+00
635	-2.131010e+01	0.000000e+00	-3.676417e+01	-5.740770e-01	0.000000e+00	6.601054e-01	0.000000e+00	0.000000e+00	-1.000000e+00	0.000000e+00	1.000000e+00	0.000000e+00
636	-2.188418e+01	0.000000e+00	-3.610406e+01	-5.473796e-01	0.000000e+00	6.824068e-01	0.000000e+00	0.000000e+00	-1.000000e+00	0.000000e+00	1.000000e+00	0.000000e+00
637	-2.243156e+01	0.000000e+00	-3.542165e+01	-5.198167e-01	0.000000e+00	7.036292e-01	0.000000e+00	0.000000e+00	-1.000000e+00	0.000000e+00	1.000000e+00	0.000000e+00
638	-2.295138e+01	0.000000e+00	-3.471802e+01	-4.914319e-01	0.000000e+00	7.237390e-01	0.000000e+00	0.000000e+00	-1.000000e+00	0.000000e+00	1.000000e+00	0.000000e+00
639	-2.344281e+01	0.000000e+00	-3.399428e+01	-4.622700e-01	0.000000e+00	7.427044e-01	0.000000e+00	0.000000e+00	-1.000000e+00	0.000000e+00	1.000000e+00	0.000000e+00
640	-2.390508e+01	0.000000e+00	-3.325158e+01	-4.323772e-01	0.000000e+00	7.604955e-01	0.000000e+00	0.000000e+00	-1.000000e+00	0.000000e+00	1.000000e+00	0.000000e+00
641	-2.433745e+01	0.000000e+00	-3.249109e+01	-4.018007e-01	0.000000e+00	7.770841e-01	0.000000e+00	0.000000e+00	-1.000000e+00	0.000000e+00	1.000000e+00	0.000000e+00
642	-2.473925e+01	0.000000e+00	-3.171400e+01	-3.705889e-01	0.000000e+00	7.924439e-01	0.000000e+00	0.000000e+00	-1.000000e+00	0.000000e+00	1.000000e+00	0.000000e+00
643	-2.510984e+01	0.000000e+00	-3.092156e+01	-3.387911e-01	0.000000e+00	8.065507e-01	0.000000e+00	0.000000e+00	-1.000000e+00	0.000000e+00	1.000000e+00	0.000000e+00
644	-2.544863e+01	0.000000e+00	-3.011501e+01	-3.064576e-01	0.000000e+00	8.193822e-01	0.000000e+00	0.000000e+00	-1.000000e+00	0.000000e+00	1.000000e+00	0.000000e+00
645	-2.575509e+01	0.000000e+00	-2.929562e+01	-2.736396e-01	0.000000e+00	8.309181e-01	0.000000e+00	0.000000e+00	-1.000000e+00	0.000000e+00	1.000000e+00	0.000000e+00
646	-2.602873e+01	0.000000e+00	-2.846471e+01	-2.403888e-01	0.000000e+00	8.411401e-01	0.000000e+00	0.000000e+00	-1.000000e+00	0.000000e+00	1.000000e+00	0.000000e+00
647	-2.626912e+01	0.000000e+00	-2.762357e+01	-2.067580e-01	0.000000e+00	8.500321e-01	0.000000e+00	0.000000e+00	-1.000000e+00	0.000000e+00	1.000000e+00	0.000000e+00
648	-2.647588e+01	0.000000e+00	-2.677353e+01	-1.728002e-01	0.000000e+00	8.575801e-01	0.000000e+00	0.000000e+00	-1.000000e+00	0.000000e+00	1.000000e+00	0.000000e+00
649	-2.664868e+01	0.000000e+00	-2.591595e+01	-1.385692e-01	0.000000e+00	8.637720e-01	0.000000e+00	0.000000e+00	-1.000000e+00	0.000000e+00	1.000000e+00	0.000000e+00
650	-2.678725e+01	0.000000e+00	-2.505218e+01	-1.041190e-01	0.000000e+00	8.685981e-01	0.000000e+00	0.000000e+00	-1.000000e+00	0.000000e+00	1.000000e+00	0.000000e+00
651	-2.689137e+01	0.000000e+00	-2.418358e+01	-6.950430e-02	0.000000e+00	8.720508e-01	0.000000e+00	0.000000e+00	-1.000000e+00	0.000000e+00	1.000000e+00	0.000000e+00
652	-2.696087e+01	0.000000e+00	-2.331153e+01	-3.477965e-02	0.000000e+00	8.741246e-01	0.000000e+00	0.000000e+00	-1.000000e+00	0.000000e+00	1.000000e+00	0.000000e+00
653	-2.699565e+01	0.000000e+00	-2.243741e+01	0.000000e+00	0.000000e+00	8.748163e-01	0.000000e+00	0.000000e+00	-1.000000e+00	0.000000e+00	1.000000e+00	0.000000e+00
654	-2.699565e+01	0.000000e+00	-2.156259e+01	3.477965e-02	0.000000e+00	8.741246e-01	0.000000e+00	0.000000e+00	-1.000000e+00	0.000000e+00	1.000000e+00	0.000000e+00
655	-2.696087e+01	0.000000e+00	-2.068847e+01	6.950430e-02	0.000000e+00	8.720508e-01	0.000000e+00	0.000000e+00	-1.000000e+00	0.000000e+00	1.000000e+00	0.000000e+00
656	-2.689137e+01	0.000000e+00	-1.981642e+01	1.041190e-01	0.000000e+00	8.685981e-01	0.000000e+00	0.000000e+00	-1.000000e+00	0.000000e+00	1.000000e+00	0.000000e+00
657	-2.678725e+01	0.000000e+00	-1.894782e+01	1.385692e-01	0.000000e+00	8.637720e-01	0.000000e+00	0.000000e+00	-1.000000e+00	0.000000e+00	1.000000e+00	0.000000e+00
658	-2.664868e+01	0.000000e+00	-1.808405e+01	1.728002e-01	0.000000e+00	8.575801e-01	0.000000e+00	0.000000e+00	-1.000000e+00	0.000000e+00	1.000000e+00	0.000000e+00
659	-2.647588e+01	0.000000e+00	-1.722647e+01	2.067580e-01	0.000000e+00	8.500321e-01	0.000000e+00	0.000000e+00	-1.000000e+00	0.000000e+00	1.000000e+00	0.000000e+00
660	-2.626912e+01	0.000000e+00	-1.637643e+01	2.403888e-01	0.000000e+00	8.411401e-01	0.000000e+00	0.000000e+00	-1.000000e+00	0.000000e+00	1.000000e+00	0.000000e+00
661	-2.602873e+01	0.000000e+00	-1.553529e+01	2.736396e-01	0.000000e+00	8.309181e-01	0.000000e+00	0.000000e+00	-1.000000e+00	0.000000e+00	1.000000e+00	0.000000e+00
662	-2.575509e+01	0.000000e+00	-1.470438e+01	3.064576e-01	0.000000e+00	8.193822e-01	0.000000e+00	0.000000e+00	-1.000000e+00	0.000000e+00	1.000000e+00	0.000000e+00
663	-2.544863e+01	0.000000e+00	-1.388499e+01	3.387911e-01	0.000000e+00	8.065507e-01	0.000000e+00	0.000000e+00	-1.000000e+00	0.000000e+00	1.000000e+00	0.000000e+00
664	-2.510984e+01	0.000000e+00	-1.307844e+01	3.705889e-01	0.000000e+00	7.924439e-01	0.000000e+00	0.000000e+00	-1.000000e+00	0.000000e+00	1.000000e+00	0.000000e+00
665	-2.473925e+01	0.000000e+00	-1.228600e+01	4.018007e-01	0.000000e+00	7.770841e-01	0.000000e+00	0.000000e+00	-1.000000e+00	0.000000e+00	1.000000e+00	0.000000e+00
666	-2.433745e+01	0.000000e+00	-1.150891e+01	4.323772e-01	0.000000e+00	7.604955e-01	0.000000e+00	0.000000e+00	-1.000000e+00	0.000000e+00	1.000000e+00	0.000000e+00
667	-2.390508e+01	0.000000e+00	-1.074842e+01	4.622700e-01	0.000000e+00	7.427044e-01	0.000000e+00	0.000000e+00	-1.000000e+00	0.000000e+00	1.000000e+00	0.000000e+00
668	-2.344281e+01	0.000000e+00	-1.000572e+01	4.914319e-01	0.000000e+00	7.237390e-01	0.000000e+00	0.000000e+00	-1.000000e+00	0.000000e+00	1.000000e+00	0.000000e+00
669	-2.295138e+01	0.000000e+00	-9.281976e+00	5.198167e-01	0.000000e+00	7.036292e-01	0.000000e+00	0.000000e+00	-1.000000e+00	0.000000e+00	1.000000e+00	0.000000e+00
670	-2.243156e+01	0.000000e+00	-8.578347e+00	5.473796e-01	0.000000e+00	6.824068e-01	0.000000e+00	0.000000e+00	-1.000000e+00	0.000000e+00	1.000000e+00	0.000000e+00
671	-2.188418e+01	0.000000e+00	-7.895940e+00	5.740770e-01	0.000000e+00	6.601054e-01	0.000000e+00	0.000000e+00	-1.000000e+00	0.000000e+00	1.000000e+00	0.000000e+00
672	-2.131010e+01	0.000000e+00	-7.235835e+00	5.998666e-01	0.000000e+00	6.367602e-01	0.000000e+00	0.000000e+00	-1.000000e+00	0.000000e+00	1.000000e+00	0.000000e+00
673	-2.071024e+01	0.000000e+00	-6.599074e+00	6.247077e-01	0.000000e+00	6.124082e-01	0.000000e+00	0.000000e+00	-1.000000e+00	0.000000e+00	1.000000e+00	0.000000e+00
674	-2.008553e+01	0.000000e+00	-5.986666e+00	6.485610e-01	0.000000e+00	5.870878e-01	0.000000e+00	0.000000e+00	-1.000000e+00	0.000000e+00	1.000000e+00	0.000000e+00
675	-1.943697e+01	0.000000e+00	-5.399578e+00	6.713888e-01	0.000000e+00	5.608391e-01	0.000000e+00	0.000000e+00	-1.000000e+00	0.000000e+00	1.000000e+00	0.000000e+00
676	-1.876558e+01	0.000000e+00	-4.838739e+00	6.931550e-01	0.000000e+00	5.337037e-01	0.000000e+00	0.000000e+00	-1.000000e+00	0.000000e+00	1.000000e+00	0.000000e+00
677	-1.807242e+01	0.000000e+00	-4.305036e+00	7.138252e-01	0.000000e+00	5.057243e-01	0.000000e+00	0.000000e+00	-1.000000e+00	0.000000e+00	1.000000e+00	0.000000e+00
678	-1.735860e+01	0.000000e+00	-3.799311e+00	7.333667e-01	0.000000e+00	4.769453e-01	0.000000e+00	0.000000e+00	-1.000000e+00	0.000000e+00	1.000000e+00	0.000000e+00
679	-1.662523e+01	0.000000e+00	-3.322366e+00	7.517486e-01	0.000000e+00	4.474121e-01	0.000000e+00	0.000000e+00	-1.000000e+00	0.000000e+00	1.000000e+00	0.000000e+00
680	-1.587348e+01	0.000000e+00	-2.874954e+00	7.689418e-01	0.000000e+00	4.171714e-01	0.000000e+00	0.000000e+00	-1.000000e+00	0.000000e+00	1.000000e+00	0.000000e+00
681	-1.510454e+01	0.000000e+00	-2.457783e+00	7.849191e-01	0.000000e+00	3.862712e-01	0.000000e+00	0.000000e+00	-1.000000e+00	0.000000e+00	1.000000e+00	0.000000e+00
682	-1.431962e+01	0.000000e+00	-2.071511e+00	7.996554e-01	0.000000e+00	3.547601e-01	0.000000e+00	0.000000e+00	-1.000000e+00	0.000000e+00	1.000000e+00	0.000000e+00
683	-1.351997e+01	0.000000e+00	-1.716751e+00	8.131272e-01	0.000000e+00	3.226882e-01	0.000000e+00	0.000000e+00	-1.000000e+00	0.000000e+00	1.000000e+00	0.000000e+00
684	-1.270684e+01	0.000000e+00	-1.394063e+00	8.253133e-01	0.000000e+00	2.901059e-01	0.000000e+00	0.000000e+00	-1.000000e+00	0.000000e+00	1.000000e+00	0.000000e+00
685	-1.188153e+01	0.000000e+00	-1.103957e+00	8.361944e-01	0.000000e+00	2.570650e-01	0.000000e+00	0.000000e+00	-1.000000e+00	0.000000e+00	1.000000e+00	0.000000e+00
686	-1.104533e+01	0.000000e+00	-8.468921e-01	8.457533e-01	0.000000e+00	2.236176e-01	0.000000e+00	0.000000e+00	-1.000000e+00	0.000000e+00	1.000000e+00	0.000000e+00
687	-1.019958e+01	0.000000e+00	-6.232745e-01	8.539749e-01	0.000000e+00	1.898166e-01	0.000000e+00	0.000000e+00	-1.000000e+00	0.000000e+00	1.000000e+00	0.000000e+00
688	-9.345603e+00	0.000000e+00	-4.334579e-01	8.608462e-01	0.000000e+00	1.557155e-01	0.000000e+00	0.000000e+00	-1.000000e+00	0.000000e+00	1.000000e+00	0.000000e+00
689	-8.484757e+00	0.000000e+00	-2.777425e-01	8.663563e-01	0.000000e+00	1.213681e-01	0.000000e+00	0.000000e+00	-1.000000e+00	0.000000e+00	1.000000e+00	0.000000e+00
690	-7.618400e+00	0.000000e+00	-1.563744e-01	8.704965e-01	0.000000e+00	8.682884e-02	0.000000e+00	0.000000e+00	-1.000000e+00	0.000000e+00	1.000000e+00	0.000000e+00
691	-6.747904e+00	0.000000e+00	-6.954554e-02	8.732603e-01	0.000000e+00	5.215228e-02	0.000000e+00	0.000000e+00	-1.000000e+00	0.000000e+00	1.000000e+00	0.000000e+00
692	-5.874643e+00	0.000000e+00	-1.739326e-02	8.746433e-01	0.000000e+00	1.739326e-02	0.000000e+00	0.000000e+00	-1.000000e+00	0.000000e+00	1.000000e+00	0.000000e+00
693	-5.000000e+00	0.000000e+00	0.000000e+00	1.776357e-15	0.000000e+00	0.000000e+00	0.000000e+00	0.000000e+00	-1.000000e+00	0.000000e+00	1.000000e+00	0.000000e+00
694	-5.000000e+00	0.000000e+00	0.000000e+00	1.724138e-01	0.000000e+00	0.000000e+00	0.000000e+00	0.000000e+00	-1.000000e+00	0.000000e+00	1.000000e+00	0.000000e+00
695	-4.827586e+00	0.000000e+00	0.000000e+00	1.724138e-01	0.000000e+00	0.000000e+00	0.000000e+00	0.000000e+00	-1.000000e+00	0.000000e+00	1.000000e+00	0.000000e+00
696	-4.655172e+00	0.000000e+00	0.000000e+00	1.724138e-01	0.000000e+00	0.000000e+00	0.000000e+00	0.000000e+00	-1.000000e+00	0.000000e+00	1.000000e+00	0.000000e+00
697	-4.482759e+00	0.000000e+00	0.000000e+00	1.724138e-01	0.000000e+00	0.000000e+00	0.000000e+00	0.000000e+00	-1.000000e+00	0.000000e+00	1.000000e+00	0.000000e+00
698	-4.310345e+00	0.000000e+00	0.000000e+00	1.724138e-01	0.000000e+00	0.000000e+00	0.000000e+00	0.000000e+00	-1.000000e+00	0.000000e+00	1.000000e+00	0.000000e+00
699	-4.137931e+00	0.000000e+00	0.000000e+00	1.724138e-01	0.000000e+00	0.000000e+00	0.000000e+00	0.000000e+00	-1.000000e+00	0.000000e+00	1.000000e+00	0.000000e+00
700	-3.965517e+00	0.000000e+00	0.000000e+00	1.724138e-01	0.000000e+00	0.000000e+00	0.000000e+00	0.000000e+00	-1.000000e+00	0.000000e+00	1.000000e+00	0.000000e+00
701	-3.793103e+00	0.000000e+00	0.000000e+00	1.724138e-01	0.000000e+00	0.000000e+00	0.000000e+00	0.000000e+00	-1.000000e+00	0.000000e+00	1.000000e+00	0.000000e+00
702	-3.620690e+00	0.000000e+00	0.000000e+00	1.724138e-01	0.000000e+00	0.000000e+00	0.000000e+00	0.000000e+00	-1.000000e+00	0.000000e+00	1.000000e+00	0.000000e+00
703	-3.448276e+00	0.000000e+00	0.000000e+00	1.724138e-01	0.000000e+00	0.000000e+00	0.000000e+00	0.000000e+00	-1.000000e+00	0.000000e+00	1.000000e+00	0.000000e+00
704	-3.275862e+00	0.000000e+00	0.000000e+00	1.724138e-01	0.000000e+00	0.000000e+00	0.000000e+00	0.000000e+00	-1.000000e+00	0.000000e+00	1.000000e+00	0.000000e+00
705	-3.103448e+00	0.000000e+00	0.000000e+00	1.724138e-01	0.000000e+00	0.000000e+00	0.000000e+00	0.000000e+00	-1.000000e+00	0.000000e+00	1.000000e+00	0.000000e+00
706	-2.931034e+00	0.000000e+00	0.000000e+00	1.724138e-01	0.000000e+00	0.000000e+00	0.000000e+00	0.000000e+00	-1.000000e+00	0.000000e+00	1.000000e+00	0.000000e+00
707	-2.758621e+00	0.000000e+00	0.000000e+00	1.724138e-01	0.000000e+00	0.000000e+00	0.000000e+00	0.000000e+00	-1.000000e+00	0.000000e+00	1.000000e+00	0.000000e+00
708	-2.586207e+00	0.000000e+00	0.000000e+00	1.724138e-01	0.000000e+00	0.000000e+00	0.000000e+00	0.000000e+00	-1.000000e+00	0.000000e+00	1.000000e+00	0.000000e+00
709	-2.413793e+00	0.000000e+00	0.000000e+00	1.724138e-01	0.000000e+00	0.000000e+00	0.000000e+00	0.000000e+00	-1.000000e+00	0.000000e+00	1.000000e+00	0.000000e+00
710	-2.241379e+00	0.000000e+00	0.000000e+00	1.724138e-01	0.000000e+00	0.000000e+00	0.000000e+00	0.000000e+00	-1.000000e+00	0.000000e+00	1.000000e+00	0.000000e+00
711	-2.068966e+00	0.000000e+00	0.000000e+00	1.724138e-01	0.000000e+00	0.000000e+00	0.000000e+00	0.000000e+00	-1.000000e+00	0.000000e+00	1.000000e+00	0.000000e+00
712	-1.896552e+00	0.000000e+00	0.000000e+00	1.724138e-01	0.000000e+00	0.000000e+00	0.000000e+00	0.000000e+00	-1.000000e+00	0.000000e+00	1.000000e+00	0.000000e+00
713	-1.724138e+00	0.000000e+00	0.000000e+00	1.724138e-01	0.000000e+00	0.000000e+00	0.000000e+00	0.000000e+00	-1.000000e+00	0.000000e+00	1.000000e+00	0.000000e+00
714	-1.551724e+00	0.000000e+00	0.000000e+00	1.724138e-01	0.000000e+00	0.000000e+00	0.000000e+00	0.000000e+00	-1.000000e+00	0.000000e+00	1.000000e+00	0.000000e+00
715	-1.379310e+00	0.000000e+00	0.000000e+00	1.724138e-01	0.000000e+00	0.000000e+00	0.000000e+00	0.000000e+00	-1.000000e+00	0.000000e+00	1.000000e+00	0.000000e+00
716	-1.206897e+00	0.000000e+00	0.000000e+00	1.724138e-01	0.000000e+00	0.000000e+00	0.000000e+00	0.000000e+00	-1.000000e+00	0.000000e+00	1.000000e+00	0.000000e+00
717	-1.034483e+00	0.000000e+00	0.000000e+00	1.724138e-01	0.000000e+00	0.000000e+00	0.000000e+00	0.000000e+00	-1.000000e+00	0.000000e+00	1.000000e+00	0.000000e+00
718	-8.620690e-01	0.000000e+00	0.000000e+00	1.724138e-01	0.000000e+00	0.000000e+00	0.000000e+00	0.000000e+00	-1.000000e+00	0.000000e+00	1.000000e+00	0.000000e+00
719	-6.896552e-01	0.000000e+00	0.000000e+00	1.724138e-01	0.000000e+00	0.000000e+00	0.000000e+00	0.000000e+00	-1.000000e+00	0.000000e+00	1.000000e+00	0.000000e+00
720	-5.172414e-01	0.000000e+00	0.000000e+00	1.724138e-01	0.000000e+00	0.000000e+00	0.000000e+00	0.000000e+00	-1.000000e+00	0.000000e+00	1.000000e+00	0.000000e+00
721	-3.448276e-01	0.000000e+00	0.000000e+00	1.724138e-01	0.000000e+00	0.000000e+00	0.000000e+00	0.000000e+00	-1.000000e+00	0.000000e+00	1.000000e+00	0.000000e+00
722	-1.724138e-01	0.000000e+00	0.000000e+00	1.724138e-01	0.000000e+00	0.000000e+00	0.000000e+00	0.000000e+00	-1.000000e+00	0.000000e+00	1.000000e+00	0.000000e+00
723	0.000000e+00	0.000000e+00	0.000000e+00	0.000000e+00	0.000000e+00	0.000000e+00	0.000000e+00	0.000000e+00	-1.000000e+00	0.000000e+00	1.000000e+00	0.000000e+00
